patient_id,study_id,dataset_id,patient_sex,age,machine,number_of_slices,slice_thickness,pixel_spacing_xy,pixel_spacing_z,rescale_slope,rescale_intercept,Normal,series_id,dataset_id_internal,kernel,Path,Achados,window_center,window_width,volumetric,x,y,z,Category,local_Path
1171,"1,28E+73",jpr_dados,F,43.0,Philips,163.0,2.0,0.48828125,10.000.000.000.000.000,1.0,-1024.0,True,,,,/home/neuro-source/main_source/datasets/sprap_2024_03/id_spr01171/id_spr01171_master_image.nii.gz,Normal,,,,,,,,D:/Backup/Mestrado/dados/JPR/dataset_jpr_train/dataset_jpr_train/3/001171
2125,"1,28E+72",jpr_dados,F,51.0,Philips,180.0,2.0,0.498046875,1.0,1.0,-1024.0,True,,,,/home/neuro-source/main_source/datasets/sprap_2024_03/id_spr02125/id_spr02125_master_image.nii.gz,Normal,,,,,,,,D:/Backup/Mestrado/dados/JPR/dataset_jpr_train/dataset_jpr_train/2/002125
1442,"1,28E+73",jpr_dados,M,46.0,GE MEDICAL SYSTEMS,137.0,1.25,0.488281,1.25,1.0,-1024.0,True,,,,/home/neuro-source/main_source/datasets/sprap_2024_03/id_spr01442/id_spr01442_master_image.nii.gz,Normal,,,,,,,,D:/Backup/Mestrado/dados/JPR/dataset_jpr_train/dataset_jpr_train/2/001442
873,"1,28E+73",jpr_dados,M,47.0,GE MEDICAL SYSTEMS,149.0,1.25,0.548828,1.25,1.0,-1024.0,True,,,,/home/neuro-source/main_source/datasets/sprap_2024_03/id_spr00873/id_spr00873_master_image.nii.gz,Normal,,,,,,,,D:/Backup/Mestrado/dados/JPR/dataset_jpr_train/dataset_jpr_train/3/000873
2332,"1,28E+73",jpr_dados,F,28.0,TOSHIBA,207.0,1.0,0.449,0.8,1.0,0.0,True,,,,/home/neuro-source/main_source/datasets/sprap_2024_03/id_spr02332/id_spr02332_master_image.nii.gz,Normal,,,,,,,,D:/Backup/Mestrado/dados/JPR/dataset_jpr_train/dataset_jpr_train/2/002332
1067,"1,28E+73",jpr_dados,M,23.0,GE MEDICAL SYSTEMS,157.0,1.25,0.488281,1.25,1.0,-1024.0,True,,,,/home/neuro-source/main_source/datasets/sprap_2024_03/id_spr01067/id_spr01067_master_image.nii.gz,Normal,,,,,,,,D:/Backup/Mestrado/dados/JPR/dataset_jpr_train/dataset_jpr_train/3/001067
454,"1,28E+73",jpr_dados,F,30.0,GE MEDICAL SYSTEMS,149.0,1.25,0.527344,1.25,1.0,-1024.0,True,,,,/home/neuro-source/main_source/datasets/sprap_2024_03/id_spr00454/id_spr00454_master_image.nii.gz,Normal,,,,,,,,D:/Backup/Mestrado/dados/JPR/dataset_jpr_train/dataset_jpr_train/3/000454
1897,"1,28E+73",jpr_dados,F,55.0,GE MEDICAL SYSTEMS,139.0,1.25,0.474609,1.25,1.0,-1024.0,True,,,,/home/neuro-source/main_source/datasets/sprap_2024_03/id_spr01897/id_spr01897_master_image.nii.gz,Normal,,,,,,,,D:/Backup/Mestrado/dados/JPR/dataset_jpr_train/dataset_jpr_train/2/001897
1636,"1,28E+73",jpr_dados,F,52.0,Philips,229.0,1.5,0.431641,0.75,1.0,-1024.0,True,,,,/home/neuro-source/main_source/datasets/sprap_2024_03/id_spr01636/id_spr01636_master_image.nii.gz,Normal,,,,,,,,D:/Backup/Mestrado/dados/JPR/dataset_jpr_train/dataset_jpr_train/2/001636
1168,"1,28E+73",jpr_dados,M,24.0,TOSHIBA,176.0,1.0,0.434,1.0,1.0,0.0,True,,,,/home/neuro-source/main_source/datasets/sprap_2024_03/id_spr01168/id_spr01168_master_image.nii.gz,Normal,,,,,,,,D:/Backup/Mestrado/dados/JPR/dataset_jpr_train/dataset_jpr_train/3/001168
516,"1,28E+73",jpr_dados,F,52.0,GE MEDICAL SYSTEMS,129.0,1.25,0.488281,1.25,1.0,-1024.0,True,,,,/home/neuro-source/main_source/datasets/sprap_2024_03/id_spr00516/id_spr00516_master_image.nii.gz,Normal,,,,,,,,D:/Backup/Mestrado/dados/JPR/dataset_jpr_train/dataset_jpr_train/3/000516
2361,"1,28E+73",jpr_dados,F,87.0,GE MEDICAL SYSTEMS,147.0,2.5,0.435546994209,1.25,1.0,-1024.0,True,,,,/home/neuro-source/main_source/datasets/sprap_2024_03/id_spr02361/id_spr02361_master_image.nii.gz,Normal,,,,,,,,D:/Backup/Mestrado/dados/JPR/dataset_jpr_train/dataset_jpr_train/1/002361
2605,"1,28E+73",jpr_dados,F,58.0,GE MEDICAL SYSTEMS,279.0,1.25,0.419921994209,0.625,1.0,-1024.0,True,,,,/home/neuro-source/main_source/datasets/sprap_2024_03/id_spr02605/id_spr02605_master_image.nii.gz,Normal,,,,,,,,D:/Backup/Mestrado/dados/JPR/dataset_jpr_train/dataset_jpr_train/1/002605
1882,"1,28E+73",jpr_dados,F,42.0,GE MEDICAL SYSTEMS,145.0,1.25,0.488281,1.25,1.0,-1024.0,True,,,,/home/neuro-source/main_source/datasets/sprap_2024_03/id_spr01882/id_spr01882_master_image.nii.gz,Normal,,,,,,,,D:/Backup/Mestrado/dados/JPR/dataset_jpr_train/dataset_jpr_train/2/001882
1078,"1,28E+73",jpr_dados,F,40.0,GE MEDICAL SYSTEMS,165.0,1.25,0.513672,1.25,1.0,-1024.0,True,,,,/home/neuro-source/main_source/datasets/sprap_2024_03/id_spr01078/id_spr01078_master_image.nii.gz,Normal,,,,,,,,D:/Backup/Mestrado/dados/JPR/dataset_jpr_train/dataset_jpr_train/3/001078
976,"1,28E+73",jpr_dados,M,24.0,GE MEDICAL SYSTEMS,149.0,1.25,0.488281,1.25,1.0,-1024.0,True,,,,/home/neuro-source/main_source/datasets/sprap_2024_03/id_spr00976/id_spr00976_master_image.nii.gz,Normal,,,,,,,,D:/Backup/Mestrado/dados/JPR/dataset_jpr_train/dataset_jpr_train/3/000976
670,"1,28E+73",jpr_dados,M,48.0,GE MEDICAL SYSTEMS,137.0,1.25,0.488281,1.25,1.0,-1024.0,True,,,,/home/neuro-source/main_source/datasets/sprap_2024_03/id_spr00670/id_spr00670_master_image.nii.gz,Normal,,,,,,,,D:/Backup/Mestrado/dados/JPR/dataset_jpr_train/dataset_jpr_train/3/000670
1689,"1,28E+73",jpr_dados,M,30.0,TOSHIBA,191.0,2.0,0.461,1.0,1.0,0.0,True,,,,/home/neuro-source/main_source/datasets/sprap_2024_03/id_spr01689/id_spr01689_master_image.nii.gz,Normal,,,,,,,,D:/Backup/Mestrado/dados/JPR/dataset_jpr_train/dataset_jpr_train/2/001689
1613,"1,28E+73",jpr_dados,F,23.0,GE MEDICAL SYSTEMS,125.0,1.25,0.455078,1.25,1.0,-1024.0,True,,,,/home/neuro-source/main_source/datasets/sprap_2024_03/id_spr01613/id_spr01613_master_image.nii.gz,Normal,,,,,,,,D:/Backup/Mestrado/dados/JPR/dataset_jpr_train/dataset_jpr_train/2/001613
967,"1,28E+73",jpr_dados,M,22.0,GE MEDICAL SYSTEMS,129.0,1.25,0.496094,1.25,1.0,-1024.0,True,,,,/home/neuro-source/main_source/datasets/sprap_2024_03/id_spr00967/id_spr00967_master_image.nii.gz,Normal,,,,,,,,D:/Backup/Mestrado/dados/JPR/dataset_jpr_train/dataset_jpr_train/3/000967
1314,"1,28E+73",jpr_dados,M,31.0,TOSHIBA,244.0,1.0,0.451,0.7999999999999999,1.0,0.0,True,,,,/home/neuro-source/main_source/datasets/sprap_2024_03/id_spr01314/id_spr01314_master_image.nii.gz,Normal,,,,,,,,D:/Backup/Mestrado/dados/JPR/dataset_jpr_train/dataset_jpr_train/3/001314
2356,"1,28E+73",jpr_dados,F,48.0,GE MEDICAL SYSTEMS,297.0,1.25,0.451171994209,0.625,1.0,-1024.0,True,,,,/home/neuro-source/main_source/datasets/sprap_2024_03/id_spr02356/id_spr02356_master_image.nii.gz,Normal,,,,,,,,D:/Backup/Mestrado/dados/JPR/dataset_jpr_train/dataset_jpr_train/2/002356
570,"1,28E+72",jpr_dados,F,30.0,Philips,238.0,1.5,0.48046875,0.7499999982700423,1.0,-1024.0,True,,,,/home/neuro-source/main_source/datasets/sprap_2024_03/id_spr00570/id_spr00570_master_image.nii.gz,Normal,,,,,,,,D:/Backup/Mestrado/dados/JPR/dataset_jpr_train/dataset_jpr_train/3/000570
1835,"1,28E+73",jpr_dados,F,47.0,GE MEDICAL SYSTEMS,141.0,1.25,0.455078,1.25,1.0,-1024.0,True,,,,/home/neuro-source/main_source/datasets/sprap_2024_03/id_spr01835/id_spr01835_master_image.nii.gz,Normal,,,,,,,,D:/Backup/Mestrado/dados/JPR/dataset_jpr_train/dataset_jpr_train/2/001835
2165,"1,28E+73",jpr_dados,M,44.0,SIEMENS,238.0,1.0,0.46484375,0.7,1.0,-1024.0,True,,,,/home/neuro-source/main_source/datasets/sprap_2024_03/id_spr02165/id_spr02165_master_image.nii.gz,Normal,,,,,,,,D:/Backup/Mestrado/dados/JPR/dataset_jpr_train/dataset_jpr_train/2/002165
614,"1,28E+73",jpr_dados,F,18.0,GE MEDICAL SYSTEMS,161.0,1.25,0.488281,1.25,1.0,-1024.0,True,,,,/home/neuro-source/main_source/datasets/sprap_2024_03/id_spr00614/id_spr00614_master_image.nii.gz,Normal,,,,,,,,D:/Backup/Mestrado/dados/JPR/dataset_jpr_train/dataset_jpr_train/3/000614
681,"1,28E+73",jpr_dados,F,34.0,Philips,168.0,2.0,0.48828125,10.000.000.023.952.000,1.0,-1024.0,True,,,,/home/neuro-source/main_source/datasets/sprap_2024_03/id_spr00681/id_spr00681_master_image.nii.gz,Normal,,,,,,,,D:/Backup/Mestrado/dados/JPR/dataset_jpr_train/dataset_jpr_train/3/000681
1843,"1,28E+73",jpr_dados,F,55.0,GE MEDICAL SYSTEMS,137.0,1.25,0.488281,1.25,1.0,-1024.0,True,,,,/home/neuro-source/main_source/datasets/sprap_2024_03/id_spr01843/id_spr01843_master_image.nii.gz,Normal,,,,,,,,D:/Backup/Mestrado/dados/JPR/dataset_jpr_train/dataset_jpr_train/2/001843
1748,"1,28E+73",jpr_dados,F,47.0,GE MEDICAL SYSTEMS,139.0,1.25,0.464844,1.25,1.0,-1024.0,True,,,,/home/neuro-source/main_source/datasets/sprap_2024_03/id_spr01748/id_spr01748_master_image.nii.gz,Normal,,,,,,,,D:/Backup/Mestrado/dados/JPR/dataset_jpr_train/dataset_jpr_train/2/001748
1809,"1,28E+73",jpr_dados,F,40.0,TOSHIBA,226.0,1.0,0.441,0.8,1.0,0.0,True,,,,/home/neuro-source/main_source/datasets/sprap_2024_03/id_spr01809/id_spr01809_master_image.nii.gz,Normal,,,,,,,,D:/Backup/Mestrado/dados/JPR/dataset_jpr_train/dataset_jpr_train/2/001809
1662,"1,28E+73",jpr_dados,F,39.0,GE MEDICAL SYSTEMS,138.0,1.25,0.503906,1.25,1.0,-1024.0,True,,,,/home/neuro-source/main_source/datasets/sprap_2024_03/id_spr01662/id_spr01662_master_image.nii.gz,Normal,,,,,,,,D:/Backup/Mestrado/dados/JPR/dataset_jpr_train/dataset_jpr_train/2/001662
2126,"1,28E+73",jpr_dados,F,31.0,Philips,168.0,2.0,0.455078125,1.0,1.0,-1024.0,True,,,,/home/neuro-source/main_source/datasets/sprap_2024_03/id_spr02126/id_spr02126_master_image.nii.gz,Normal,,,,,,,,D:/Backup/Mestrado/dados/JPR/dataset_jpr_train/dataset_jpr_train/2/002126
1369,"1,28E+73",jpr_dados,F,29.0,Philips,220.0,1.5,0.441406,0.75,1.0,-1024.0,True,,,,/home/neuro-source/main_source/datasets/sprap_2024_03/id_spr01369/id_spr01369_master_image.nii.gz,Normal,,,,,,,,D:/Backup/Mestrado/dados/JPR/dataset_jpr_train/dataset_jpr_train/2/001369
390,"1,28E+73",jpr_dados,F,46.0,Canon Medical Systems,181.0,2.0,0.518,1.0,1.0,0.0,True,,,,/home/neuro-source/main_source/datasets/sprap_2024_03/id_spr00390/id_spr00390_master_image.nii.gz,Normal,,,,,,,,D:/Backup/Mestrado/dados/JPR/dataset_jpr_train/dataset_jpr_train/3/000390
2532,"1,28E+73",jpr_dados,F,44.0,GE MEDICAL SYSTEMS,285.0,1.25,0.488281011581,0.625,1.0,-1024.0,True,,,,/home/neuro-source/main_source/datasets/sprap_2024_03/id_spr02532/id_spr02532_master_image.nii.gz,Normal,,,,,,,,D:/Backup/Mestrado/dados/JPR/dataset_jpr_train/dataset_jpr_train/1/002532
723,"1,28E+73",jpr_dados,M,56.0,GE MEDICAL SYSTEMS,149.0,1.25,0.46875,1.25,1.0,-1024.0,True,,,,/home/neuro-source/main_source/datasets/sprap_2024_03/id_spr00723/id_spr00723_master_image.nii.gz,Normal,,,,,,,,D:/Backup/Mestrado/dados/JPR/dataset_jpr_train/dataset_jpr_train/3/000723
431,"1,28E+73",jpr_dados,F,31.0,GE MEDICAL SYSTEMS,157.0,1.25,0.513672,1.25,1.0,-1024.0,True,,,,/home/neuro-source/main_source/datasets/sprap_2024_03/id_spr00431/id_spr00431_master_image.nii.gz,Normal,,,,,,,,D:/Backup/Mestrado/dados/JPR/dataset_jpr_train/dataset_jpr_train/3/000431
2287,"1,28E+73",jpr_dados,M,43.0,TOSHIBA,176.0,2.0,0.456,1.0,1.0,0.0,True,,,,/home/neuro-source/main_source/datasets/sprap_2024_03/id_spr02287/id_spr02287_master_image.nii.gz,Normal,,,,,,,,D:/Backup/Mestrado/dados/JPR/dataset_jpr_train/dataset_jpr_train/2/002287
2185,"1,28E+73",jpr_dados,M,48.0,SIEMENS,291.0,1.0,0.4765625,0.7,1.0,-1024.0,True,,,,/home/neuro-source/main_source/datasets/sprap_2024_03/id_spr02185/id_spr02185_master_image.nii.gz,Normal,,,,,,,,D:/Backup/Mestrado/dados/JPR/dataset_jpr_train/dataset_jpr_train/2/002185
646,"1,28E+73",jpr_dados,M,50.0,GE MEDICAL SYSTEMS,149.0,1.25,0.46875,1.25,1.0,-1024.0,True,,,,/home/neuro-source/main_source/datasets/sprap_2024_03/id_spr00646/id_spr00646_master_image.nii.gz,Normal,,,,,,,,D:/Backup/Mestrado/dados/JPR/dataset_jpr_train/dataset_jpr_train/3/000646
2073,"1,28E+73",jpr_dados,M,27.0,GE MEDICAL SYSTEMS,186.0,1.25,0.470703,1.0,1.0,-1024.0,True,,,,/home/neuro-source/main_source/datasets/sprap_2024_03/id_spr02073/id_spr02073_master_image.nii.gz,Normal,,,,,,,,D:/Backup/Mestrado/dados/JPR/dataset_jpr_train/dataset_jpr_train/2/002073
637,"1,28E+72",jpr_dados,F,21.0,Canon Medical Systems,186.0,1.0,0.459,1.0,1.0,0.0,True,,,,/home/neuro-source/main_source/datasets/sprap_2024_03/id_spr00637/id_spr00637_master_image.nii.gz,Normal,,,,,,,,D:/Backup/Mestrado/dados/JPR/dataset_jpr_train/dataset_jpr_train/3/000637
2352,"1,28E+73",jpr_dados,F,38.0,GE MEDICAL SYSTEMS,138.0,5.0,0.488281011581,0.0182481751824817,1.0,-1024.0,True,,,,/home/neuro-source/main_source/datasets/sprap_2024_03/id_spr02352/id_spr02352_master_image.nii.gz,Normal,,,,,,,,D:/Backup/Mestrado/dados/JPR/dataset_jpr_train/dataset_jpr_train/2/002352
2122,"1,28E+73",jpr_dados,F,27.0,Philips,194.0,2.0,0.462890625,1.0,1.0,-1024.0,True,,,,/home/neuro-source/main_source/datasets/sprap_2024_03/id_spr02122/id_spr02122_master_image.nii.gz,Normal,,,,,,,,D:/Backup/Mestrado/dados/JPR/dataset_jpr_train/dataset_jpr_train/2/002122
2590,"1,28E+73",jpr_dados,M,77.0,GE MEDICAL SYSTEMS,293.0,1.25,0.44726601243,0.625,1.0,-1024.0,True,,,,/home/neuro-source/main_source/datasets/sprap_2024_03/id_spr02590/id_spr02590_master_image.nii.gz,Normal,,,,,,,,D:/Backup/Mestrado/dados/JPR/dataset_jpr_train/dataset_jpr_train/1/002590
2069,"1,28E+73",jpr_dados,M,33.0,GE MEDICAL SYSTEMS,196.0,1.25,0.488281,1.0,1.0,-1024.0,True,,,,/home/neuro-source/main_source/datasets/sprap_2024_03/id_spr02069/id_spr02069_master_image.nii.gz,Normal,,,,,,,,D:/Backup/Mestrado/dados/JPR/dataset_jpr_train/dataset_jpr_train/2/002069
1705,"1,28E+73",jpr_dados,F,45.0,GE MEDICAL SYSTEMS,117.0,1.25,0.371094,1.25,1.0,-1024.0,True,,,,/home/neuro-source/main_source/datasets/sprap_2024_03/id_spr01705/id_spr01705_master_image.nii.gz,Normal,,,,,,,,D:/Backup/Mestrado/dados/JPR/dataset_jpr_train/dataset_jpr_train/2/001705
1674,"1,28E+73",jpr_dados,M,41.0,Canon Medical Systems,238.0,1.0,0.49,0.8,1.0,0.0,True,,,,/home/neuro-source/main_source/datasets/sprap_2024_03/id_spr01674/id_spr01674_master_image.nii.gz,Normal,,,,,,,,D:/Backup/Mestrado/dados/JPR/dataset_jpr_train/dataset_jpr_train/2/001674
528,"1,28E+73",jpr_dados,M,26.0,GE MEDICAL SYSTEMS,165.0,1.25,0.607422,1.25,1.0,-1024.0,True,,,,/home/neuro-source/main_source/datasets/sprap_2024_03/id_spr00528/id_spr00528_master_image.nii.gz,Normal,,,,,,,,D:/Backup/Mestrado/dados/JPR/dataset_jpr_train/dataset_jpr_train/3/000528
2151,"1,28E+72",jpr_dados,F,48.0,GE MEDICAL SYSTEMS,285.0,0.625,0.488281,0.625,1.0,-1024.0,True,,,,/home/neuro-source/main_source/datasets/sprap_2024_03/id_spr02151/id_spr02151_master_image.nii.gz,Normal,,,,,,,,D:/Backup/Mestrado/dados/JPR/dataset_jpr_train/dataset_jpr_train/2/002151
930,"1,28E+73",jpr_dados,F,42.0,GE MEDICAL SYSTEMS,141.0,1.25,0.488281,1.25,1.0,-1024.0,True,,,,/home/neuro-source/main_source/datasets/sprap_2024_03/id_spr00930/id_spr00930_master_image.nii.gz,Normal,,,,,,,,D:/Backup/Mestrado/dados/JPR/dataset_jpr_train/dataset_jpr_train/3/000930
1164,"1,28E+73",jpr_dados,F,33.0,GE MEDICAL SYSTEMS,163.0,1.25,0.541016,1.25,1.0,-1024.0,True,,,,/home/neuro-source/main_source/datasets/sprap_2024_03/id_spr01164/id_spr01164_master_image.nii.gz,Normal,,,,,,,,D:/Backup/Mestrado/dados/JPR/dataset_jpr_train/dataset_jpr_train/3/001164
753,"1,28E+73",jpr_dados,F,37.0,GE MEDICAL SYSTEMS,161.0,2.5,0.523438,1.0,1.0,-1024.0,True,,,,/home/neuro-source/main_source/datasets/sprap_2024_03/id_spr00753/id_spr00753_master_image.nii.gz,Normal,,,,,,,,D:/Backup/Mestrado/dados/JPR/dataset_jpr_train/dataset_jpr_train/3/000753
2288,"1,28E+73",jpr_dados,F,25.0,TOSHIBA,191.0,2.0,0.485,1.0,1.0,0.0,True,,,,/home/neuro-source/main_source/datasets/sprap_2024_03/id_spr02288/id_spr02288_master_image.nii.gz,Normal,,,,,,,,D:/Backup/Mestrado/dados/JPR/dataset_jpr_train/dataset_jpr_train/2/002288
1029,"1,28E+73",jpr_dados,M,47.0,GE MEDICAL SYSTEMS,165.0,1.25,0.488281,1.25,1.0,-1024.0,True,,,,/home/neuro-source/main_source/datasets/sprap_2024_03/id_spr01029/id_spr01029_master_image.nii.gz,Normal,,,,,,,,D:/Backup/Mestrado/dados/JPR/dataset_jpr_train/dataset_jpr_train/3/001029
603,"1,28E+72",jpr_dados,M,56.0,GE MEDICAL SYSTEMS,137.0,1.25,0.488281,1.25,1.0,-1024.0,True,,,,/home/neuro-source/main_source/datasets/sprap_2024_03/id_spr00603/id_spr00603_master_image.nii.gz,Normal,,,,,,,,D:/Backup/Mestrado/dados/JPR/dataset_jpr_train/dataset_jpr_train/3/000603
1362,"1,28E+73",jpr_dados,F,58.0,GE MEDICAL SYSTEMS,185.0,1.25,0.451172,1.0,1.0,-1024.0,True,,,,/home/neuro-source/main_source/datasets/sprap_2024_03/id_spr01362/id_spr01362_master_image.nii.gz,Normal,,,,,,,,D:/Backup/Mestrado/dados/JPR/dataset_jpr_train/dataset_jpr_train/2/001362
1516,"1,28E+73",jpr_dados,F,67.0,GE MEDICAL SYSTEMS,153.0,1.25,0.416016,1.0,1.0,-1024.0,True,,,,/home/neuro-source/main_source/datasets/sprap_2024_03/id_spr01516/id_spr01516_master_image.nii.gz,Normal,,,,,,,,D:/Backup/Mestrado/dados/JPR/dataset_jpr_train/dataset_jpr_train/2/001516
1693,"1,28E+72",jpr_dados,M,34.0,SIEMENS,269.0,1.0,0.44921875,0.7000000000000001,1.0,-1024.0,True,,,,/home/neuro-source/main_source/datasets/sprap_2024_03/id_spr01693/id_spr01693_master_image.nii.gz,Normal,,,,,,,,D:/Backup/Mestrado/dados/JPR/dataset_jpr_train/dataset_jpr_train/2/001693
918,"1,28E+73",jpr_dados,M,40.0,GE MEDICAL SYSTEMS,153.0,1.25,0.529297,1.25,1.0,-1024.0,True,,,,/home/neuro-source/main_source/datasets/sprap_2024_03/id_spr00918/id_spr00918_master_image.nii.gz,Normal,,,,,,,,D:/Backup/Mestrado/dados/JPR/dataset_jpr_train/dataset_jpr_train/3/000918
1733,"1,28E+73",jpr_dados,M,36.0,GE MEDICAL SYSTEMS,155.0,1.25,0.478516,1.25,1.0,-1024.0,True,,,,/home/neuro-source/main_source/datasets/sprap_2024_03/id_spr01733/id_spr01733_master_image.nii.gz,Normal,,,,,,,,D:/Backup/Mestrado/dados/JPR/dataset_jpr_train/dataset_jpr_train/2/001733
1183,"1,28E+73",jpr_dados,M,36.0,GE MEDICAL SYSTEMS,149.0,1.25,0.488281,1.25,1.0,-1024.0,True,,,,/home/neuro-source/main_source/datasets/sprap_2024_03/id_spr01183/id_spr01183_master_image.nii.gz,Normal,,,,,,,,D:/Backup/Mestrado/dados/JPR/dataset_jpr_train/dataset_jpr_train/3/001183
1275,"1,28E+73",jpr_dados,F,25.0,GE MEDICAL SYSTEMS,153.0,1.25,0.4375,1.25,1.0,-1024.0,True,,,,/home/neuro-source/main_source/datasets/sprap_2024_03/id_spr01275/id_spr01275_master_image.nii.gz,Normal,,,,,,,,D:/Backup/Mestrado/dados/JPR/dataset_jpr_train/dataset_jpr_train/3/001275
841,"1,28E+73",jpr_dados,F,42.0,GE MEDICAL SYSTEMS,149.0,1.25,0.503906,1.25,1.0,-1024.0,True,,,,/home/neuro-source/main_source/datasets/sprap_2024_03/id_spr00841/id_spr00841_master_image.nii.gz,Normal,,,,,,,,D:/Backup/Mestrado/dados/JPR/dataset_jpr_train/dataset_jpr_train/3/000841
1135,"1,28E+73",jpr_dados,M,28.0,Philips,194.0,2.0,0.48828125,0.9999999979274612,1.0,-1024.0,True,,,,/home/neuro-source/main_source/datasets/sprap_2024_03/id_spr01135/id_spr01135_master_image.nii.gz,Normal,,,,,,,,D:/Backup/Mestrado/dados/JPR/dataset_jpr_train/dataset_jpr_train/3/001135
416,"1,28E+73",jpr_dados,M,19.0,GE MEDICAL SYSTEMS,153.0,1.25,0.507812,1.25,1.0,-1024.0,True,,,,/home/neuro-source/main_source/datasets/sprap_2024_03/id_spr00416/id_spr00416_master_image.nii.gz,Normal,,,,,,,,D:/Backup/Mestrado/dados/JPR/dataset_jpr_train/dataset_jpr_train/3/000416
790,"1,28E+73",jpr_dados,F,20.0,GE MEDICAL SYSTEMS,151.0,1.25,0.525391,1.25,1.0,-1024.0,True,,,,/home/neuro-source/main_source/datasets/sprap_2024_03/id_spr00790/id_spr00790_master_image.nii.gz,Normal,,,,,,,,D:/Backup/Mestrado/dados/JPR/dataset_jpr_train/dataset_jpr_train/3/000790
829,"1,28E+72",jpr_dados,F,36.0,Philips,223.0,1.5,0.41796875,0.7499999981981982,1.0,-1024.0,True,,,,/home/neuro-source/main_source/datasets/sprap_2024_03/id_spr00829/id_spr00829_master_image.nii.gz,Normal,,,,,,,,D:/Backup/Mestrado/dados/JPR/dataset_jpr_train/dataset_jpr_train/3/000829
1484,"1,28E+73",jpr_dados,M,19.0,GE MEDICAL SYSTEMS,136.0,1.25,0.392578,1.25,1.0,-1024.0,True,,,,/home/neuro-source/main_source/datasets/sprap_2024_03/id_spr01484/id_spr01484_master_image.nii.gz,Normal,,,,,,,,D:/Backup/Mestrado/dados/JPR/dataset_jpr_train/dataset_jpr_train/2/001484
1449,"1,28E+73",jpr_dados,F,27.0,TOSHIBA,207.0,1.0,0.397,0.8,1.0,0.0,True,,,,/home/neuro-source/main_source/datasets/sprap_2024_03/id_spr01449/id_spr01449_master_image.nii.gz,Normal,,,,,,,,D:/Backup/Mestrado/dados/JPR/dataset_jpr_train/dataset_jpr_train/2/001449
627,"1,28E+73",jpr_dados,F,24.0,GE MEDICAL SYSTEMS,169.0,1.25,0.521484,1.25,1.0,-1024.0,True,,,,/home/neuro-source/main_source/datasets/sprap_2024_03/id_spr00627/id_spr00627_master_image.nii.gz,Normal,,,,,,,,D:/Backup/Mestrado/dados/JPR/dataset_jpr_train/dataset_jpr_train/3/000627
1399,"1,28E+73",jpr_dados,F,31.0,SIEMENS,265.0,1.0,0.4453125,0.6999999999999998,1.0,-1024.0,True,,,,/home/neuro-source/main_source/datasets/sprap_2024_03/id_spr01399/id_spr01399_master_image.nii.gz,Normal,,,,,,,,D:/Backup/Mestrado/dados/JPR/dataset_jpr_train/dataset_jpr_train/2/001399
2426,"1,28E+73",jpr_dados,F,51.0,GE MEDICAL SYSTEMS,257.0,1.25,0.40039101243,0.625,1.0,-1024.0,True,,,,/home/neuro-source/main_source/datasets/sprap_2024_03/id_spr02426/id_spr02426_master_image.nii.gz,Normal,,,,,,,,D:/Backup/Mestrado/dados/JPR/dataset_jpr_train/dataset_jpr_train/1/002426
1822,"1,28E+73",jpr_dados,F,27.0,GE MEDICAL SYSTEMS,119.0,1.25,0.382812,1.25,1.0,-1024.0,True,,,,/home/neuro-source/main_source/datasets/sprap_2024_03/id_spr01822/id_spr01822_master_image.nii.gz,Normal,,,,,,,,D:/Backup/Mestrado/dados/JPR/dataset_jpr_train/dataset_jpr_train/2/001822
1975,"1,28E+73",jpr_dados,F,20.0,GE MEDICAL SYSTEMS,145.0,1.25,0.464844,1.25,1.0,-1024.0,True,,,,/home/neuro-source/main_source/datasets/sprap_2024_03/id_spr01975/id_spr01975_master_image.nii.gz,Normal,,,,,,,,D:/Backup/Mestrado/dados/JPR/dataset_jpr_train/dataset_jpr_train/2/001975
738,"1,28E+73",jpr_dados,F,33.0,Canon Medical Systems,171.0,2.0,0.5,1.0,1.0,0.0,True,,,,/home/neuro-source/main_source/datasets/sprap_2024_03/id_spr00738/id_spr00738_master_image.nii.gz,Normal,,,,,,,,D:/Backup/Mestrado/dados/JPR/dataset_jpr_train/dataset_jpr_train/3/000738
2343,"1,28E+73",jpr_dados,M,32.0,GE MEDICAL SYSTEMS,279.0,1.25,0.488281,0.625,1.0,-1024.0,True,,,,/home/neuro-source/main_source/datasets/sprap_2024_03/id_spr02343/id_spr02343_master_image.nii.gz,Normal,,,,,,,,D:/Backup/Mestrado/dados/JPR/dataset_jpr_train/dataset_jpr_train/2/002343
530,"1,28E+73",jpr_dados,F,46.0,GE MEDICAL SYSTEMS,133.0,1.25,0.429688,1.25,1.0,-1024.0,True,,,,/home/neuro-source/main_source/datasets/sprap_2024_03/id_spr00530/id_spr00530_master_image.nii.gz,Normal,,,,,,,,D:/Backup/Mestrado/dados/JPR/dataset_jpr_train/dataset_jpr_train/3/000530
1965,"1,28E+73",jpr_dados,F,36.0,GE MEDICAL SYSTEMS,166.0,1.25,0.429688,1.0,1.0,-1024.0,True,,,,/home/neuro-source/main_source/datasets/sprap_2024_03/id_spr01965/id_spr01965_master_image.nii.gz,Normal,,,,,,,,D:/Backup/Mestrado/dados/JPR/dataset_jpr_train/dataset_jpr_train/2/001965
714,"1,28E+72",jpr_dados,F,33.0,GE MEDICAL SYSTEMS,145.0,1.25,0.421875,1.25,1.0,-1024.0,True,,,,/home/neuro-source/main_source/datasets/sprap_2024_03/id_spr00714/id_spr00714_master_image.nii.gz,Normal,,,,,,,,D:/Backup/Mestrado/dados/JPR/dataset_jpr_train/dataset_jpr_train/3/000714
1814,"1,28E+73",jpr_dados,F,38.0,SIEMENS,249.0,1.0,0.4140625,0.7,1.0,-1024.0,True,,,,/home/neuro-source/main_source/datasets/sprap_2024_03/id_spr01814/id_spr01814_master_image.nii.gz,Normal,,,,,,,,D:/Backup/Mestrado/dados/JPR/dataset_jpr_train/dataset_jpr_train/2/001814
1188,"1,28E+73",jpr_dados,M,27.0,GE MEDICAL SYSTEMS,157.0,1.25,0.607422,1.25,1.0,-1024.0,True,,,,/home/neuro-source/main_source/datasets/sprap_2024_03/id_spr01188/id_spr01188_master_image.nii.gz,Normal,,,,,,,,D:/Backup/Mestrado/dados/JPR/dataset_jpr_train/dataset_jpr_train/3/001188
561,"1,28E+73",jpr_dados,F,40.0,GE MEDICAL SYSTEMS,207.0,0.625,0.335938,0.625,1.0,-1024.0,True,,,,/home/neuro-source/main_source/datasets/sprap_2024_03/id_spr00561/id_spr00561_master_image.nii.gz,Normal,,,,,,,,D:/Backup/Mestrado/dados/JPR/dataset_jpr_train/dataset_jpr_train/3/000561
1600,"1,28E+73",jpr_dados,F,48.0,TOSHIBA,181.0,2.0,0.42,1.0,1.0,0.0,True,,,,/home/neuro-source/main_source/datasets/sprap_2024_03/id_spr01600/id_spr01600_master_image.nii.gz,Normal,,,,,,,,D:/Backup/Mestrado/dados/JPR/dataset_jpr_train/dataset_jpr_train/2/001600
1917,"1,28E+73",jpr_dados,M,37.0,TOSHIBA,232.0,1.0,0.481,0.8,1.0,0.0,True,,,,/home/neuro-source/main_source/datasets/sprap_2024_03/id_spr01917/id_spr01917_master_image.nii.gz,Normal,,,,,,,,D:/Backup/Mestrado/dados/JPR/dataset_jpr_train/dataset_jpr_train/2/001917
883,"1,28E+73",jpr_dados,M,27.0,Philips,256.0,1.5,0.44140625,0.75,1.0,-1024.0,True,,,,/home/neuro-source/main_source/datasets/sprap_2024_03/id_spr00883/id_spr00883_master_image.nii.gz,Normal,,,,,,,,D:/Backup/Mestrado/dados/JPR/dataset_jpr_train/dataset_jpr_train/3/000883
1155,"1,28E+73",jpr_dados,F,23.0,GE MEDICAL SYSTEMS,165.0,1.25,0.525391,1.25,1.0,-1024.0,True,,,,/home/neuro-source/main_source/datasets/sprap_2024_03/id_spr01155/id_spr01155_master_image.nii.gz,Normal,,,,,,,,D:/Backup/Mestrado/dados/JPR/dataset_jpr_train/dataset_jpr_train/3/001155
658,"1,28E+73",jpr_dados,M,45.0,GE MEDICAL SYSTEMS,161.0,1.25,0.625,1.25,1.0,-1024.0,True,,,,/home/neuro-source/main_source/datasets/sprap_2024_03/id_spr00658/id_spr00658_master_image.nii.gz,Normal,,,,,,,,D:/Backup/Mestrado/dados/JPR/dataset_jpr_train/dataset_jpr_train/3/000658
586,"1,28E+73",jpr_dados,F,32.0,GE MEDICAL SYSTEMS,125.0,1.25,0.429688,1.25,1.0,-1024.0,True,,,,/home/neuro-source/main_source/datasets/sprap_2024_03/id_spr00586/id_spr00586_master_image.nii.gz,Normal,,,,,,,,D:/Backup/Mestrado/dados/JPR/dataset_jpr_train/dataset_jpr_train/3/000586
1080,"1,28E+73",jpr_dados,F,37.0,GE MEDICAL SYSTEMS,134.0,1.25,0.513672,1.25,1.0,-1024.0,True,,,,/home/neuro-source/main_source/datasets/sprap_2024_03/id_spr01080/id_spr01080_master_image.nii.gz,Normal,,,,,,,,D:/Backup/Mestrado/dados/JPR/dataset_jpr_train/dataset_jpr_train/3/001080
2036,"1,28E+73",jpr_dados,M,43.0,GE MEDICAL SYSTEMS,129.0,1.25,0.488281,1.25,1.0,-1024.0,True,,,,/home/neuro-source/main_source/datasets/sprap_2024_03/id_spr02036/id_spr02036_master_image.nii.gz,Normal,,,,,,,,D:/Backup/Mestrado/dados/JPR/dataset_jpr_train/dataset_jpr_train/2/002036
1912,"1,28E+73",jpr_dados,F,43.0,GE MEDICAL SYSTEMS,137.0,1.25,0.488281,1.25,1.0,-1024.0,True,,,,/home/neuro-source/main_source/datasets/sprap_2024_03/id_spr01912/id_spr01912_master_image.nii.gz,Normal,,,,,,,,D:/Backup/Mestrado/dados/JPR/dataset_jpr_train/dataset_jpr_train/2/001912
1985,"1,28E+73",jpr_dados,F,30.0,TOSHIBA,238.0,1.0,0.429,0.8,1.0,0.0,True,,,,/home/neuro-source/main_source/datasets/sprap_2024_03/id_spr01985/id_spr01985_master_image.nii.gz,Normal,,,,,,,,D:/Backup/Mestrado/dados/JPR/dataset_jpr_train/dataset_jpr_train/2/001985
1565,"1,28E+73",jpr_dados,M,39.0,TOSHIBA,226.0,1.0,0.415,0.8,1.0,0.0,True,,,,/home/neuro-source/main_source/datasets/sprap_2024_03/id_spr01565/id_spr01565_master_image.nii.gz,Normal,,,,,,,,D:/Backup/Mestrado/dados/JPR/dataset_jpr_train/dataset_jpr_train/2/001565
571,"1,28E+73",jpr_dados,F,25.0,GE MEDICAL SYSTEMS,173.0,1.25,0.488281,1.25,1.0,-1024.0,True,,,,/home/neuro-source/main_source/datasets/sprap_2024_03/id_spr00571/id_spr00571_master_image.nii.gz,Normal,,,,,,,,D:/Backup/Mestrado/dados/JPR/dataset_jpr_train/dataset_jpr_train/3/000571
369,"1,28E+72",jpr_dados,F,37.0,GE MEDICAL SYSTEMS,145.0,1.25,0.46875,1.25,1.0,-1024.0,True,,,,/home/neuro-source/main_source/datasets/sprap_2024_03/id_spr00369/id_spr00369_master_image.nii.gz,Normal,,,,,,,,
2201,"1,28E+73",jpr_dados,F,18.0,TOSHIBA,213.0,1.0,0.401,0.8000000000000002,1.0,0.0,True,,,,/home/neuro-source/main_source/datasets/sprap_2024_03/id_spr02201/id_spr02201_master_image.nii.gz,Normal,,,,,,,,D:/Backup/Mestrado/dados/JPR/dataset_jpr_train/dataset_jpr_train/2/002201
1457,"1,28E+73",jpr_dados,F,41.0,GE MEDICAL SYSTEMS,281.0,0.625,0.46875,0.625,1.0,-1024.0,True,,,,/home/neuro-source/main_source/datasets/sprap_2024_03/id_spr01457/id_spr01457_master_image.nii.gz,Normal,,,,,,,,D:/Backup/Mestrado/dados/JPR/dataset_jpr_train/dataset_jpr_train/2/001457
839,"1,28E+72",jpr_dados,F,28.0,GE MEDICAL SYSTEMS,157.0,1.25,0.517578,1.25,1.0,-1024.0,True,,,,/home/neuro-source/main_source/datasets/sprap_2024_03/id_spr00839/id_spr00839_master_image.nii.gz,Normal,,,,,,,,D:/Backup/Mestrado/dados/JPR/dataset_jpr_train/dataset_jpr_train/3/000839
414,"1,28E+73",jpr_dados,M,49.0,Philips,219.0,2.0,0.509765625,1.0,1.0,-1024.0,True,,,,/home/neuro-source/main_source/datasets/sprap_2024_03/id_spr00414/id_spr00414_master_image.nii.gz,Normal,,,,,,,,D:/Backup/Mestrado/dados/JPR/dataset_jpr_train/dataset_jpr_train/3/000414
1310,"1,28E+73",jpr_dados,F,52.0,TOSHIBA,207.0,1.0,0.43,0.8,1.0,0.0,True,,,,/home/neuro-source/main_source/datasets/sprap_2024_03/id_spr01310/id_spr01310_master_image.nii.gz,Normal,,,,,,,,D:/Backup/Mestrado/dados/JPR/dataset_jpr_train/dataset_jpr_train/3/001310
1791,"1,28E+73",jpr_dados,M,37.0,SIEMENS,283.0,1.0,0.46875,0.7000000000000001,1.0,-1024.0,True,,,,/home/neuro-source/main_source/datasets/sprap_2024_03/id_spr01791/id_spr01791_master_image.nii.gz,Normal,,,,,,,,D:/Backup/Mestrado/dados/JPR/dataset_jpr_train/dataset_jpr_train/2/001791
720,"1,28E+73",jpr_dados,M,20.0,GE MEDICAL SYSTEMS,149.0,1.25,0.488281,1.25,1.0,-1024.0,True,,,,/home/neuro-source/main_source/datasets/sprap_2024_03/id_spr00720/id_spr00720_master_image.nii.gz,Normal,,,,,,,,D:/Backup/Mestrado/dados/JPR/dataset_jpr_train/dataset_jpr_train/3/000720
2584,"1,28E+73",jpr_dados,F,55.0,GE MEDICAL SYSTEMS,309.0,1.25,0.449218988419,0.625,1.0,-1024.0,True,,,,/home/neuro-source/main_source/datasets/sprap_2024_03/id_spr02584/id_spr02584_master_image.nii.gz,Normal,,,,,,,,D:/Backup/Mestrado/dados/JPR/dataset_jpr_train/dataset_jpr_train/1/002584
1245,"1,28E+73",jpr_dados,M,58.0,GE MEDICAL SYSTEMS,153.0,1.25,0.488281,1.25,1.0,-1024.0,True,,,,/home/neuro-source/main_source/datasets/sprap_2024_03/id_spr01245/id_spr01245_master_image.nii.gz,Normal,,,,,,,,D:/Backup/Mestrado/dados/JPR/dataset_jpr_train/dataset_jpr_train/3/001245
1081,"1,28E+73",jpr_dados,F,58.0,GE MEDICAL SYSTEMS,133.0,1.25,0.488281,1.25,1.0,-1024.0,True,,,,/home/neuro-source/main_source/datasets/sprap_2024_03/id_spr01081/id_spr01081_master_image.nii.gz,Normal,,,,,,,,D:/Backup/Mestrado/dados/JPR/dataset_jpr_train/dataset_jpr_train/3/001081
1290,"1,28E+73",jpr_dados,F,20.0,GE MEDICAL SYSTEMS,161.0,1.25,0.511719,1.25,1.0,-1024.0,True,,,,/home/neuro-source/main_source/datasets/sprap_2024_03/id_spr01290/id_spr01290_master_image.nii.gz,Normal,,,,,,,,D:/Backup/Mestrado/dados/JPR/dataset_jpr_train/dataset_jpr_train/3/001290
1488,"1,28E+73",jpr_dados,F,43.0,TOSHIBA,201.0,1.0,0.43,0.8,1.0,0.0,True,,,,/home/neuro-source/main_source/datasets/sprap_2024_03/id_spr01488/id_spr01488_master_image.nii.gz,Normal,,,,,,,,D:/Backup/Mestrado/dados/JPR/dataset_jpr_train/dataset_jpr_train/2/001488
2575,"1,28E+73",jpr_dados,M,77.0,GE MEDICAL SYSTEMS,135.0,2.5,0.429688006639,1.25,1.0,-1024.0,True,,,,/home/neuro-source/main_source/datasets/sprap_2024_03/id_spr02575/id_spr02575_master_image.nii.gz,Normal,,,,,,,,D:/Backup/Mestrado/dados/JPR/dataset_jpr_train/dataset_jpr_train/1/002575
1288,"1,28E+72",jpr_dados,F,24.0,TOSHIBA,161.0,1.0,0.468,1.0,1.0,0.0,True,,,,/home/neuro-source/main_source/datasets/sprap_2024_03/id_spr01288/id_spr01288_master_image.nii.gz,Normal,,,,,,,,D:/Backup/Mestrado/dados/JPR/dataset_jpr_train/dataset_jpr_train/3/001288
2399,"1,28E+73",jpr_dados,M,53.0,GE MEDICAL SYSTEMS,305.0,1.25,0.488281011581,0.625,1.0,-1024.0,True,,,,/home/neuro-source/main_source/datasets/sprap_2024_03/id_spr02399/id_spr02399_master_image.nii.gz,Normal,,,,,,,,D:/Backup/Mestrado/dados/JPR/dataset_jpr_train/dataset_jpr_train/1/002399
2130,"1,28E+73",jpr_dados,F,32.0,Philips,173.0,2.0,0.466796875,1.0,1.0,-1024.0,True,,,,/home/neuro-source/main_source/datasets/sprap_2024_03/id_spr02130/id_spr02130_master_image.nii.gz,Normal,,,,,,,,D:/Backup/Mestrado/dados/JPR/dataset_jpr_train/dataset_jpr_train/2/002130
1554,"1,28E+73",jpr_dados,M,35.0,TOSHIBA,219.0,1.0,0.413,0.7999999999999999,1.0,0.0,True,,,,/home/neuro-source/main_source/datasets/sprap_2024_03/id_spr01554/id_spr01554_master_image.nii.gz,Normal,,,,,,,,D:/Backup/Mestrado/dados/JPR/dataset_jpr_train/dataset_jpr_train/2/001554
445,"1,28E+73",jpr_dados,F,37.0,Philips,267.0,1.5,0.435546875,0.75,1.0,-1024.0,True,,,,/home/neuro-source/main_source/datasets/sprap_2024_03/id_spr00445/id_spr00445_master_image.nii.gz,Normal,,,,,,,,D:/Backup/Mestrado/dados/JPR/dataset_jpr_train/dataset_jpr_train/3/000445
1448,"1,28E+73",jpr_dados,F,56.0,Philips,264.0,1.5,0.472656,0.75,1.0,-1024.0,True,,,,/home/neuro-source/main_source/datasets/sprap_2024_03/id_spr01448/id_spr01448_master_image.nii.gz,Normal,,,,,,,,D:/Backup/Mestrado/dados/JPR/dataset_jpr_train/dataset_jpr_train/2/001448
608,"1,28E+73",jpr_dados,F,22.0,GE MEDICAL SYSTEMS,173.0,1.25,0.488281,1.25,1.0,-1024.0,True,,,,/home/neuro-source/main_source/datasets/sprap_2024_03/id_spr00608/id_spr00608_master_image.nii.gz,Normal,,,,,,,,D:/Backup/Mestrado/dados/JPR/dataset_jpr_train/dataset_jpr_train/3/000608
2550,"1,28E+73",jpr_dados,M,64.0,GE MEDICAL SYSTEMS,159.0,2.5,0.445311993361,1.25,1.0,-1024.0,True,,,,/home/neuro-source/main_source/datasets/sprap_2024_03/id_spr02550/id_spr02550_master_image.nii.gz,Normal,,,,,,,,D:/Backup/Mestrado/dados/JPR/dataset_jpr_train/dataset_jpr_train/1/002550
597,"1,28E+73",jpr_dados,M,36.0,GE MEDICAL SYSTEMS,136.0,1.25,0.419922,1.25,1.0,-1024.0,True,,,,/home/neuro-source/main_source/datasets/sprap_2024_03/id_spr00597/id_spr00597_master_image.nii.gz,Normal,,,,,,,,D:/Backup/Mestrado/dados/JPR/dataset_jpr_train/dataset_jpr_train/3/000597
769,"1,28E+73",jpr_dados,F,34.0,GE MEDICAL SYSTEMS,148.0,1.25,0.486328,1.25,1.0,-1024.0,True,,,,/home/neuro-source/main_source/datasets/sprap_2024_03/id_spr00769/id_spr00769_master_image.nii.gz,Normal,,,,,,,,D:/Backup/Mestrado/dados/JPR/dataset_jpr_train/dataset_jpr_train/3/000769
1726,"1,28E+73",jpr_dados,F,44.0,TOSHIBA,207.0,1.0,0.406,0.8,1.0,0.0,True,,,,/home/neuro-source/main_source/datasets/sprap_2024_03/id_spr01726/id_spr01726_master_image.nii.gz,Normal,,,,,,,,D:/Backup/Mestrado/dados/JPR/dataset_jpr_train/dataset_jpr_train/2/001726
945,"1,28E+73",jpr_dados,M,38.0,GE MEDICAL SYSTEMS,157.0,1.25,0.53125,1.25,1.0,-1024.0,True,,,,/home/neuro-source/main_source/datasets/sprap_2024_03/id_spr00945/id_spr00945_master_image.nii.gz,Normal,,,,,,,,D:/Backup/Mestrado/dados/JPR/dataset_jpr_train/dataset_jpr_train/3/000945
1393,"1,28E+73",jpr_dados,M,54.0,SIEMENS,264.0,1.0,0.443359375,0.7000000000000001,1.0,-1024.0,True,,,,/home/neuro-source/main_source/datasets/sprap_2024_03/id_spr01393/id_spr01393_master_image.nii.gz,Normal,,,,,,,,D:/Backup/Mestrado/dados/JPR/dataset_jpr_train/dataset_jpr_train/2/001393
2031,"1,28E+73",jpr_dados,F,30.0,TOSHIBA,226.0,1.0,0.43,0.8,1.0,0.0,True,,,,/home/neuro-source/main_source/datasets/sprap_2024_03/id_spr02031/id_spr02031_master_image.nii.gz,Normal,,,,,,,,D:/Backup/Mestrado/dados/JPR/dataset_jpr_train/dataset_jpr_train/2/002031
1358,"1,28E+73",jpr_dados,F,44.0,GE MEDICAL SYSTEMS,127.0,1.25,0.400391,1.25,1.0,-1024.0,True,,,,/home/neuro-source/main_source/datasets/sprap_2024_03/id_spr01358/id_spr01358_master_image.nii.gz,Normal,,,,,,,,D:/Backup/Mestrado/dados/JPR/dataset_jpr_train/dataset_jpr_train/2/001358
2074,"1,28E+73",jpr_dados,M,38.0,GE MEDICAL SYSTEMS,181.0,1.25,0.453125,1.0,1.0,-1024.0,True,,,,/home/neuro-source/main_source/datasets/sprap_2024_03/id_spr02074/id_spr02074_master_image.nii.gz,Normal,,,,,,,,D:/Backup/Mestrado/dados/JPR/dataset_jpr_train/dataset_jpr_train/2/002074
1253,"1,28E+73",jpr_dados,M,37.0,Canon Medical Systems,171.0,2.0,0.468,1.0,1.0,0.0,True,,,,/home/neuro-source/main_source/datasets/sprap_2024_03/id_spr01253/id_spr01253_master_image.nii.gz,Normal,,,,,,,,D:/Backup/Mestrado/dados/JPR/dataset_jpr_train/dataset_jpr_train/3/001253
2239,"1,28E+73",jpr_dados,M,29.0,GE MEDICAL SYSTEMS,160.0,1.25,0.457031,1.25,1.0,-1024.0,True,,,,/home/neuro-source/main_source/datasets/sprap_2024_03/id_spr02239/id_spr02239_master_image.nii.gz,Normal,,,,,,,,D:/Backup/Mestrado/dados/JPR/dataset_jpr_train/dataset_jpr_train/2/002239
413,"1,28E+72",jpr_dados,F,53.0,GE MEDICAL SYSTEMS,329.0,0.625,0.490234,0.625,1.0,-1024.0,True,,,,/home/neuro-source/main_source/datasets/sprap_2024_03/id_spr00413/id_spr00413_master_image.nii.gz,Normal,,,,,,,,D:/Backup/Mestrado/dados/JPR/dataset_jpr_train/dataset_jpr_train/3/000413
743,"1,28E+72",jpr_dados,F,31.0,GE MEDICAL SYSTEMS,129.0,1.25,0.46875,1.25,1.0,-1024.0,True,,,,/home/neuro-source/main_source/datasets/sprap_2024_03/id_spr00743/id_spr00743_master_image.nii.gz,Normal,,,,,,,,D:/Backup/Mestrado/dados/JPR/dataset_jpr_train/dataset_jpr_train/3/000743
2631,"1,28E+73",jpr_dados,M,52.0,GE MEDICAL SYSTEMS,289.0,1.25,0.488281011581,0.625,1.0,-1024.0,True,,,,/home/neuro-source/main_source/datasets/sprap_2024_03/id_spr02631/id_spr02631_master_image.nii.gz,Normal,,,,,,,,D:/Backup/Mestrado/dados/JPR/dataset_jpr_train/dataset_jpr_train/1/002631
2002,"1,28E+73",jpr_dados,M,41.0,GE MEDICAL SYSTEMS,239.0,1.25,0.472656,0.8,1.0,-1024.0,True,,,,/home/neuro-source/main_source/datasets/sprap_2024_03/id_spr02002/id_spr02002_master_image.nii.gz,Normal,,,,,,,,D:/Backup/Mestrado/dados/JPR/dataset_jpr_train/dataset_jpr_train/2/002002
1883,"1,28E+73",jpr_dados,M,43.0,GE MEDICAL SYSTEMS,391.0,0.625,0.488281,0.625,1.0,-1024.0,True,,,,/home/neuro-source/main_source/datasets/sprap_2024_03/id_spr01883/id_spr01883_master_image.nii.gz,Normal,,,,,,,,D:/Backup/Mestrado/dados/JPR/dataset_jpr_train/dataset_jpr_train/2/001883
565,"1,28E+73",jpr_dados,F,34.0,GE MEDICAL SYSTEMS,133.0,1.25,0.519531,1.25,1.0,-1024.0,True,,,,/home/neuro-source/main_source/datasets/sprap_2024_03/id_spr00565/id_spr00565_master_image.nii.gz,Normal,,,,,,,,D:/Backup/Mestrado/dados/JPR/dataset_jpr_train/dataset_jpr_train/3/000565
1370,"1,28E+73",jpr_dados,F,31.0,GE MEDICAL SYSTEMS,166.0,1.25,0.414062,1.0,1.0,-1024.0,True,,,,/home/neuro-source/main_source/datasets/sprap_2024_03/id_spr01370/id_spr01370_master_image.nii.gz,Normal,,,,,,,,D:/Backup/Mestrado/dados/JPR/dataset_jpr_train/dataset_jpr_train/2/001370
1490,"1,28E+73",jpr_dados,F,42.0,TOSHIBA,207.0,1.0,0.429,0.8,1.0,0.0,True,,,,/home/neuro-source/main_source/datasets/sprap_2024_03/id_spr01490/id_spr01490_master_image.nii.gz,Normal,,,,,,,,D:/Backup/Mestrado/dados/JPR/dataset_jpr_train/dataset_jpr_train/2/001490
954,"1,28E+73",jpr_dados,M,36.0,GE MEDICAL SYSTEMS,145.0,1.25,0.488281,1.25,1.0,-1024.0,True,,,,/home/neuro-source/main_source/datasets/sprap_2024_03/id_spr00954/id_spr00954_master_image.nii.gz,Normal,,,,,,,,D:/Backup/Mestrado/dados/JPR/dataset_jpr_train/dataset_jpr_train/3/000954
377,"1,28E+73",jpr_dados,F,40.0,GE MEDICAL SYSTEMS,145.0,1.25,0.472656,1.25,1.0,-1024.0,True,,,,/home/neuro-source/main_source/datasets/sprap_2024_03/id_spr00377/id_spr00377_master_image.nii.gz,Normal,,,,,,,,D:/Backup/Mestrado/dados/JPR/dataset_jpr_train/dataset_jpr_train/3/000377
1518,"1,28E+73",jpr_dados,F,67.0,GE MEDICAL SYSTEMS,168.0,1.25,0.488281,1.0,1.0,-1024.0,True,,,,/home/neuro-source/main_source/datasets/sprap_2024_03/id_spr01518/id_spr01518_master_image.nii.gz,Normal,,,,,,,,D:/Backup/Mestrado/dados/JPR/dataset_jpr_train/dataset_jpr_train/2/001518
1927,"1,28E+73",jpr_dados,F,25.0,GE MEDICAL SYSTEMS,166.0,1.25,0.419922,1.0,1.0,-1024.0,True,,,,/home/neuro-source/main_source/datasets/sprap_2024_03/id_spr01927/id_spr01927_master_image.nii.gz,Normal,,,,,,,,D:/Backup/Mestrado/dados/JPR/dataset_jpr_train/dataset_jpr_train/2/001927
2106,"1,28E+73",jpr_dados,F,45.0,Philips,207.0,1.5,0.443359,0.75,1.0,-1024.0,True,,,,/home/neuro-source/main_source/datasets/sprap_2024_03/id_spr02106/id_spr02106_master_image.nii.gz,Normal,,,,,,,,D:/Backup/Mestrado/dados/JPR/dataset_jpr_train/dataset_jpr_train/2/002106
506,"1,28E+73",jpr_dados,F,31.0,GE MEDICAL SYSTEMS,148.0,1.25,0.488281,1.25,1.0,-1024.0,True,,,,/home/neuro-source/main_source/datasets/sprap_2024_03/id_spr00506/id_spr00506_master_image.nii.gz,Normal,,,,,,,,D:/Backup/Mestrado/dados/JPR/dataset_jpr_train/dataset_jpr_train/3/000506
2098,"1,28E+73",jpr_dados,M,40.0,GE MEDICAL SYSTEMS,147.0,1.25,0.488281,1.25,1.0,-1024.0,True,,,,/home/neuro-source/main_source/datasets/sprap_2024_03/id_spr02098/id_spr02098_master_image.nii.gz,Normal,,,,,,,,D:/Backup/Mestrado/dados/JPR/dataset_jpr_train/dataset_jpr_train/2/002098
876,"1,28E+73",jpr_dados,M,35.0,GE MEDICAL SYSTEMS,153.0,1.25,0.572266,1.25,1.0,-1024.0,True,,,,/home/neuro-source/main_source/datasets/sprap_2024_03/id_spr00876/id_spr00876_master_image.nii.gz,Normal,,,,,,,,D:/Backup/Mestrado/dados/JPR/dataset_jpr_train/dataset_jpr_train/3/000876
1657,"1,28E+73",jpr_dados,F,38.0,TOSHIBA,194.0,1.0,0.43,0.7999999999999999,1.0,0.0,True,,,,/home/neuro-source/main_source/datasets/sprap_2024_03/id_spr01657/id_spr01657_master_image.nii.gz,Normal,,,,,,,,D:/Backup/Mestrado/dados/JPR/dataset_jpr_train/dataset_jpr_train/2/001657
1151,"1,28E+73",jpr_dados,F,54.0,Canon Medical Systems,161.0,2.0,0.429,1.0,1.0,0.0,True,,,,/home/neuro-source/main_source/datasets/sprap_2024_03/id_spr01151/id_spr01151_master_image.nii.gz,Normal,,,,,,,,D:/Backup/Mestrado/dados/JPR/dataset_jpr_train/dataset_jpr_train/3/001151
1090,"1,28E+73",jpr_dados,M,42.0,GE MEDICAL SYSTEMS,171.0,2.5,0.525391,1.0,1.0,-1024.0,True,,,,/home/neuro-source/main_source/datasets/sprap_2024_03/id_spr01090/id_spr01090_master_image.nii.gz,Normal,,,,,,,,D:/Backup/Mestrado/dados/JPR/dataset_jpr_train/dataset_jpr_train/3/001090
975,"1,28E+73",jpr_dados,F,32.0,GE MEDICAL SYSTEMS,141.0,1.25,0.582031,1.25,1.0,-1024.0,True,,,,/home/neuro-source/main_source/datasets/sprap_2024_03/id_spr00975/id_spr00975_master_image.nii.gz,Normal,,,,,,,,D:/Backup/Mestrado/dados/JPR/dataset_jpr_train/dataset_jpr_train/3/000975
1875,"1,28E+73",jpr_dados,M,50.0,GE MEDICAL SYSTEMS,136.0,1.25,0.417969,1.25,1.0,-1024.0,True,,,,/home/neuro-source/main_source/datasets/sprap_2024_03/id_spr01875/id_spr01875_master_image.nii.gz,Normal,,,,,,,,D:/Backup/Mestrado/dados/JPR/dataset_jpr_train/dataset_jpr_train/2/001875
2230,"1,28E+73",jpr_dados,F,24.0,GE MEDICAL SYSTEMS,138.0,1.25,0.429688,1.25,1.0,-1024.0,True,,,,/home/neuro-source/main_source/datasets/sprap_2024_03/id_spr02230/id_spr02230_master_image.nii.gz,Normal,,,,,,,,D:/Backup/Mestrado/dados/JPR/dataset_jpr_train/dataset_jpr_train/2/002230
2494,"1,28E+73",jpr_dados,F,41.0,GE MEDICAL SYSTEMS,293.0,1.25,0.4375,0.625,1.0,-1024.0,True,,,,/home/neuro-source/main_source/datasets/sprap_2024_03/id_spr02494/id_spr02494_master_image.nii.gz,Normal,,,,,,,,D:/Backup/Mestrado/dados/JPR/dataset_jpr_train/dataset_jpr_train/1/002494
1874,"1,28E+73",jpr_dados,F,37.0,GE MEDICAL SYSTEMS,176.0,1.25,0.441406,1.0,1.0,-1024.0,True,,,,/home/neuro-source/main_source/datasets/sprap_2024_03/id_spr01874/id_spr01874_master_image.nii.gz,Normal,,,,,,,,D:/Backup/Mestrado/dados/JPR/dataset_jpr_train/dataset_jpr_train/2/001874
1302,"1,28E+73",jpr_dados,F,43.0,GE MEDICAL SYSTEMS,141.0,1.25,0.501953,1.25,1.0,-1024.0,True,,,,/home/neuro-source/main_source/datasets/sprap_2024_03/id_spr01302/id_spr01302_master_image.nii.gz,Normal,,,,,,,,D:/Backup/Mestrado/dados/JPR/dataset_jpr_train/dataset_jpr_train/3/001302
750,"1,28E+73",jpr_dados,F,41.0,GE MEDICAL SYSTEMS,141.0,1.25,0.488281,1.25,1.0,-1024.0,True,,,,/home/neuro-source/main_source/datasets/sprap_2024_03/id_spr00750/id_spr00750_master_image.nii.gz,Normal,,,,,,,,D:/Backup/Mestrado/dados/JPR/dataset_jpr_train/dataset_jpr_train/3/000750
1614,"1,28E+72",jpr_dados,F,37.0,TOSHIBA,194.0,1.0,0.377,0.7999999999999999,1.0,0.0,True,,,,/home/neuro-source/main_source/datasets/sprap_2024_03/id_spr01614/id_spr01614_master_image.nii.gz,Normal,,,,,,,,D:/Backup/Mestrado/dados/JPR/dataset_jpr_train/dataset_jpr_train/2/001614
1366,"1,28E+73",jpr_dados,M,28.0,GE MEDICAL SYSTEMS,184.0,1.25,0.488281,1.0,1.0,-1024.0,True,,,,/home/neuro-source/main_source/datasets/sprap_2024_03/id_spr01366/id_spr01366_master_image.nii.gz,Normal,,,,,,,,D:/Backup/Mestrado/dados/JPR/dataset_jpr_train/dataset_jpr_train/2/001366
533,"1,28E+73",jpr_dados,F,68.0,GE MEDICAL SYSTEMS,137.0,1.25,0.460938,1.25,1.0,-1024.0,True,,,,/home/neuro-source/main_source/datasets/sprap_2024_03/id_spr00533/id_spr00533_master_image.nii.gz,Normal,,,,,,,,D:/Backup/Mestrado/dados/JPR/dataset_jpr_train/dataset_jpr_train/3/000533
2627,"1,28E+73",jpr_dados,F,71.0,GE MEDICAL SYSTEMS,301.0,1.25,0.441406011581,0.625,1.0,-1024.0,True,,,,/home/neuro-source/main_source/datasets/sprap_2024_03/id_spr02627/id_spr02627_master_image.nii.gz,Normal,,,,,,,,D:/Backup/Mestrado/dados/JPR/dataset_jpr_train/dataset_jpr_train/1/002627
2119,"1,28E+73",jpr_dados,M,52.0,Philips,188.0,2.0,0.45703125,1.0,1.0,-1024.0,True,,,,/home/neuro-source/main_source/datasets/sprap_2024_03/id_spr02119/id_spr02119_master_image.nii.gz,Normal,,,,,,,,D:/Backup/Mestrado/dados/JPR/dataset_jpr_train/dataset_jpr_train/2/002119
818,"1,28E+73",jpr_dados,M,34.0,GE MEDICAL SYSTEMS,153.0,1.25,0.513672,1.25,1.0,-1024.0,True,,,,/home/neuro-source/main_source/datasets/sprap_2024_03/id_spr00818/id_spr00818_master_image.nii.gz,Normal,,,,,,,,D:/Backup/Mestrado/dados/JPR/dataset_jpr_train/dataset_jpr_train/3/000818
881,"1,28E+73",jpr_dados,M,49.0,GE MEDICAL SYSTEMS,129.0,1.25,0.488281,1.25,1.0,-1024.0,True,,,,/home/neuro-source/main_source/datasets/sprap_2024_03/id_spr00881/id_spr00881_master_image.nii.gz,Normal,,,,,,,,D:/Backup/Mestrado/dados/JPR/dataset_jpr_train/dataset_jpr_train/3/000881
1529,"1,28E+73",jpr_dados,F,35.0,GE MEDICAL SYSTEMS,172.0,1.25,0.419922,1.0,1.0,-1024.0,True,,,,/home/neuro-source/main_source/datasets/sprap_2024_03/id_spr01529/id_spr01529_master_image.nii.gz,Normal,,,,,,,,D:/Backup/Mestrado/dados/JPR/dataset_jpr_train/dataset_jpr_train/2/001529
1270,"1,28E+73",jpr_dados,M,56.0,GE MEDICAL SYSTEMS,173.0,1.25,0.488281,1.25,1.0,-1024.0,True,,,,/home/neuro-source/main_source/datasets/sprap_2024_03/id_spr01270/id_spr01270_master_image.nii.gz,Normal,,,,,,,,D:/Backup/Mestrado/dados/JPR/dataset_jpr_train/dataset_jpr_train/3/001270
825,"1,28E+73",jpr_dados,M,41.0,Siemens Healthineers,203.0,2.0,0.42050084317032,1.000.000.253.345.220,1.0,-8192.0,True,,,,/home/neuro-source/main_source/datasets/sprap_2024_03/id_spr00825/id_spr00825_master_image.nii.gz,Normal,,,,,,,,D:/Backup/Mestrado/dados/JPR/dataset_jpr_train/dataset_jpr_train/3/000825
1453,"1,28E+73",jpr_dados,F,52.0,GE MEDICAL SYSTEMS,137.0,1.25,0.466797,1.25,1.0,-1024.0,True,,,,/home/neuro-source/main_source/datasets/sprap_2024_03/id_spr01453/id_spr01453_master_image.nii.gz,Normal,,,,,,,,D:/Backup/Mestrado/dados/JPR/dataset_jpr_train/dataset_jpr_train/2/001453
1255,"1,28E+73",jpr_dados,M,53.0,Philips,206.0,2.0,0.48828125,10.000.000.019.512.100,1.0,-1024.0,True,,,,/home/neuro-source/main_source/datasets/sprap_2024_03/id_spr01255/id_spr01255_master_image.nii.gz,Normal,,,,,,,,D:/Backup/Mestrado/dados/JPR/dataset_jpr_train/dataset_jpr_train/3/001255
1773,"1,28E+73",jpr_dados,F,36.0,GE MEDICAL SYSTEMS,165.0,1.25,0.488281,1.0,1.0,-1024.0,True,,,,/home/neuro-source/main_source/datasets/sprap_2024_03/id_spr01773/id_spr01773_master_image.nii.gz,Normal,,,,,,,,D:/Backup/Mestrado/dados/JPR/dataset_jpr_train/dataset_jpr_train/2/001773
1156,"1,28E+72",jpr_dados,F,27.0,GE MEDICAL SYSTEMS,153.0,1.25,0.513672,1.25,1.0,-1024.0,True,,,,/home/neuro-source/main_source/datasets/sprap_2024_03/id_spr01156/id_spr01156_master_image.nii.gz,Normal,,,,,,,,D:/Backup/Mestrado/dados/JPR/dataset_jpr_train/dataset_jpr_train/3/001156
833,"1,28E+73",jpr_dados,F,54.0,GE MEDICAL SYSTEMS,145.0,1.25,0.482422,1.25,1.0,-1024.0,True,,,,/home/neuro-source/main_source/datasets/sprap_2024_03/id_spr00833/id_spr00833_master_image.nii.gz,Normal,,,,,,,,D:/Backup/Mestrado/dados/JPR/dataset_jpr_train/dataset_jpr_train/3/000833
485,"1,28E+73",jpr_dados,M,49.0,Siemens Healthineers,154.0,2.0,0.39062480620155,10.000.010.838.133.300,1.0,-8192.0,True,,,,/home/neuro-source/main_source/datasets/sprap_2024_03/id_spr00485/id_spr00485_master_image.nii.gz,Normal,,,,,,,,D:/Backup/Mestrado/dados/JPR/dataset_jpr_train/dataset_jpr_train/3/000485
1891,"1,28E+73",jpr_dados,F,23.0,Canon Medical Systems,238.0,1.0,0.466,0.8,1.0,0.0,True,,,,/home/neuro-source/main_source/datasets/sprap_2024_03/id_spr01891/id_spr01891_master_image.nii.gz,Normal,,,,,,,,D:/Backup/Mestrado/dados/JPR/dataset_jpr_train/dataset_jpr_train/2/001891
1131,"1,28E+73",jpr_dados,F,29.0,Philips,161.0,2.0,0.48828125,10.000.003.825,1.0,-1024.0,True,,,,/home/neuro-source/main_source/datasets/sprap_2024_03/id_spr01131/id_spr01131_master_image.nii.gz,Normal,,,,,,,,D:/Backup/Mestrado/dados/JPR/dataset_jpr_train/dataset_jpr_train/3/001131
2043,"1,28E+73",jpr_dados,F,50.0,GE MEDICAL SYSTEMS,221.0,0.625,0.365234,0.625,1.0,-1024.0,True,,,,/home/neuro-source/main_source/datasets/sprap_2024_03/id_spr02043/id_spr02043_master_image.nii.gz,Normal,,,,,,,,D:/Backup/Mestrado/dados/JPR/dataset_jpr_train/dataset_jpr_train/2/002043
1878,"1,28E+73",jpr_dados,F,19.0,TOSHIBA,207.0,1.0,0.429,0.8,1.0,0.0,True,,,,/home/neuro-source/main_source/datasets/sprap_2024_03/id_spr01878/id_spr01878_master_image.nii.gz,Normal,,,,,,,,D:/Backup/Mestrado/dados/JPR/dataset_jpr_train/dataset_jpr_train/2/001878
1620,"1,28E+73",jpr_dados,F,31.0,TOSHIBA,201.0,1.0,0.388,0.8,1.0,0.0,True,,,,/home/neuro-source/main_source/datasets/sprap_2024_03/id_spr01620/id_spr01620_master_image.nii.gz,Normal,,,,,,,,D:/Backup/Mestrado/dados/JPR/dataset_jpr_train/dataset_jpr_train/2/001620
2262,"1,28E+73",jpr_dados,M,26.0,SIEMENS,176.0,1.0,0.46484375,1.0,1.0,-1024.0,True,,,,/home/neuro-source/main_source/datasets/sprap_2024_03/id_spr02262/id_spr02262_master_image.nii.gz,Normal,,,,,,,,D:/Backup/Mestrado/dados/JPR/dataset_jpr_train/dataset_jpr_train/2/002262
622,"1,28E+73",jpr_dados,F,50.0,GE MEDICAL SYSTEMS,129.0,1.25,0.625,1.25,1.0,-1024.0,True,,,,/home/neuro-source/main_source/datasets/sprap_2024_03/id_spr00622/id_spr00622_master_image.nii.gz,Normal,,,,,,,,D:/Backup/Mestrado/dados/JPR/dataset_jpr_train/dataset_jpr_train/3/000622
1673,"1,28E+73",jpr_dados,M,36.0,GE MEDICAL SYSTEMS,157.0,1.25,0.449219,1.25,1.0,-1024.0,True,,,,/home/neuro-source/main_source/datasets/sprap_2024_03/id_spr01673/id_spr01673_master_image.nii.gz,Normal,,,,,,,,D:/Backup/Mestrado/dados/JPR/dataset_jpr_train/dataset_jpr_train/2/001673
2433,"1,28E+73",jpr_dados,F,40.0,GE MEDICAL SYSTEMS,151.0,2.5,0.45898398757,1.25,1.0,-1024.0,True,,,,/home/neuro-source/main_source/datasets/sprap_2024_03/id_spr02433/id_spr02433_master_image.nii.gz,Normal,,,,,,,,D:/Backup/Mestrado/dados/JPR/dataset_jpr_train/dataset_jpr_train/1/002433
1946,"1,28E+73",jpr_dados,F,24.0,TOSHIBA,219.0,1.0,0.441,0.8,1.0,0.0,True,,,,/home/neuro-source/main_source/datasets/sprap_2024_03/id_spr01946/id_spr01946_master_image.nii.gz,Normal,,,,,,,,D:/Backup/Mestrado/dados/JPR/dataset_jpr_train/dataset_jpr_train/2/001946
1396,"1,28E+73",jpr_dados,F,40.0,GE MEDICAL SYSTEMS,134.0,1.25,0.458984,1.25,1.0,-1024.0,True,,,,/home/neuro-source/main_source/datasets/sprap_2024_03/id_spr01396/id_spr01396_master_image.nii.gz,Normal,,,,,,,,D:/Backup/Mestrado/dados/JPR/dataset_jpr_train/dataset_jpr_train/2/001396
1899,"1,28E+73",jpr_dados,F,27.0,GE MEDICAL SYSTEMS,305.0,0.625,0.449219,0.625,1.0,-1024.0,True,,,,/home/neuro-source/main_source/datasets/sprap_2024_03/id_spr01899/id_spr01899_master_image.nii.gz,Normal,,,,,,,,D:/Backup/Mestrado/dados/JPR/dataset_jpr_train/dataset_jpr_train/2/001899
2487,"1,28E+73",jpr_dados,M,59.0,GE MEDICAL SYSTEMS,297.0,2.5,0.488281011581,0.625,1.0,-1024.0,True,,,,/home/neuro-source/main_source/datasets/sprap_2024_03/id_spr02487/id_spr02487_master_image.nii.gz,Normal,,,,,,,,D:/Backup/Mestrado/dados/JPR/dataset_jpr_train/dataset_jpr_train/1/002487
1072,"1,28E+73",jpr_dados,F,51.0,Philips,226.0,1.5,0.41015625,0.7500000017777778,1.0,-1024.0,True,,,,/home/neuro-source/main_source/datasets/sprap_2024_03/id_spr01072/id_spr01072_master_image.nii.gz,Normal,,,,,,,,D:/Backup/Mestrado/dados/JPR/dataset_jpr_train/dataset_jpr_train/3/001072
461,"1,28E+73",jpr_dados,F,44.0,GE MEDICAL SYSTEMS,133.0,1.25,0.462891,1.25,1.0,-1024.0,True,,,,/home/neuro-source/main_source/datasets/sprap_2024_03/id_spr00461/id_spr00461_master_image.nii.gz,Normal,,,,,,,,D:/Backup/Mestrado/dados/JPR/dataset_jpr_train/dataset_jpr_train/3/000461
2577,"1,28E+73",jpr_dados,F,46.0,GE MEDICAL SYSTEMS,135.0,2.5,0.408203005791,1.25,1.0,-1024.0,True,,,,/home/neuro-source/main_source/datasets/sprap_2024_03/id_spr02577/id_spr02577_master_image.nii.gz,Normal,,,,,,,,D:/Backup/Mestrado/dados/JPR/dataset_jpr_train/dataset_jpr_train/1/002577
2041,"1,28E+73",jpr_dados,F,27.0,TOSHIBA,234.0,1.0,0.493,0.7999999999999999,1.0,0.0,True,,,,/home/neuro-source/main_source/datasets/sprap_2024_03/id_spr02041/id_spr02041_master_image.nii.gz,Normal,,,,,,,,D:/Backup/Mestrado/dados/JPR/dataset_jpr_train/dataset_jpr_train/2/002041
542,"1,28E+73",jpr_dados,F,37.0,Philips,237.0,1.5,0.470703125,0.75,1.0,-1024.0,True,,,,/home/neuro-source/main_source/datasets/sprap_2024_03/id_spr00542/id_spr00542_master_image.nii.gz,Normal,,,,,,,,D:/Backup/Mestrado/dados/JPR/dataset_jpr_train/dataset_jpr_train/3/000542
1504,"1,28E+73",jpr_dados,F,44.0,GE MEDICAL SYSTEMS,166.0,1.25,0.488281,1.0,1.0,-1024.0,True,,,,/home/neuro-source/main_source/datasets/sprap_2024_03/id_spr01504/id_spr01504_master_image.nii.gz,Normal,,,,,,,,D:/Backup/Mestrado/dados/JPR/dataset_jpr_train/dataset_jpr_train/2/001504
453,"1,28E+73",jpr_dados,F,40.0,Philips,166.0,2.0,0.44921875,10.000.000.024.242.400,1.0,-1024.0,True,,,,/home/neuro-source/main_source/datasets/sprap_2024_03/id_spr00453/id_spr00453_master_image.nii.gz,Normal,,,,,,,,D:/Backup/Mestrado/dados/JPR/dataset_jpr_train/dataset_jpr_train/3/000453
683,"1,28E+73",jpr_dados,F,39.0,GE MEDICAL SYSTEMS,137.0,1.25,0.488281,1.25,1.0,-1024.0,True,,,,/home/neuro-source/main_source/datasets/sprap_2024_03/id_spr00683/id_spr00683_master_image.nii.gz,Normal,,,,,,,,D:/Backup/Mestrado/dados/JPR/dataset_jpr_train/dataset_jpr_train/3/000683
1317,"1,28E+73",jpr_dados,M,39.0,TOSHIBA,238.0,1.0,0.478,0.7999999999999999,1.0,0.0,True,,,,/home/neuro-source/main_source/datasets/sprap_2024_03/id_spr01317/id_spr01317_master_image.nii.gz,Normal,,,,,,,,D:/Backup/Mestrado/dados/JPR/dataset_jpr_train/dataset_jpr_train/3/001317
2553,"1,28E+73",jpr_dados,F,54.0,GE MEDICAL SYSTEMS,139.0,2.5,0.625,1.25,1.0,-1024.0,True,,,,/home/neuro-source/main_source/datasets/sprap_2024_03/id_spr02553/id_spr02553_master_image.nii.gz,Normal,,,,,,,,D:/Backup/Mestrado/dados/JPR/dataset_jpr_train/dataset_jpr_train/1/002553
1009,"1,28E+73",jpr_dados,F,28.0,GE MEDICAL SYSTEMS,141.0,1.25,0.46875,1.25,1.0,-1024.0,True,,,,/home/neuro-source/main_source/datasets/sprap_2024_03/id_spr01009/id_spr01009_master_image.nii.gz,Normal,,,,,,,,D:/Backup/Mestrado/dados/JPR/dataset_jpr_train/dataset_jpr_train/3/001009
1227,"1,28E+73",jpr_dados,F,36.0,Canon Medical Systems,196.0,2.0,0.507,1.0,1.0,0.0,True,,,,/home/neuro-source/main_source/datasets/sprap_2024_03/id_spr01227/id_spr01227_master_image.nii.gz,Normal,,,,,,,,D:/Backup/Mestrado/dados/JPR/dataset_jpr_train/dataset_jpr_train/3/001227
372,"1,28E+73",jpr_dados,M,25.0,Philips,192.0,2.0,0.48828125,10.000.000.020.942.400,1.0,-1024.0,True,,,,/home/neuro-source/main_source/datasets/sprap_2024_03/id_spr00372/id_spr00372_master_image.nii.gz,Normal,,,,,,,,
849,"1,28E+73",jpr_dados,M,36.0,GE MEDICAL SYSTEMS,153.0,1.25,0.53125,1.25,1.0,-1024.0,True,,,,/home/neuro-source/main_source/datasets/sprap_2024_03/id_spr00849/id_spr00849_master_image.nii.gz,Normal,,,,,,,,D:/Backup/Mestrado/dados/JPR/dataset_jpr_train/dataset_jpr_train/3/000849
2372,"1,28E+73",jpr_dados,F,72.0,GE MEDICAL SYSTEMS,273.0,1.25,0.404296994209,0.625,1.0,-1024.0,True,,,,/home/neuro-source/main_source/datasets/sprap_2024_03/id_spr02372/id_spr02372_master_image.nii.gz,Normal,,,,,,,,D:/Backup/Mestrado/dados/JPR/dataset_jpr_train/dataset_jpr_train/1/002372
438,"1,28E+72",jpr_dados,M,43.0,GE MEDICAL SYSTEMS,213.0,1.25,0.589844,1.25,1.0,-1024.0,True,,,,/home/neuro-source/main_source/datasets/sprap_2024_03/id_spr00438/id_spr00438_master_image.nii.gz,Normal,,,,,,,,D:/Backup/Mestrado/dados/JPR/dataset_jpr_train/dataset_jpr_train/3/000438
2329,"1,28E+73",jpr_dados,M,42.0,TOSHIBA,196.0,2.0,0.454,1.0,1.0,0.0,True,,,,/home/neuro-source/main_source/datasets/sprap_2024_03/id_spr02329/id_spr02329_master_image.nii.gz,Normal,,,,,,,,D:/Backup/Mestrado/dados/JPR/dataset_jpr_train/dataset_jpr_train/2/002329
1578,"1,28E+73",jpr_dados,F,54.0,GE MEDICAL SYSTEMS,121.0,1.25,0.421875,1.25,1.0,-1024.0,True,,,,/home/neuro-source/main_source/datasets/sprap_2024_03/id_spr01578/id_spr01578_master_image.nii.gz,Normal,,,,,,,,D:/Backup/Mestrado/dados/JPR/dataset_jpr_train/dataset_jpr_train/2/001578
2462,"1,28E+72",jpr_dados,F,56.0,GE MEDICAL SYSTEMS,295.0,1.25,0.445311993361,0.625,1.0,-1024.0,True,,,,/home/neuro-source/main_source/datasets/sprap_2024_03/id_spr02462/id_spr02462_master_image.nii.gz,Normal,,,,,,,,D:/Backup/Mestrado/dados/JPR/dataset_jpr_train/dataset_jpr_train/1/002462
2495,"1,28E+73",jpr_dados,F,44.0,GE MEDICAL SYSTEMS,281.0,1.25,0.488281011581,0.625,1.0,-1024.0,True,,,,/home/neuro-source/main_source/datasets/sprap_2024_03/id_spr02495/id_spr02495_master_image.nii.gz,Normal,,,,,,,,D:/Backup/Mestrado/dados/JPR/dataset_jpr_train/dataset_jpr_train/1/002495
2099,"1,28E+73",jpr_dados,F,45.0,GE MEDICAL SYSTEMS,135.0,1.25,0.488281,1.25,1.0,-1024.0,True,,,,/home/neuro-source/main_source/datasets/sprap_2024_03/id_spr02099/id_spr02099_master_image.nii.gz,Normal,,,,,,,,D:/Backup/Mestrado/dados/JPR/dataset_jpr_train/dataset_jpr_train/2/002099
1682,"1,28E+73",jpr_dados,F,20.0,TOSHIBA,207.0,1.0,0.382,0.8,1.0,0.0,True,,,,/home/neuro-source/main_source/datasets/sprap_2024_03/id_spr01682/id_spr01682_master_image.nii.gz,Normal,,,,,,,,D:/Backup/Mestrado/dados/JPR/dataset_jpr_train/dataset_jpr_train/2/001682
1152,"1,28E+73",jpr_dados,M,38.0,GE MEDICAL SYSTEMS,149.0,1.25,0.488281,1.25,1.0,-1024.0,True,,,,/home/neuro-source/main_source/datasets/sprap_2024_03/id_spr01152/id_spr01152_master_image.nii.gz,Normal,,,,,,,,D:/Backup/Mestrado/dados/JPR/dataset_jpr_train/dataset_jpr_train/3/001152
1355,"1,28E+73",jpr_dados,F,49.0,Canon Medical Systems,232.0,1.0,0.412,0.7999999999999998,1.0,0.0,True,,,,/home/neuro-source/main_source/datasets/sprap_2024_03/id_spr01355/id_spr01355_master_image.nii.gz,Normal,,,,,,,,D:/Backup/Mestrado/dados/JPR/dataset_jpr_train/dataset_jpr_train/2/001355
1185,"1,28E+72",jpr_dados,F,43.0,Philips,215.0,1.5,0.4453125,0.75,1.0,-1024.0,True,,,,/home/neuro-source/main_source/datasets/sprap_2024_03/id_spr01185/id_spr01185_master_image.nii.gz,Normal,,,,,,,,D:/Backup/Mestrado/dados/JPR/dataset_jpr_train/dataset_jpr_train/3/001185
1951,"1,28E+73",jpr_dados,F,28.0,GE MEDICAL SYSTEMS,186.0,1.25,0.439453,1.0,1.0,-1024.0,True,,,,/home/neuro-source/main_source/datasets/sprap_2024_03/id_spr01951/id_spr01951_master_image.nii.gz,Normal,,,,,,,,D:/Backup/Mestrado/dados/JPR/dataset_jpr_train/dataset_jpr_train/2/001951
2638,"1,28E+72",jpr_dados,M,53.0,GE MEDICAL SYSTEMS,145.0,2.5,0.488281011581,1.25,1.0,-1024.0,True,,,,/home/neuro-source/main_source/datasets/sprap_2024_03/id_spr02638/id_spr02638_master_image.nii.gz,Normal,,,,,,,,D:/Backup/Mestrado/dados/JPR/dataset_jpr_train/dataset_jpr_train/1/002638
1769,"1,28E+73",jpr_dados,F,28.0,GE MEDICAL SYSTEMS,148.0,1.25,0.488281,1.25,1.0,-1024.0,True,,,,/home/neuro-source/main_source/datasets/sprap_2024_03/id_spr01769/id_spr01769_master_image.nii.gz,Normal,,,,,,,,D:/Backup/Mestrado/dados/JPR/dataset_jpr_train/dataset_jpr_train/2/001769
2007,"1,28E+73",jpr_dados,F,29.0,TOSHIBA,238.0,1.0,0.47,0.8,1.0,0.0,True,,,,/home/neuro-source/main_source/datasets/sprap_2024_03/id_spr02007/id_spr02007_master_image.nii.gz,Normal,,,,,,,,D:/Backup/Mestrado/dados/JPR/dataset_jpr_train/dataset_jpr_train/2/002007
2578,"1,28E+73",jpr_dados,M,87.0,GE MEDICAL SYSTEMS,151.0,2.5,0.496093988419,1.25,1.0,-1024.0,True,,,,/home/neuro-source/main_source/datasets/sprap_2024_03/id_spr02578/id_spr02578_master_image.nii.gz,Normal,,,,,,,,D:/Backup/Mestrado/dados/JPR/dataset_jpr_train/dataset_jpr_train/1/002578
675,"1,28E+73",jpr_dados,M,48.0,GE MEDICAL SYSTEMS,173.0,1.25,0.488281,1.25,1.0,-1024.0,True,,,,/home/neuro-source/main_source/datasets/sprap_2024_03/id_spr00675/id_spr00675_master_image.nii.gz,Normal,,,,,,,,D:/Backup/Mestrado/dados/JPR/dataset_jpr_train/dataset_jpr_train/3/000675
2448,"1,28E+73",jpr_dados,M,74.0,GE MEDICAL SYSTEMS,149.0,2.5,0.44726601243,1.25,1.0,-1024.0,True,,,,/home/neuro-source/main_source/datasets/sprap_2024_03/id_spr02448/id_spr02448_master_image.nii.gz,Normal,,,,,,,,D:/Backup/Mestrado/dados/JPR/dataset_jpr_train/dataset_jpr_train/1/002448
862,"1,28E+73",jpr_dados,F,50.0,GE MEDICAL SYSTEMS,125.0,1.25,0.445312,1.25,1.0,-1024.0,True,,,,/home/neuro-source/main_source/datasets/sprap_2024_03/id_spr00862/id_spr00862_master_image.nii.gz,Normal,,,,,,,,D:/Backup/Mestrado/dados/JPR/dataset_jpr_train/dataset_jpr_train/3/000862
2438,"1,28E+73",jpr_dados,F,37.0,GE MEDICAL SYSTEMS,301.0,1.25,0.451171994209,0.625,1.0,-1024.0,True,,,,/home/neuro-source/main_source/datasets/sprap_2024_03/id_spr02438/id_spr02438_master_image.nii.gz,Normal,,,,,,,,D:/Backup/Mestrado/dados/JPR/dataset_jpr_train/dataset_jpr_train/1/002438
2075,"1,28E+73",jpr_dados,F,26.0,GE MEDICAL SYSTEMS,131.0,1.25,0.4375,1.25,1.0,-1024.0,True,,,,/home/neuro-source/main_source/datasets/sprap_2024_03/id_spr02075/id_spr02075_master_image.nii.gz,Normal,,,,,,,,D:/Backup/Mestrado/dados/JPR/dataset_jpr_train/dataset_jpr_train/2/002075
923,"1,28E+73",jpr_dados,F,25.0,GE MEDICAL SYSTEMS,149.0,1.25,0.503906,1.25,1.0,-1024.0,True,,,,/home/neuro-source/main_source/datasets/sprap_2024_03/id_spr00923/id_spr00923_master_image.nii.gz,Normal,,,,,,,,D:/Backup/Mestrado/dados/JPR/dataset_jpr_train/dataset_jpr_train/3/000923
552,"1,28E+73",jpr_dados,M,48.0,GE MEDICAL SYSTEMS,161.0,1.25,0.601562,1.25,1.0,-1024.0,True,,,,/home/neuro-source/main_source/datasets/sprap_2024_03/id_spr00552/id_spr00552_master_image.nii.gz,Normal,,,,,,,,D:/Backup/Mestrado/dados/JPR/dataset_jpr_train/dataset_jpr_train/3/000552
2013,"1,28E+73",jpr_dados,M,26.0,GE MEDICAL SYSTEMS,430.0,0.625,0.488281,0.625,1.0,-1024.0,True,,,,/home/neuro-source/main_source/datasets/sprap_2024_03/id_spr02013/id_spr02013_master_image.nii.gz,Normal,,,,,,,,D:/Backup/Mestrado/dados/JPR/dataset_jpr_train/dataset_jpr_train/2/002013
1210,"1,28E+73",jpr_dados,M,33.0,GE MEDICAL SYSTEMS,145.0,1.25,0.488281,1.25,1.0,-1024.0,True,,,,/home/neuro-source/main_source/datasets/sprap_2024_03/id_spr01210/id_spr01210_master_image.nii.gz,Normal,,,,,,,,D:/Backup/Mestrado/dados/JPR/dataset_jpr_train/dataset_jpr_train/3/001210
418,"1,28E+73",jpr_dados,M,27.0,GE MEDICAL SYSTEMS,145.0,1.25,0.488281,1.25,1.0,-1024.0,True,,,,/home/neuro-source/main_source/datasets/sprap_2024_03/id_spr00418/id_spr00418_master_image.nii.gz,Normal,,,,,,,,D:/Backup/Mestrado/dados/JPR/dataset_jpr_train/dataset_jpr_train/3/000418
1920,"1,28E+73",jpr_dados,F,46.0,TOSHIBA,232.0,1.0,0.466,0.8,1.0,0.0,True,,,,/home/neuro-source/main_source/datasets/sprap_2024_03/id_spr01920/id_spr01920_master_image.nii.gz,Normal,,,,,,,,D:/Backup/Mestrado/dados/JPR/dataset_jpr_train/dataset_jpr_train/2/001920
1649,"1,28E+73",jpr_dados,F,26.0,GE MEDICAL SYSTEMS,145.0,1.25,0.421875,1.25,1.0,-1024.0,True,,,,/home/neuro-source/main_source/datasets/sprap_2024_03/id_spr01649/id_spr01649_master_image.nii.gz,Normal,,,,,,,,D:/Backup/Mestrado/dados/JPR/dataset_jpr_train/dataset_jpr_train/2/001649
2291,"1,28E+72",jpr_dados,M,22.0,TOSHIBA,176.0,2.0,0.451,1.0,1.0,0.0,True,,,,/home/neuro-source/main_source/datasets/sprap_2024_03/id_spr02291/id_spr02291_master_image.nii.gz,Normal,,,,,,,,D:/Backup/Mestrado/dados/JPR/dataset_jpr_train/dataset_jpr_train/2/002291
1133,"1,28E+73",jpr_dados,M,26.0,GE MEDICAL SYSTEMS,141.0,1.25,0.488281,1.25,1.0,-1024.0,True,,,,/home/neuro-source/main_source/datasets/sprap_2024_03/id_spr01133/id_spr01133_master_image.nii.gz,Normal,,,,,,,,D:/Backup/Mestrado/dados/JPR/dataset_jpr_train/dataset_jpr_train/3/001133
879,"1,28E+72",jpr_dados,F,40.0,Philips,244.0,1.5,0.48828125,0.7500000008230454,1.0,-1024.0,True,,,,/home/neuro-source/main_source/datasets/sprap_2024_03/id_spr00879/id_spr00879_master_image.nii.gz,Normal,,,,,,,,D:/Backup/Mestrado/dados/JPR/dataset_jpr_train/dataset_jpr_train/3/000879
1036,"1,28E+73",jpr_dados,M,27.0,TOSHIBA,171.0,1.0,0.439,1.0,1.0,0.0,True,,,,/home/neuro-source/main_source/datasets/sprap_2024_03/id_spr01036/id_spr01036_master_image.nii.gz,Normal,,,,,,,,D:/Backup/Mestrado/dados/JPR/dataset_jpr_train/dataset_jpr_train/3/001036
1176,"1,28E+72",jpr_dados,M,36.0,GE MEDICAL SYSTEMS,157.0,1.25,0.537109,1.25,1.0,-1024.0,True,,,,/home/neuro-source/main_source/datasets/sprap_2024_03/id_spr01176/id_spr01176_master_image.nii.gz,Normal,,,,,,,,D:/Backup/Mestrado/dados/JPR/dataset_jpr_train/dataset_jpr_train/3/001176
1276,"1,28E+73",jpr_dados,M,27.0,Philips,170.0,2.0,0.48828125,1.0,1.0,-1024.0,True,,,,/home/neuro-source/main_source/datasets/sprap_2024_03/id_spr01276/id_spr01276_master_image.nii.gz,Normal,,,,,,,,D:/Backup/Mestrado/dados/JPR/dataset_jpr_train/dataset_jpr_train/3/001276
765,"1,28E+73",jpr_dados,M,23.0,Canon Medical Systems,201.0,2.0,0.478,1.0,1.0,0.0,True,,,,/home/neuro-source/main_source/datasets/sprap_2024_03/id_spr00765/id_spr00765_master_image.nii.gz,Normal,,,,,,,,D:/Backup/Mestrado/dados/JPR/dataset_jpr_train/dataset_jpr_train/3/000765
742,"1,28E+73",jpr_dados,F,42.0,GE MEDICAL SYSTEMS,289.0,1.25,0.488281,0.625,1.0,-1024.0,True,,,,/home/neuro-source/main_source/datasets/sprap_2024_03/id_spr00742/id_spr00742_master_image.nii.gz,Normal,,,,,,,,D:/Backup/Mestrado/dados/JPR/dataset_jpr_train/dataset_jpr_train/3/000742
1058,"1,28E+73",jpr_dados,F,22.0,Philips,170.0,2.0,0.48828125,10.000.000.011.834.300,1.0,-1024.0,True,,,,/home/neuro-source/main_source/datasets/sprap_2024_03/id_spr01058/id_spr01058_master_image.nii.gz,Normal,,,,,,,,D:/Backup/Mestrado/dados/JPR/dataset_jpr_train/dataset_jpr_train/3/001058
989,"1,28E+73",jpr_dados,F,30.0,GE MEDICAL SYSTEMS,157.0,1.25,0.53125,1.25,1.0,-1024.0,True,,,,/home/neuro-source/main_source/datasets/sprap_2024_03/id_spr00989/id_spr00989_master_image.nii.gz,Normal,,,,,,,,D:/Backup/Mestrado/dados/JPR/dataset_jpr_train/dataset_jpr_train/3/000989
1400,"1,28E+73",jpr_dados,F,40.0,SIEMENS,274.0,1.0,0.46875,0.7000000000000005,1.0,-1024.0,True,,,,/home/neuro-source/main_source/datasets/sprap_2024_03/id_spr01400/id_spr01400_master_image.nii.gz,Normal,,,,,,,,D:/Backup/Mestrado/dados/JPR/dataset_jpr_train/dataset_jpr_train/2/001400
463,"1,28E+73",jpr_dados,F,51.0,GE MEDICAL SYSTEMS,133.0,1.25,0.488281,1.25,1.0,-1024.0,True,,,,/home/neuro-source/main_source/datasets/sprap_2024_03/id_spr00463/id_spr00463_master_image.nii.gz,Normal,,,,,,,,D:/Backup/Mestrado/dados/JPR/dataset_jpr_train/dataset_jpr_train/3/000463
1573,"1,28E+73",jpr_dados,F,39.0,GE MEDICAL SYSTEMS,145.0,1.25,0.46875,1.25,1.0,-1024.0,True,,,,/home/neuro-source/main_source/datasets/sprap_2024_03/id_spr01573/id_spr01573_master_image.nii.gz,Normal,,,,,,,,D:/Backup/Mestrado/dados/JPR/dataset_jpr_train/dataset_jpr_train/2/001573
1949,"1,28E+73",jpr_dados,F,47.0,GE MEDICAL SYSTEMS,145.0,1.25,0.410156,1.25,1.0,-1024.0,True,,,,/home/neuro-source/main_source/datasets/sprap_2024_03/id_spr01949/id_spr01949_master_image.nii.gz,Normal,,,,,,,,D:/Backup/Mestrado/dados/JPR/dataset_jpr_train/dataset_jpr_train/2/001949
2220,"1,28E+73",jpr_dados,F,26.0,GE MEDICAL SYSTEMS,144.0,1.25,0.451172,1.25,1.0,-1024.0,True,,,,/home/neuro-source/main_source/datasets/sprap_2024_03/id_spr02220/id_spr02220_master_image.nii.gz,Normal,,,,,,,,D:/Backup/Mestrado/dados/JPR/dataset_jpr_train/dataset_jpr_train/2/002220
451,"1,28E+73",jpr_dados,M,39.0,GE MEDICAL SYSTEMS,169.0,1.25,0.501953,1.25,1.0,-1024.0,True,,,,/home/neuro-source/main_source/datasets/sprap_2024_03/id_spr00451/id_spr00451_master_image.nii.gz,Normal,,,,,,,,D:/Backup/Mestrado/dados/JPR/dataset_jpr_train/dataset_jpr_train/3/000451
1887,"1,28E+73",jpr_dados,F,62.0,Canon Medical Systems,219.0,1.0,0.448,0.7999999999999999,1.0,0.0,True,,,,/home/neuro-source/main_source/datasets/sprap_2024_03/id_spr01887/id_spr01887_master_image.nii.gz,Normal,,,,,,,,D:/Backup/Mestrado/dados/JPR/dataset_jpr_train/dataset_jpr_train/2/001887
2226,"1,28E+73",jpr_dados,F,29.0,GE MEDICAL SYSTEMS,140.0,1.25,0.46875,1.25,1.0,-1024.0,True,,,,/home/neuro-source/main_source/datasets/sprap_2024_03/id_spr02226/id_spr02226_master_image.nii.gz,Normal,,,,,,,,D:/Backup/Mestrado/dados/JPR/dataset_jpr_train/dataset_jpr_train/2/002226
1012,"1,28E+73",jpr_dados,F,39.0,GE MEDICAL SYSTEMS,137.0,1.25,0.525391,1.25,1.0,-1024.0,True,,,,/home/neuro-source/main_source/datasets/sprap_2024_03/id_spr01012/id_spr01012_master_image.nii.gz,Normal,,,,,,,,D:/Backup/Mestrado/dados/JPR/dataset_jpr_train/dataset_jpr_train/3/001012
1929,"1,28E+73",jpr_dados,F,60.0,GE MEDICAL SYSTEMS,136.0,1.25,0.478516,1.25,1.0,-1024.0,True,,,,/home/neuro-source/main_source/datasets/sprap_2024_03/id_spr01929/id_spr01929_master_image.nii.gz,Normal,,,,,,,,D:/Backup/Mestrado/dados/JPR/dataset_jpr_train/dataset_jpr_train/2/001929
842,"1,28E+72",jpr_dados,F,50.0,Canon Medical Systems,171.0,1.0,0.463,1.0,1.0,0.0,True,,,,/home/neuro-source/main_source/datasets/sprap_2024_03/id_spr00842/id_spr00842_master_image.nii.gz,Normal,,,,,,,,D:/Backup/Mestrado/dados/JPR/dataset_jpr_train/dataset_jpr_train/3/000842
895,"1,28E+73",jpr_dados,M,23.0,GE MEDICAL SYSTEMS,129.0,1.25,0.488281,1.25,1.0,-1024.0,True,,,,/home/neuro-source/main_source/datasets/sprap_2024_03/id_spr00895/id_spr00895_master_image.nii.gz,Normal,,,,,,,,D:/Backup/Mestrado/dados/JPR/dataset_jpr_train/dataset_jpr_train/3/000895
616,"1,28E+73",jpr_dados,F,46.0,GE MEDICAL SYSTEMS,157.0,1.25,0.488281,1.25,1.0,-1024.0,True,,,,/home/neuro-source/main_source/datasets/sprap_2024_03/id_spr00616/id_spr00616_master_image.nii.gz,Normal,,,,,,,,D:/Backup/Mestrado/dados/JPR/dataset_jpr_train/dataset_jpr_train/3/000616
685,"1,28E+73",jpr_dados,M,43.0,Philips,175.0,2.0,0.48828125,1.0,1.0,-1024.0,True,,,,/home/neuro-source/main_source/datasets/sprap_2024_03/id_spr00685/id_spr00685_master_image.nii.gz,Normal,,,,,,,,D:/Backup/Mestrado/dados/JPR/dataset_jpr_train/dataset_jpr_train/3/000685
1846,"1,28E+73",jpr_dados,F,25.0,TOSHIBA,232.0,1.0,0.404,0.8,1.0,0.0,True,,,,/home/neuro-source/main_source/datasets/sprap_2024_03/id_spr01846/id_spr01846_master_image.nii.gz,Normal,,,,,,,,D:/Backup/Mestrado/dados/JPR/dataset_jpr_train/dataset_jpr_train/2/001846
589,"1,28E+73",jpr_dados,M,40.0,GE MEDICAL SYSTEMS,157.0,1.25,0.525391,1.25,1.0,-1024.0,True,,,,/home/neuro-source/main_source/datasets/sprap_2024_03/id_spr00589/id_spr00589_master_image.nii.gz,Normal,,,,,,,,D:/Backup/Mestrado/dados/JPR/dataset_jpr_train/dataset_jpr_train/3/000589
1858,"1,28E+73",jpr_dados,M,20.0,GE MEDICAL SYSTEMS,181.0,1.25,0.488281,1.0,1.0,-1024.0,True,,,,/home/neuro-source/main_source/datasets/sprap_2024_03/id_spr01858/id_spr01858_master_image.nii.gz,Normal,,,,,,,,D:/Backup/Mestrado/dados/JPR/dataset_jpr_train/dataset_jpr_train/2/001858
1420,"1,28E+73",jpr_dados,M,53.0,TOSHIBA,238.0,1.0,0.468,0.8,1.0,0.0,True,,,,/home/neuro-source/main_source/datasets/sprap_2024_03/id_spr01420/id_spr01420_master_image.nii.gz,Normal,,,,,,,,D:/Backup/Mestrado/dados/JPR/dataset_jpr_train/dataset_jpr_train/2/001420
2477,"1,28E+73",jpr_dados,F,55.0,GE MEDICAL SYSTEMS,139.0,2.5,0.429688006639,1.25,1.0,-1024.0,True,,,,/home/neuro-source/main_source/datasets/sprap_2024_03/id_spr02477/id_spr02477_master_image.nii.gz,Normal,,,,,,,,D:/Backup/Mestrado/dados/JPR/dataset_jpr_train/dataset_jpr_train/1/002477
934,"1,28E+73",jpr_dados,F,37.0,GE MEDICAL SYSTEMS,173.0,1.25,0.488281,1.25,1.0,-1024.0,True,,,,/home/neuro-source/main_source/datasets/sprap_2024_03/id_spr00934/id_spr00934_master_image.nii.gz,Normal,,,,,,,,D:/Backup/Mestrado/dados/JPR/dataset_jpr_train/dataset_jpr_train/3/000934
869,"1,28E+73",jpr_dados,F,40.0,GE MEDICAL SYSTEMS,216.0,2.5,0.488281,1.0,1.0,-1024.0,True,,,,/home/neuro-source/main_source/datasets/sprap_2024_03/id_spr00869/id_spr00869_master_image.nii.gz,Normal,,,,,,,,D:/Backup/Mestrado/dados/JPR/dataset_jpr_train/dataset_jpr_train/3/000869
1511,"1,28E+71",jpr_dados,F,66.0,TOSHIBA,181.0,2.0,0.406,1.0,1.0,0.0,True,,,,/home/neuro-source/main_source/datasets/sprap_2024_03/id_spr01511/id_spr01511_master_image.nii.gz,Normal,,,,,,,,D:/Backup/Mestrado/dados/JPR/dataset_jpr_train/dataset_jpr_train/2/001511
444,"1,28E+73",jpr_dados,F,43.0,GE MEDICAL SYSTEMS,141.0,1.25,0.46875,1.25,1.0,-1024.0,True,,,,/home/neuro-source/main_source/datasets/sprap_2024_03/id_spr00444/id_spr00444_master_image.nii.gz,Normal,,,,,,,,D:/Backup/Mestrado/dados/JPR/dataset_jpr_train/dataset_jpr_train/3/000444
1525,"1,28E+73",jpr_dados,F,58.0,TOSHIBA,361.0,1.0,0.439,0.5,1.0,0.0,True,,,,/home/neuro-source/main_source/datasets/sprap_2024_03/id_spr01525/id_spr01525_master_image.nii.gz,Normal,,,,,,,,D:/Backup/Mestrado/dados/JPR/dataset_jpr_train/dataset_jpr_train/2/001525
845,"1,28E+73",jpr_dados,F,47.0,GE MEDICAL SYSTEMS,169.0,1.25,0.488281,1.25,1.0,-1024.0,True,,,,/home/neuro-source/main_source/datasets/sprap_2024_03/id_spr00845/id_spr00845_master_image.nii.gz,Normal,,,,,,,,D:/Backup/Mestrado/dados/JPR/dataset_jpr_train/dataset_jpr_train/3/000845
1061,"1,28E+73",jpr_dados,F,24.0,Canon Medical Systems,216.0,2.0,0.465,1.0,1.0,0.0,True,,,,/home/neuro-source/main_source/datasets/sprap_2024_03/id_spr01061/id_spr01061_master_image.nii.gz,Normal,,,,,,,,D:/Backup/Mestrado/dados/JPR/dataset_jpr_train/dataset_jpr_train/3/001061
1762,"1,28E+73",jpr_dados,F,31.0,TOSHIBA,551.0,0.5,0.38,0.3,1.0,0.0,True,,,,/home/neuro-source/main_source/datasets/sprap_2024_03/id_spr01762/id_spr01762_master_image.nii.gz,Normal,,,,,,,,D:/Backup/Mestrado/dados/JPR/dataset_jpr_train/dataset_jpr_train/2/001762
1175,"1,28E+73",jpr_dados,M,40.0,Canon Medical Systems,191.0,2.0,0.539,1.0,1.0,0.0,True,,,,/home/neuro-source/main_source/datasets/sprap_2024_03/id_spr01175/id_spr01175_master_image.nii.gz,Normal,,,,,,,,D:/Backup/Mestrado/dados/JPR/dataset_jpr_train/dataset_jpr_train/3/001175
1122,"1,28E+73",jpr_dados,F,40.0,GE MEDICAL SYSTEMS,133.0,1.25,0.425781,1.25,1.0,-1024.0,True,,,,/home/neuro-source/main_source/datasets/sprap_2024_03/id_spr01122/id_spr01122_master_image.nii.gz,Normal,,,,,,,,D:/Backup/Mestrado/dados/JPR/dataset_jpr_train/dataset_jpr_train/3/001122
410,"1,28E+73",jpr_dados,F,43.0,GE MEDICAL SYSTEMS,161.0,1.25,0.488281,1.25,1.0,-1024.0,True,,,,/home/neuro-source/main_source/datasets/sprap_2024_03/id_spr00410/id_spr00410_master_image.nii.gz,Normal,,,,,,,,D:/Backup/Mestrado/dados/JPR/dataset_jpr_train/dataset_jpr_train/3/000410
716,"1,28E+73",jpr_dados,F,24.0,GE MEDICAL SYSTEMS,149.0,1.25,0.615234,1.25,1.0,-1024.0,True,,,,/home/neuro-source/main_source/datasets/sprap_2024_03/id_spr00716/id_spr00716_master_image.nii.gz,Normal,,,,,,,,D:/Backup/Mestrado/dados/JPR/dataset_jpr_train/dataset_jpr_train/3/000716
1170,"1,28E+72",jpr_dados,M,31.0,Canon Medical Systems,171.0,2.0,0.459,1.0,1.0,0.0,True,,,,/home/neuro-source/main_source/datasets/sprap_2024_03/id_spr01170/id_spr01170_master_image.nii.gz,Normal,,,,,,,,D:/Backup/Mestrado/dados/JPR/dataset_jpr_train/dataset_jpr_train/3/001170
2206,"1,28E+73",jpr_dados,M,40.0,GE MEDICAL SYSTEMS,144.0,1.25,0.488281,1.25,1.0,-1024.0,True,,,,/home/neuro-source/main_source/datasets/sprap_2024_03/id_spr02206/id_spr02206_master_image.nii.gz,Normal,,,,,,,,D:/Backup/Mestrado/dados/JPR/dataset_jpr_train/dataset_jpr_train/2/002206
2381,"1,28E+73",jpr_dados,F,50.0,GE MEDICAL SYSTEMS,165.0,2.5,0.488281011581,1.25,1.0,-1024.0,True,,,,/home/neuro-source/main_source/datasets/sprap_2024_03/id_spr02381/id_spr02381_master_image.nii.gz,Normal,,,,,,,,D:/Backup/Mestrado/dados/JPR/dataset_jpr_train/dataset_jpr_train/1/002381
1588,"1,28E+73",jpr_dados,F,30.0,GE MEDICAL SYSTEMS,169.0,1.25,0.449219,1.25,1.0,-1024.0,True,,,,/home/neuro-source/main_source/datasets/sprap_2024_03/id_spr01588/id_spr01588_master_image.nii.gz,Normal,,,,,,,,D:/Backup/Mestrado/dados/JPR/dataset_jpr_train/dataset_jpr_train/2/001588
861,"1,28E+73",jpr_dados,F,49.0,GE MEDICAL SYSTEMS,133.0,1.25,0.488281,1.25,1.0,-1024.0,True,,,,/home/neuro-source/main_source/datasets/sprap_2024_03/id_spr00861/id_spr00861_master_image.nii.gz,Normal,,,,,,,,D:/Backup/Mestrado/dados/JPR/dataset_jpr_train/dataset_jpr_train/3/000861
562,"1,28E+73",jpr_dados,F,29.0,GE MEDICAL SYSTEMS,153.0,1.25,0.488281,1.25,1.0,-1024.0,True,,,,/home/neuro-source/main_source/datasets/sprap_2024_03/id_spr00562/id_spr00562_master_image.nii.gz,Normal,,,,,,,,D:/Backup/Mestrado/dados/JPR/dataset_jpr_train/dataset_jpr_train/3/000562
1927,"1,28E+73",jpr_dados,F,25.0,GE MEDICAL SYSTEMS,166.0,1.25,0.419922,1.0,1.0,-1024.0,True,,,,/home/neuro-source/main_source/datasets/sprap_2024_03/id_spr01927/id_spr01927_master_image.nii.gz,Normal,,,,,,,,D:/Backup/Mestrado/dados/JPR/dataset_jpr_train/dataset_jpr_train/2/001927
1169,"1,28E+73",jpr_dados,M,46.0,Philips,229.0,1.5,0.451171875,0.750000000877193,1.0,-1024.0,True,,,,/home/neuro-source/main_source/datasets/sprap_2024_03/id_spr01169/id_spr01169_master_image.nii.gz,Normal,,,,,,,,D:/Backup/Mestrado/dados/JPR/dataset_jpr_train/dataset_jpr_train/3/001169
2527,"1,28E+73",jpr_dados,F,39.0,GE MEDICAL SYSTEMS,269.0,1.25,0.40625,0.625,1.0,-1024.0,True,,,,/home/neuro-source/main_source/datasets/sprap_2024_03/id_spr02527/id_spr02527_master_image.nii.gz,Normal,,,,,,,,D:/Backup/Mestrado/dados/JPR/dataset_jpr_train/dataset_jpr_train/1/002527
1097,"1,28E+73",jpr_dados,F,24.0,Philips,217.0,2.0,0.44921875,10.000.000.009.259.200,1.0,-1024.0,True,,,,/home/neuro-source/main_source/datasets/sprap_2024_03/id_spr01097/id_spr01097_master_image.nii.gz,Normal,,,,,,,,D:/Backup/Mestrado/dados/JPR/dataset_jpr_train/dataset_jpr_train/3/001097
2250,"1,28E+73",jpr_dados,F,50.0,GE MEDICAL SYSTEMS,109.0,1.25,0.402344,1.25,1.0,-1024.0,True,,,,/home/neuro-source/main_source/datasets/sprap_2024_03/id_spr02250/id_spr02250_master_image.nii.gz,Normal,,,,,,,,D:/Backup/Mestrado/dados/JPR/dataset_jpr_train/dataset_jpr_train/2/002250
601,"1,28E+73",jpr_dados,F,33.0,GE MEDICAL SYSTEMS,149.0,1.25,0.488281,1.25,1.0,-1024.0,True,,,,/home/neuro-source/main_source/datasets/sprap_2024_03/id_spr00601/id_spr00601_master_image.nii.gz,Normal,,,,,,,,D:/Backup/Mestrado/dados/JPR/dataset_jpr_train/dataset_jpr_train/3/000601
643,"1,28E+73",jpr_dados,F,49.0,GE MEDICAL SYSTEMS,129.0,1.25,0.488281,1.25,1.0,-1024.0,True,,,,/home/neuro-source/main_source/datasets/sprap_2024_03/id_spr00643/id_spr00643_master_image.nii.gz,Normal,,,,,,,,D:/Backup/Mestrado/dados/JPR/dataset_jpr_train/dataset_jpr_train/3/000643
1648,"1,28E+72",jpr_dados,M,40.0,TOSHIBA,186.0,2.0,0.461,1.0,1.0,0.0,True,,,,/home/neuro-source/main_source/datasets/sprap_2024_03/id_spr01648/id_spr01648_master_image.nii.gz,Normal,,,,,,,,D:/Backup/Mestrado/dados/JPR/dataset_jpr_train/dataset_jpr_train/2/001648
1102,"1,28E+73",jpr_dados,M,39.0,GE MEDICAL SYSTEMS,137.0,1.25,0.46875,1.25,1.0,-1024.0,True,,,,/home/neuro-source/main_source/datasets/sprap_2024_03/id_spr01102/id_spr01102_master_image.nii.gz,Normal,,,,,,,,D:/Backup/Mestrado/dados/JPR/dataset_jpr_train/dataset_jpr_train/3/001102
2050,"1,28E+73",jpr_dados,M,25.0,TOSHIBA,232.0,1.0,0.471,0.8,1.0,0.0,True,,,,/home/neuro-source/main_source/datasets/sprap_2024_03/id_spr02050/id_spr02050_master_image.nii.gz,Normal,,,,,,,,D:/Backup/Mestrado/dados/JPR/dataset_jpr_train/dataset_jpr_train/2/002050
1541,"1,28E+73",jpr_dados,F,46.0,TOSHIBA,156.0,2.0,0.449,1.0,1.0,0.0,True,,,,/home/neuro-source/main_source/datasets/sprap_2024_03/id_spr01541/id_spr01541_master_image.nii.gz,Normal,,,,,,,,D:/Backup/Mestrado/dados/JPR/dataset_jpr_train/dataset_jpr_train/2/001541
2168,"1,28E+72",jpr_dados,M,43.0,SIEMENS,288.0,1.0,0.47265625,0.7000000000000001,1.0,-1024.0,True,,,,/home/neuro-source/main_source/datasets/sprap_2024_03/id_spr02168/id_spr02168_master_image.nii.gz,Normal,,,,,,,,D:/Backup/Mestrado/dados/JPR/dataset_jpr_train/dataset_jpr_train/2/002168
1715,"1,28E+73",jpr_dados,F,42.0,GE MEDICAL SYSTEMS,125.0,1.25,0.435547,1.25,1.0,-1024.0,True,,,,/home/neuro-source/main_source/datasets/sprap_2024_03/id_spr01715/id_spr01715_master_image.nii.gz,Normal,,,,,,,,D:/Backup/Mestrado/dados/JPR/dataset_jpr_train/dataset_jpr_train/2/001715
2280,"1,28E+73",jpr_dados,M,25.0,TOSHIBA,191.0,2.0,0.43,1.0,1.0,0.0,True,,,,/home/neuro-source/main_source/datasets/sprap_2024_03/id_spr02280/id_spr02280_master_image.nii.gz,Normal,,,,,,,,D:/Backup/Mestrado/dados/JPR/dataset_jpr_train/dataset_jpr_train/2/002280
1243,"1,28E+73",jpr_dados,F,40.0,GE MEDICAL SYSTEMS,141.0,1.25,0.603516,1.25,1.0,-1024.0,True,,,,/home/neuro-source/main_source/datasets/sprap_2024_03/id_spr01243/id_spr01243_master_image.nii.gz,Normal,,,,,,,,D:/Backup/Mestrado/dados/JPR/dataset_jpr_train/dataset_jpr_train/3/001243
2305,"1,28E+73",jpr_dados,F,54.0,TOSHIBA,176.0,2.0,0.448,1.0,1.0,0.0,True,,,,/home/neuro-source/main_source/datasets/sprap_2024_03/id_spr02305/id_spr02305_master_image.nii.gz,Normal,,,,,,,,D:/Backup/Mestrado/dados/JPR/dataset_jpr_train/dataset_jpr_train/2/002305
370,"1,28E+73",jpr_dados,M,42.0,GE MEDICAL SYSTEMS,281.0,1.25,0.560547,0.625,1.0,-1024.0,True,,,,/home/neuro-source/main_source/datasets/sprap_2024_03/id_spr00370/id_spr00370_master_image.nii.gz,Normal,,,,,,,,
772,"1,28E+73",jpr_dados,M,50.0,GE MEDICAL SYSTEMS,163.0,1.25,0.525391,1.25,1.0,-1024.0,True,,,,/home/neuro-source/main_source/datasets/sprap_2024_03/id_spr00772/id_spr00772_master_image.nii.gz,Normal,,,,,,,,D:/Backup/Mestrado/dados/JPR/dataset_jpr_train/dataset_jpr_train/3/000772
1221,"1,28E+73",jpr_dados,F,26.0,TOSHIBA,171.0,1.0,0.43,1.0,1.0,0.0,True,,,,/home/neuro-source/main_source/datasets/sprap_2024_03/id_spr01221/id_spr01221_master_image.nii.gz,Normal,,,,,,,,D:/Backup/Mestrado/dados/JPR/dataset_jpr_train/dataset_jpr_train/3/001221
755,"1,28E+73",jpr_dados,F,39.0,GE MEDICAL SYSTEMS,133.0,1.25,0.488281,1.25,1.0,-1024.0,True,,,,/home/neuro-source/main_source/datasets/sprap_2024_03/id_spr00755/id_spr00755_master_image.nii.gz,Normal,,,,,,,,D:/Backup/Mestrado/dados/JPR/dataset_jpr_train/dataset_jpr_train/3/000755
1833,"1,28E+73",jpr_dados,F,27.0,GE MEDICAL SYSTEMS,132.0,1.25,0.453125,1.25,1.0,-1024.0,True,,,,/home/neuro-source/main_source/datasets/sprap_2024_03/id_spr01833/id_spr01833_master_image.nii.gz,Normal,,,,,,,,D:/Backup/Mestrado/dados/JPR/dataset_jpr_train/dataset_jpr_train/2/001833
875,"1,28E+73",jpr_dados,M,30.0,GE MEDICAL SYSTEMS,137.0,1.25,0.488281,1.25,1.0,-1024.0,True,,,,/home/neuro-source/main_source/datasets/sprap_2024_03/id_spr00875/id_spr00875_master_image.nii.gz,Normal,,,,,,,,D:/Backup/Mestrado/dados/JPR/dataset_jpr_train/dataset_jpr_train/3/000875
1269,"1,28E+73",jpr_dados,M,45.0,GE MEDICAL SYSTEMS,149.0,1.25,0.488281,1.25,1.0,-1024.0,True,,,,/home/neuro-source/main_source/datasets/sprap_2024_03/id_spr01269/id_spr01269_master_image.nii.gz,Normal,,,,,,,,D:/Backup/Mestrado/dados/JPR/dataset_jpr_train/dataset_jpr_train/3/001269
1402,"1,28E+73",jpr_dados,M,34.0,TOSHIBA,250.0,1.0,0.449,0.7999999999999999,1.0,0.0,True,,,,/home/neuro-source/main_source/datasets/sprap_2024_03/id_spr01402/id_spr01402_master_image.nii.gz,Normal,,,,,,,,D:/Backup/Mestrado/dados/JPR/dataset_jpr_train/dataset_jpr_train/2/001402
919,"1,28E+73",jpr_dados,M,33.0,GE MEDICAL SYSTEMS,163.0,1.25,0.501953,1.25,1.0,-1024.0,True,,,,/home/neuro-source/main_source/datasets/sprap_2024_03/id_spr00919/id_spr00919_master_image.nii.gz,Normal,,,,,,,,D:/Backup/Mestrado/dados/JPR/dataset_jpr_train/dataset_jpr_train/3/000919
2440,"1,28E+73",jpr_dados,F,39.0,TOSHIBA,219.0,1.0,0.428999990225,0.8000000000000004,1.0,0.0,True,,,,/home/neuro-source/main_source/datasets/sprap_2024_03/id_spr02440/id_spr02440_master_image.nii.gz,Normal,,,,,,,,D:/Backup/Mestrado/dados/JPR/dataset_jpr_train/dataset_jpr_train/1/002440
1641,"1,28E+73",jpr_dados,F,24.0,GE MEDICAL SYSTEMS,146.0,1.25,0.488281,1.25,1.0,-1024.0,True,,,,/home/neuro-source/main_source/datasets/sprap_2024_03/id_spr01641/id_spr01641_master_image.nii.gz,Normal,,,,,,,,D:/Backup/Mestrado/dados/JPR/dataset_jpr_train/dataset_jpr_train/2/001641
996,"1,28E+73",jpr_dados,F,33.0,Philips,175.0,2.0,0.44140625,10.000.000.000.000.000,1.0,-1024.0,True,,,,/home/neuro-source/main_source/datasets/sprap_2024_03/id_spr00996/id_spr00996_master_image.nii.gz,Normal,,,,,,,,D:/Backup/Mestrado/dados/JPR/dataset_jpr_train/dataset_jpr_train/3/000996
1228,"1,28E+73",jpr_dados,F,24.0,GE MEDICAL SYSTEMS,145.0,1.25,0.488281,1.25,1.0,-1024.0,True,,,,/home/neuro-source/main_source/datasets/sprap_2024_03/id_spr01228/id_spr01228_master_image.nii.gz,Normal,,,,,,,,D:/Backup/Mestrado/dados/JPR/dataset_jpr_train/dataset_jpr_train/3/001228
1905,"1,28E+73",jpr_dados,M,45.0,GE MEDICAL SYSTEMS,131.0,1.25,0.488281,1.25,1.0,-1024.0,True,,,,/home/neuro-source/main_source/datasets/sprap_2024_03/id_spr01905/id_spr01905_master_image.nii.gz,Normal,,,,,,,,D:/Backup/Mestrado/dados/JPR/dataset_jpr_train/dataset_jpr_train/2/001905
1615,"1,28E+73",jpr_dados,F,57.0,TOSHIBA,207.0,1.0,0.42,0.8,1.0,0.0,True,,,,/home/neuro-source/main_source/datasets/sprap_2024_03/id_spr01615/id_spr01615_master_image.nii.gz,Normal,,,,,,,,D:/Backup/Mestrado/dados/JPR/dataset_jpr_train/dataset_jpr_train/2/001615
1632,"1,28E+73",jpr_dados,F,39.0,GE MEDICAL SYSTEMS,206.0,1.25,0.488281,1.0,1.0,-1024.0,True,,,,/home/neuro-source/main_source/datasets/sprap_2024_03/id_spr01632/id_spr01632_master_image.nii.gz,Normal,,,,,,,,D:/Backup/Mestrado/dados/JPR/dataset_jpr_train/dataset_jpr_train/2/001632
2224,"1,28E+73",jpr_dados,F,42.0,GE MEDICAL SYSTEMS,145.0,1.25,0.46875,1.25,1.0,-1024.0,True,,,,/home/neuro-source/main_source/datasets/sprap_2024_03/id_spr02224/id_spr02224_master_image.nii.gz,Normal,,,,,,,,D:/Backup/Mestrado/dados/JPR/dataset_jpr_train/dataset_jpr_train/2/002224
2342,"1,28E+72",jpr_dados,F,40.0,GE MEDICAL SYSTEMS,260.0,1.25,0.46875,0.625,1.0,-1024.0,True,,,,/home/neuro-source/main_source/datasets/sprap_2024_03/id_spr02342/id_spr02342_master_image.nii.gz,Normal,,,,,,,,D:/Backup/Mestrado/dados/JPR/dataset_jpr_train/dataset_jpr_train/2/002342
1260,"1,28E+73",jpr_dados,F,39.0,GE MEDICAL SYSTEMS,149.0,1.25,0.488281,1.25,1.0,-1024.0,True,,,,/home/neuro-source/main_source/datasets/sprap_2024_03/id_spr01260/id_spr01260_master_image.nii.gz,Normal,,,,,,,,D:/Backup/Mestrado/dados/JPR/dataset_jpr_train/dataset_jpr_train/3/001260
2167,"1,28E+73",jpr_dados,M,45.0,SIEMENS,246.0,1.0,0.458984375,0.7,1.0,-1024.0,True,,,,/home/neuro-source/main_source/datasets/sprap_2024_03/id_spr02167/id_spr02167_master_image.nii.gz,Normal,,,,,,,,D:/Backup/Mestrado/dados/JPR/dataset_jpr_train/dataset_jpr_train/2/002167
2338,"1,28E+73",jpr_dados,M,44.0,TOSHIBA,219.0,1.0,0.444,0.7999999999999999,1.0,0.0,True,,,,/home/neuro-source/main_source/datasets/sprap_2024_03/id_spr02338/id_spr02338_master_image.nii.gz,Normal,,,,,,,,D:/Backup/Mestrado/dados/JPR/dataset_jpr_train/dataset_jpr_train/2/002338
1555,"1,28E+73",jpr_dados,F,33.0,GE MEDICAL SYSTEMS,149.0,1.25,0.488281,1.25,1.0,-1024.0,True,,,,/home/neuro-source/main_source/datasets/sprap_2024_03/id_spr01555/id_spr01555_master_image.nii.gz,Normal,,,,,,,,D:/Backup/Mestrado/dados/JPR/dataset_jpr_train/dataset_jpr_train/2/001555
1583,"1,28E+73",jpr_dados,M,34.0,TOSHIBA,206.0,2.0,0.478,1.0,1.0,0.0,True,,,,/home/neuro-source/main_source/datasets/sprap_2024_03/id_spr01583/id_spr01583_master_image.nii.gz,Normal,,,,,,,,D:/Backup/Mestrado/dados/JPR/dataset_jpr_train/dataset_jpr_train/2/001583
1760,"1,28E+73",jpr_dados,F,38.0,TOSHIBA,201.0,1.0,0.441,0.8,1.0,0.0,True,,,,/home/neuro-source/main_source/datasets/sprap_2024_03/id_spr01760/id_spr01760_master_image.nii.gz,Normal,,,,,,,,D:/Backup/Mestrado/dados/JPR/dataset_jpr_train/dataset_jpr_train/2/001760
1244,"1,28E+73",jpr_dados,M,51.0,GE MEDICAL SYSTEMS,173.0,1.25,0.5625,1.25,1.0,-1024.0,True,,,,/home/neuro-source/main_source/datasets/sprap_2024_03/id_spr01244/id_spr01244_master_image.nii.gz,Normal,,,,,,,,D:/Backup/Mestrado/dados/JPR/dataset_jpr_train/dataset_jpr_train/3/001244
1712,"1,28E+73",jpr_dados,F,21.0,GE MEDICAL SYSTEMS,162.0,1.25,0.488281,1.0,1.0,-1024.0,True,,,,/home/neuro-source/main_source/datasets/sprap_2024_03/id_spr01712/id_spr01712_master_image.nii.gz,Normal,,,,,,,,D:/Backup/Mestrado/dados/JPR/dataset_jpr_train/dataset_jpr_train/2/001712
1749,"1,28E+73",jpr_dados,F,38.0,TOSHIBA,166.0,2.0,0.449,1.0,1.0,0.0,True,,,,/home/neuro-source/main_source/datasets/sprap_2024_03/id_spr01749/id_spr01749_master_image.nii.gz,Normal,,,,,,,,D:/Backup/Mestrado/dados/JPR/dataset_jpr_train/dataset_jpr_train/2/001749
2482,"1,28E+73",jpr_dados,F,61.0,GE MEDICAL SYSTEMS,261.0,1.25,0.39648398757,0.625,1.0,-1024.0,True,,,,/home/neuro-source/main_source/datasets/sprap_2024_03/id_spr02482/id_spr02482_master_image.nii.gz,Normal,,,,,,,,D:/Backup/Mestrado/dados/JPR/dataset_jpr_train/dataset_jpr_train/1/002482
857,"1,28E+73",jpr_dados,F,36.0,GE MEDICAL SYSTEMS,153.0,1.25,0.488281,1.25,1.0,-1024.0,True,,,,/home/neuro-source/main_source/datasets/sprap_2024_03/id_spr00857/id_spr00857_master_image.nii.gz,Normal,,,,,,,,D:/Backup/Mestrado/dados/JPR/dataset_jpr_train/dataset_jpr_train/3/000857
2384,"1,28E+73",jpr_dados,F,35.0,GE MEDICAL SYSTEMS,305.0,1.25,0.482421994209,0.625,1.0,-1024.0,True,,,,/home/neuro-source/main_source/datasets/sprap_2024_03/id_spr02384/id_spr02384_master_image.nii.gz,Normal,,,,,,,,D:/Backup/Mestrado/dados/JPR/dataset_jpr_train/dataset_jpr_train/1/002384
1056,"1,28E+73",jpr_dados,M,50.0,GE MEDICAL SYSTEMS,145.0,1.25,0.488281,1.25,1.0,-1024.0,True,,,,/home/neuro-source/main_source/datasets/sprap_2024_03/id_spr01056/id_spr01056_master_image.nii.gz,Normal,,,,,,,,D:/Backup/Mestrado/dados/JPR/dataset_jpr_train/dataset_jpr_train/3/001056
1618,"1,28E+73",jpr_dados,F,51.0,GE MEDICAL SYSTEMS,132.0,1.25,0.488281,1.25,1.0,-1024.0,True,,,,/home/neuro-source/main_source/datasets/sprap_2024_03/id_spr01618/id_spr01618_master_image.nii.gz,Normal,,,,,,,,D:/Backup/Mestrado/dados/JPR/dataset_jpr_train/dataset_jpr_train/2/001618
811,"1,28E+73",jpr_dados,M,35.0,Canon Medical Systems,196.0,2.0,0.495,1.0,1.0,0.0,True,,,,/home/neuro-source/main_source/datasets/sprap_2024_03/id_spr00811/id_spr00811_master_image.nii.gz,Normal,,,,,,,,D:/Backup/Mestrado/dados/JPR/dataset_jpr_train/dataset_jpr_train/3/000811
2016,"1,28E+73",jpr_dados,F,45.0,TOSHIBA,199.0,1.0,0.402,0.8,1.0,0.0,True,,,,/home/neuro-source/main_source/datasets/sprap_2024_03/id_spr02016/id_spr02016_master_image.nii.gz,Normal,,,,,,,,D:/Backup/Mestrado/dados/JPR/dataset_jpr_train/dataset_jpr_train/2/002016
1821,"1,28E+73",jpr_dados,M,26.0,GE MEDICAL SYSTEMS,128.0,1.25,0.488281,12.656.220.472.440.900,1.0,-1024.0,True,,,,/home/neuro-source/main_source/datasets/sprap_2024_03/id_spr01821/id_spr01821_master_image.nii.gz,Normal,,,,,,,,D:/Backup/Mestrado/dados/JPR/dataset_jpr_train/dataset_jpr_train/2/001821
1450,"1,28E+73",jpr_dados,M,39.0,GE MEDICAL SYSTEMS,133.0,1.25,0.466797,1.25,1.0,-1024.0,True,,,,/home/neuro-source/main_source/datasets/sprap_2024_03/id_spr01450/id_spr01450_master_image.nii.gz,Normal,,,,,,,,D:/Backup/Mestrado/dados/JPR/dataset_jpr_train/dataset_jpr_train/2/001450
1154,"1,28E+73",jpr_dados,M,26.0,Philips,171.0,2.0,0.48828125,0.9999999976470586,1.0,-1024.0,True,,,,/home/neuro-source/main_source/datasets/sprap_2024_03/id_spr01154/id_spr01154_master_image.nii.gz,Normal,,,,,,,,D:/Backup/Mestrado/dados/JPR/dataset_jpr_train/dataset_jpr_train/3/001154
2109,"1,28E+73",jpr_dados,F,26.0,Philips,256.0,1.5,0.458984,0.7500038313725489,1.0,-1024.0,True,,,,/home/neuro-source/main_source/datasets/sprap_2024_03/id_spr02109/id_spr02109_master_image.nii.gz,Normal,,,,,,,,D:/Backup/Mestrado/dados/JPR/dataset_jpr_train/dataset_jpr_train/2/002109
433,"1,28E+73",jpr_dados,F,48.0,GE MEDICAL SYSTEMS,145.0,1.25,0.488281,1.25,1.0,-1024.0,True,,,,/home/neuro-source/main_source/datasets/sprap_2024_03/id_spr00433/id_spr00433_master_image.nii.gz,Normal,,,,,,,,D:/Backup/Mestrado/dados/JPR/dataset_jpr_train/dataset_jpr_train/3/000433
2004,"1,28E+73",jpr_dados,M,55.0,TOSHIBA,213.0,1.0,0.427,0.8000000000000002,1.0,0.0,True,,,,/home/neuro-source/main_source/datasets/sprap_2024_03/id_spr02004/id_spr02004_master_image.nii.gz,Normal,,,,,,,,D:/Backup/Mestrado/dados/JPR/dataset_jpr_train/dataset_jpr_train/2/002004
1109,"1,28E+73",jpr_dados,F,39.0,Canon Medical Systems,191.0,2.0,0.429,1.0,1.0,0.0,True,,,,/home/neuro-source/main_source/datasets/sprap_2024_03/id_spr01109/id_spr01109_master_image.nii.gz,Normal,,,,,,,,D:/Backup/Mestrado/dados/JPR/dataset_jpr_train/dataset_jpr_train/3/001109
523,"1,28E+73",jpr_dados,F,48.0,GE MEDICAL SYSTEMS,136.0,1.25,0.554688,1.25,1.0,-1024.0,True,,,,/home/neuro-source/main_source/datasets/sprap_2024_03/id_spr00523/id_spr00523_master_image.nii.gz,Normal,,,,,,,,D:/Backup/Mestrado/dados/JPR/dataset_jpr_train/dataset_jpr_train/3/000523
477,"1,28E+73",jpr_dados,F,45.0,Siemens Healthineers,168.0,2.0,0.3084569343,10.000.015.343.134.200,1.0,-8192.0,True,,,,/home/neuro-source/main_source/datasets/sprap_2024_03/id_spr00477/id_spr00477_master_image.nii.gz,Normal,,,,,,,,D:/Backup/Mestrado/dados/JPR/dataset_jpr_train/dataset_jpr_train/3/000477
1750,"1,28E+73",jpr_dados,F,29.0,TOSHIBA,226.0,1.0,0.408,0.8,1.0,0.0,True,,,,/home/neuro-source/main_source/datasets/sprap_2024_03/id_spr01750/id_spr01750_master_image.nii.gz,Normal,,,,,,,,D:/Backup/Mestrado/dados/JPR/dataset_jpr_train/dataset_jpr_train/2/001750
415,"1,28E+73",jpr_dados,F,40.0,GE MEDICAL SYSTEMS,137.0,1.25,0.488281,1.25,1.0,-1024.0,True,,,,/home/neuro-source/main_source/datasets/sprap_2024_03/id_spr00415/id_spr00415_master_image.nii.gz,Normal,,,,,,,,D:/Backup/Mestrado/dados/JPR/dataset_jpr_train/dataset_jpr_train/3/000415
1570,"1,28E+73",jpr_dados,F,31.0,GE MEDICAL SYSTEMS,146.0,1.25,0.488281,1.25,1.0,-1024.0,True,,,,/home/neuro-source/main_source/datasets/sprap_2024_03/id_spr01570/id_spr01570_master_image.nii.gz,Normal,,,,,,,,D:/Backup/Mestrado/dados/JPR/dataset_jpr_train/dataset_jpr_train/2/001570
1263,"1,28E+73",jpr_dados,M,51.0,GE MEDICAL SYSTEMS,165.0,1.25,0.541016,1.25,1.0,-1024.0,True,,,,/home/neuro-source/main_source/datasets/sprap_2024_03/id_spr01263/id_spr01263_master_image.nii.gz,Normal,,,,,,,,D:/Backup/Mestrado/dados/JPR/dataset_jpr_train/dataset_jpr_train/3/001263
2549,"1,28E+72",jpr_dados,M,64.0,GE MEDICAL SYSTEMS,149.0,2.5,0.488281011581,1.25,1.0,-1024.0,True,,,,/home/neuro-source/main_source/datasets/sprap_2024_03/id_spr02549/id_spr02549_master_image.nii.gz,Normal,,,,,,,,D:/Backup/Mestrado/dados/JPR/dataset_jpr_train/dataset_jpr_train/1/002549
391,"1,28E+73",jpr_dados,F,25.0,GE MEDICAL SYSTEMS,145.0,1.25,0.625,1.25,1.0,-1024.0,True,,,,/home/neuro-source/main_source/datasets/sprap_2024_03/id_spr00391/id_spr00391_master_image.nii.gz,Normal,,,,,,,,D:/Backup/Mestrado/dados/JPR/dataset_jpr_train/dataset_jpr_train/3/000391
2585,"1,28E+73",jpr_dados,F,77.0,GE MEDICAL SYSTEMS,155.0,2.5,0.488281011581,1.25,1.0,-1024.0,True,,,,/home/neuro-source/main_source/datasets/sprap_2024_03/id_spr02585/id_spr02585_master_image.nii.gz,Normal,,,,,,,,D:/Backup/Mestrado/dados/JPR/dataset_jpr_train/dataset_jpr_train/1/002585
1503,"1,28E+73",jpr_dados,F,43.0,Canon Medical Systems,213.0,1.0,0.42,0.8000000000000002,1.0,0.0,True,,,,/home/neuro-source/main_source/datasets/sprap_2024_03/id_spr01503/id_spr01503_master_image.nii.gz,Normal,,,,,,,,D:/Backup/Mestrado/dados/JPR/dataset_jpr_train/dataset_jpr_train/2/001503
2641,"1,28E+73",jpr_dados,F,41.0,GE MEDICAL SYSTEMS,281.0,1.25,0.4375,0.625,1.0,-1024.0,True,,,,/home/neuro-source/main_source/datasets/sprap_2024_03/id_spr02641/id_spr02641_master_image.nii.gz,Normal,,,,,,,,D:/Backup/Mestrado/dados/JPR/dataset_jpr_train/dataset_jpr_train/1/002641
2157,"1,28E+73",jpr_dados,M,33.0,GE MEDICAL SYSTEMS,150.0,1.25,0.453125,1.25,1.0,-1024.0,True,,,,/home/neuro-source/main_source/datasets/sprap_2024_03/id_spr02157/id_spr02157_master_image.nii.gz,Normal,,,,,,,,D:/Backup/Mestrado/dados/JPR/dataset_jpr_train/dataset_jpr_train/2/002157
1388,"1,28E+73",jpr_dados,M,44.0,Canon Medical Systems,232.0,1.0,0.449,0.8,1.0,0.0,True,,,,/home/neuro-source/main_source/datasets/sprap_2024_03/id_spr01388/id_spr01388_master_image.nii.gz,Normal,,,,,,,,D:/Backup/Mestrado/dados/JPR/dataset_jpr_train/dataset_jpr_train/2/001388
1218,"1,28E+73",jpr_dados,F,41.0,GE MEDICAL SYSTEMS,281.0,1.25,0.5,0.625,1.0,-1024.0,True,,,,/home/neuro-source/main_source/datasets/sprap_2024_03/id_spr01218/id_spr01218_master_image.nii.gz,Normal,,,,,,,,D:/Backup/Mestrado/dados/JPR/dataset_jpr_train/dataset_jpr_train/3/001218
2221,"1,28E+73",jpr_dados,M,35.0,GE MEDICAL SYSTEMS,134.0,1.25,0.429688,1.25,1.0,-1024.0,True,,,,/home/neuro-source/main_source/datasets/sprap_2024_03/id_spr02221/id_spr02221_master_image.nii.gz,Normal,,,,,,,,D:/Backup/Mestrado/dados/JPR/dataset_jpr_train/dataset_jpr_train/2/002221
2194,"1,28E+73",jpr_dados,M,41.0,SIEMENS,260.0,1.0,0.46875,0.6999999999999998,1.0,-1024.0,True,,,,/home/neuro-source/main_source/datasets/sprap_2024_03/id_spr02194/id_spr02194_master_image.nii.gz,Normal,,,,,,,,D:/Backup/Mestrado/dados/JPR/dataset_jpr_train/dataset_jpr_train/2/002194
1354,"1,28E+73",jpr_dados,F,28.0,GE MEDICAL SYSTEMS,154.0,1.25,0.488281,1.25,1.0,-1024.0,True,,,,/home/neuro-source/main_source/datasets/sprap_2024_03/id_spr01354/id_spr01354_master_image.nii.gz,Normal,,,,,,,,D:/Backup/Mestrado/dados/JPR/dataset_jpr_train/dataset_jpr_train/2/001354
2337,"1,28E+73",jpr_dados,M,22.0,TOSHIBA,232.0,1.0,0.468,0.7999999999999998,1.0,0.0,True,,,,/home/neuro-source/main_source/datasets/sprap_2024_03/id_spr02337/id_spr02337_master_image.nii.gz,Normal,,,,,,,,D:/Backup/Mestrado/dados/JPR/dataset_jpr_train/dataset_jpr_train/2/002337
489,"1,28E+73",jpr_dados,F,37.0,GE MEDICAL SYSTEMS,137.0,1.25,0.460938,1.25,1.0,-1024.0,True,,,,/home/neuro-source/main_source/datasets/sprap_2024_03/id_spr00489/id_spr00489_master_image.nii.gz,Normal,,,,,,,,D:/Backup/Mestrado/dados/JPR/dataset_jpr_train/dataset_jpr_train/3/000489
469,"1,28E+73",jpr_dados,F,31.0,Canon Medical Systems,216.0,1.0,0.561,1.0,1.0,0.0,True,,,,/home/neuro-source/main_source/datasets/sprap_2024_03/id_spr00469/id_spr00469_master_image.nii.gz,Normal,,,,,,,,D:/Backup/Mestrado/dados/JPR/dataset_jpr_train/dataset_jpr_train/3/000469
1348,"1,28E+73",jpr_dados,M,45.0,TOSHIBA,244.0,1.0,0.498,0.8,1.0,0.0,True,,,,/home/neuro-source/main_source/datasets/sprap_2024_03/id_spr01348/id_spr01348_master_image.nii.gz,Normal,,,,,,,,D:/Backup/Mestrado/dados/JPR/dataset_jpr_train/dataset_jpr_train/2/001348
2311,"1,28E+73",jpr_dados,M,24.0,TOSHIBA,181.0,2.0,0.43,1.0,1.0,0.0,True,,,,/home/neuro-source/main_source/datasets/sprap_2024_03/id_spr02311/id_spr02311_master_image.nii.gz,Normal,,,,,,,,D:/Backup/Mestrado/dados/JPR/dataset_jpr_train/dataset_jpr_train/2/002311
2182,"1,28E+73",jpr_dados,F,43.0,SIEMENS,255.0,1.0,0.43359375,0.7,1.0,-1024.0,True,,,,/home/neuro-source/main_source/datasets/sprap_2024_03/id_spr02182/id_spr02182_master_image.nii.gz,Normal,,,,,,,,D:/Backup/Mestrado/dados/JPR/dataset_jpr_train/dataset_jpr_train/2/002182
1066,"1,28E+73",jpr_dados,F,44.0,GE MEDICAL SYSTEMS,139.0,1.25,0.587891,1.25,1.0,-1024.0,True,,,,/home/neuro-source/main_source/datasets/sprap_2024_03/id_spr01066/id_spr01066_master_image.nii.gz,Normal,,,,,,,,D:/Backup/Mestrado/dados/JPR/dataset_jpr_train/dataset_jpr_train/3/001066
493,"1,28E+73",jpr_dados,M,25.0,Philips,170.0,2.0,0.48828125,10.000.000.024.260.300,1.0,-1024.0,True,,,,/home/neuro-source/main_source/datasets/sprap_2024_03/id_spr00493/id_spr00493_master_image.nii.gz,Normal,,,,,,,,D:/Backup/Mestrado/dados/JPR/dataset_jpr_train/dataset_jpr_train/3/000493
436,"1,28E+73",jpr_dados,M,21.0,Philips,194.0,2.0,0.6015625,10.000.000.010.362.600,1.0,-1024.0,True,,,,/home/neuro-source/main_source/datasets/sprap_2024_03/id_spr00436/id_spr00436_master_image.nii.gz,Normal,,,,,,,,D:/Backup/Mestrado/dados/JPR/dataset_jpr_train/dataset_jpr_train/3/000436
574,"1,28E+73",jpr_dados,F,36.0,GE MEDICAL SYSTEMS,130.0,1.25,0.488281,1.25,1.0,-1024.0,True,,,,/home/neuro-source/main_source/datasets/sprap_2024_03/id_spr00574/id_spr00574_master_image.nii.gz,Normal,,,,,,,,D:/Backup/Mestrado/dados/JPR/dataset_jpr_train/dataset_jpr_train/3/000574
1340,"1,28E+73",jpr_dados,F,40.0,TOSHIBA,207.0,1.0,0.43,0.8,1.0,0.0,True,,,,/home/neuro-source/main_source/datasets/sprap_2024_03/id_spr01340/id_spr01340_master_image.nii.gz,Normal,,,,,,,,D:/Backup/Mestrado/dados/JPR/dataset_jpr_train/dataset_jpr_train/2/001340
864,"1,28E+73",jpr_dados,F,34.0,GE MEDICAL SYSTEMS,185.0,1.25,0.597656,1.25,1.0,-1024.0,True,,,,/home/neuro-source/main_source/datasets/sprap_2024_03/id_spr00864/id_spr00864_master_image.nii.gz,Normal,,,,,,,,D:/Backup/Mestrado/dados/JPR/dataset_jpr_train/dataset_jpr_train/3/000864
1485,"1,28E+73",jpr_dados,F,73.0,GE MEDICAL SYSTEMS,161.0,1.25,0.416016,1.0,1.0,-1024.0,True,,,,/home/neuro-source/main_source/datasets/sprap_2024_03/id_spr01485/id_spr01485_master_image.nii.gz,Normal,,,,,,,,D:/Backup/Mestrado/dados/JPR/dataset_jpr_train/dataset_jpr_train/2/001485
1522,"1,28E+73",jpr_dados,F,22.0,GE MEDICAL SYSTEMS,162.0,1.25,0.425781,1.0,1.0,-1024.0,True,,,,/home/neuro-source/main_source/datasets/sprap_2024_03/id_spr01522/id_spr01522_master_image.nii.gz,Normal,,,,,,,,D:/Backup/Mestrado/dados/JPR/dataset_jpr_train/dataset_jpr_train/2/001522
2173,"1,28E+73",jpr_dados,F,44.0,GE MEDICAL SYSTEMS,137.0,1.25,0.460938,1.25,1.0,-1024.0,True,,,,/home/neuro-source/main_source/datasets/sprap_2024_03/id_spr02173/id_spr02173_master_image.nii.gz,Normal,,,,,,,,D:/Backup/Mestrado/dados/JPR/dataset_jpr_train/dataset_jpr_train/2/002173
2131,"1,28E+73",jpr_dados,M,51.0,Philips,182.0,2.0,0.48828125,1.0,1.0,-1024.0,True,,,,/home/neuro-source/main_source/datasets/sprap_2024_03/id_spr02131/id_spr02131_master_image.nii.gz,Normal,,,,,,,,D:/Backup/Mestrado/dados/JPR/dataset_jpr_train/dataset_jpr_train/2/002131
2483,"1,28E+73",jpr_dados,F,39.0,GE MEDICAL SYSTEMS,149.0,2.5,0.410156011581,1.25,1.0,-1024.0,True,,,,/home/neuro-source/main_source/datasets/sprap_2024_03/id_spr02483/id_spr02483_master_image.nii.gz,Normal,,,,,,,,D:/Backup/Mestrado/dados/JPR/dataset_jpr_train/dataset_jpr_train/1/002483
1695,"1,28E+73",jpr_dados,M,34.0,SIEMENS,257.0,1.0,0.447265625,0.7,1.0,-1024.0,True,,,,/home/neuro-source/main_source/datasets/sprap_2024_03/id_spr01695/id_spr01695_master_image.nii.gz,Normal,,,,,,,,D:/Backup/Mestrado/dados/JPR/dataset_jpr_train/dataset_jpr_train/2/001695
1070,"1,28E+73",jpr_dados,F,26.0,Canon Medical Systems,226.0,1.0,0.468,1.0,1.0,0.0,True,,,,/home/neuro-source/main_source/datasets/sprap_2024_03/id_spr01070/id_spr01070_master_image.nii.gz,Normal,,,,,,,,D:/Backup/Mestrado/dados/JPR/dataset_jpr_train/dataset_jpr_train/3/001070
1837,"1,28E+73",jpr_dados,F,28.0,TOSHIBA,238.0,1.0,0.429,0.8,1.0,0.0,True,,,,/home/neuro-source/main_source/datasets/sprap_2024_03/id_spr01837/id_spr01837_master_image.nii.gz,Normal,,,,,,,,D:/Backup/Mestrado/dados/JPR/dataset_jpr_train/dataset_jpr_train/2/001837
1451,"1,28E+73",jpr_dados,F,45.0,GE MEDICAL SYSTEMS,186.0,1.25,0.429688,1.0,1.0,-1024.0,True,,,,/home/neuro-source/main_source/datasets/sprap_2024_03/id_spr01451/id_spr01451_master_image.nii.gz,Normal,,,,,,,,D:/Backup/Mestrado/dados/JPR/dataset_jpr_train/dataset_jpr_train/2/001451
1037,"1,28E+73",jpr_dados,F,33.0,GE MEDICAL SYSTEMS,145.0,1.25,0.488281,1.25,1.0,-1024.0,True,,,,/home/neuro-source/main_source/datasets/sprap_2024_03/id_spr01037/id_spr01037_master_image.nii.gz,Normal,,,,,,,,D:/Backup/Mestrado/dados/JPR/dataset_jpr_train/dataset_jpr_train/3/001037
1685,"1,28E+71",jpr_dados,F,22.0,GE MEDICAL SYSTEMS,140.0,1.25,0.414062,1.25,1.0,-1024.0,True,,,,/home/neuro-source/main_source/datasets/sprap_2024_03/id_spr01685/id_spr01685_master_image.nii.gz,Normal,,,,,,,,D:/Backup/Mestrado/dados/JPR/dataset_jpr_train/dataset_jpr_train/2/001685
1783,"1,28E+73",jpr_dados,M,49.0,GE MEDICAL SYSTEMS,145.0,1.25,0.460938,1.25,1.0,-1024.0,True,,,,/home/neuro-source/main_source/datasets/sprap_2024_03/id_spr01783/id_spr01783_master_image.nii.gz,Normal,,,,,,,,D:/Backup/Mestrado/dados/JPR/dataset_jpr_train/dataset_jpr_train/2/001783
2110,"1,28E+73",jpr_dados,M,36.0,Philips,239.0,1.5,0.472656,0.7500001260504203,1.0,-1024.0,True,,,,/home/neuro-source/main_source/datasets/sprap_2024_03/id_spr02110/id_spr02110_master_image.nii.gz,Normal,,,,,,,,D:/Backup/Mestrado/dados/JPR/dataset_jpr_train/dataset_jpr_train/2/002110
1656,"1,28E+73",jpr_dados,M,29.0,TOSHIBA,244.0,1.0,0.446,0.7999999999999999,1.0,0.0,True,,,,/home/neuro-source/main_source/datasets/sprap_2024_03/id_spr01656/id_spr01656_master_image.nii.gz,Normal,,,,,,,,D:/Backup/Mestrado/dados/JPR/dataset_jpr_train/dataset_jpr_train/2/001656
558,"1,28E+73",jpr_dados,F,20.0,GE MEDICAL SYSTEMS,145.0,1.25,0.488281,1.25,1.0,-1024.0,True,,,,/home/neuro-source/main_source/datasets/sprap_2024_03/id_spr00558/id_spr00558_master_image.nii.gz,Normal,,,,,,,,D:/Backup/Mestrado/dados/JPR/dataset_jpr_train/dataset_jpr_train/3/000558
1194,"1,28E+73",jpr_dados,F,63.0,Siemens Healthineers,179.0,2.0,0.4913428571,10.000.008.479.355.000,1.0,-8192.0,True,,,,/home/neuro-source/main_source/datasets/sprap_2024_03/id_spr01194/id_spr01194_master_image.nii.gz,Normal,,,,,,,,D:/Backup/Mestrado/dados/JPR/dataset_jpr_train/dataset_jpr_train/3/001194
2178,"1,28E+73",jpr_dados,F,29.0,GE MEDICAL SYSTEMS,136.0,1.25,0.447266,1.25,1.0,-1024.0,True,,,,/home/neuro-source/main_source/datasets/sprap_2024_03/id_spr02178/id_spr02178_master_image.nii.gz,Normal,,,,,,,,D:/Backup/Mestrado/dados/JPR/dataset_jpr_train/dataset_jpr_train/2/002178
1098,"1,28E+73",jpr_dados,F,36.0,Canon Medical Systems,181.0,1.0,0.446,1.0,1.0,0.0,True,,,,/home/neuro-source/main_source/datasets/sprap_2024_03/id_spr01098/id_spr01098_master_image.nii.gz,Normal,,,,,,,,D:/Backup/Mestrado/dados/JPR/dataset_jpr_train/dataset_jpr_train/3/001098
659,"1,28E+73",jpr_dados,F,41.0,GE MEDICAL SYSTEMS,145.0,1.25,0.488281,1.25,1.0,-1024.0,True,,,,/home/neuro-source/main_source/datasets/sprap_2024_03/id_spr00659/id_spr00659_master_image.nii.gz,Normal,,,,,,,,D:/Backup/Mestrado/dados/JPR/dataset_jpr_train/dataset_jpr_train/3/000659
1052,"1,28E+73",jpr_dados,F,26.0,GE MEDICAL SYSTEMS,145.0,1.25,0.488281,1.25,1.0,-1024.0,True,,,,/home/neuro-source/main_source/datasets/sprap_2024_03/id_spr01052/id_spr01052_master_image.nii.gz,Normal,,,,,,,,D:/Backup/Mestrado/dados/JPR/dataset_jpr_train/dataset_jpr_train/3/001052
1138,"1,28E+73",jpr_dados,F,35.0,Philips,193.0,2.0,0.48828125,10.000.000.010.416.600,1.0,-1024.0,True,,,,/home/neuro-source/main_source/datasets/sprap_2024_03/id_spr01138/id_spr01138_master_image.nii.gz,Normal,,,,,,,,D:/Backup/Mestrado/dados/JPR/dataset_jpr_train/dataset_jpr_train/3/001138
2055,"1,28E+73",jpr_dados,F,53.0,TOSHIBA,207.0,1.0,0.434,0.8,1.0,0.0,True,,,,/home/neuro-source/main_source/datasets/sprap_2024_03/id_spr02055/id_spr02055_master_image.nii.gz,Normal,,,,,,,,D:/Backup/Mestrado/dados/JPR/dataset_jpr_train/dataset_jpr_train/2/002055
1531,"1,28E+73",jpr_dados,F,26.0,GE MEDICAL SYSTEMS,160.0,1.25,0.398438,1.0,1.0,-1024.0,True,,,,/home/neuro-source/main_source/datasets/sprap_2024_03/id_spr01531/id_spr01531_master_image.nii.gz,Normal,,,,,,,,D:/Backup/Mestrado/dados/JPR/dataset_jpr_train/dataset_jpr_train/2/001531
965,"1,28E+73",jpr_dados,M,23.0,GE MEDICAL SYSTEMS,149.0,1.25,0.488281,1.25,1.0,-1024.0,True,,,,/home/neuro-source/main_source/datasets/sprap_2024_03/id_spr00965/id_spr00965_master_image.nii.gz,Normal,,,,,,,,D:/Backup/Mestrado/dados/JPR/dataset_jpr_train/dataset_jpr_train/3/000965
1149,"1,28E+73",jpr_dados,F,24.0,GE MEDICAL SYSTEMS,145.0,1.25,0.474609,1.25,1.0,-1024.0,True,,,,/home/neuro-source/main_source/datasets/sprap_2024_03/id_spr01149/id_spr01149_master_image.nii.gz,Normal,,,,,,,,D:/Backup/Mestrado/dados/JPR/dataset_jpr_train/dataset_jpr_train/3/001149
983,"1,28E+73",jpr_dados,F,36.0,GE MEDICAL SYSTEMS,160.0,1.25,0.486328,1.25,1.0,-1024.0,True,,,,/home/neuro-source/main_source/datasets/sprap_2024_03/id_spr00983/id_spr00983_master_image.nii.gz,Normal,,,,,,,,D:/Backup/Mestrado/dados/JPR/dataset_jpr_train/dataset_jpr_train/3/000983
726,"1,28E+73",jpr_dados,F,23.0,Philips,180.0,2.0,0.48828125,10.000.000.022.346.300,1.0,-1024.0,True,,,,/home/neuro-source/main_source/datasets/sprap_2024_03/id_spr00726/id_spr00726_master_image.nii.gz,Normal,,,,,,,,D:/Backup/Mestrado/dados/JPR/dataset_jpr_train/dataset_jpr_train/3/000726
399,"1,28E+73",jpr_dados,F,31.0,GE MEDICAL SYSTEMS,169.0,1.25,0.537109,1.25,1.0,-1024.0,True,,,,/home/neuro-source/main_source/datasets/sprap_2024_03/id_spr00399/id_spr00399_master_image.nii.gz,Normal,,,,,,,,D:/Backup/Mestrado/dados/JPR/dataset_jpr_train/dataset_jpr_train/3/000399
1339,"1,28E+73",jpr_dados,F,41.0,TOSHIBA,232.0,1.0,0.463,0.8,1.0,0.0,True,,,,/home/neuro-source/main_source/datasets/sprap_2024_03/id_spr01339/id_spr01339_master_image.nii.gz,Normal,,,,,,,,D:/Backup/Mestrado/dados/JPR/dataset_jpr_train/dataset_jpr_train/2/001339
1848,"1,28E+73",jpr_dados,F,29.0,TOSHIBA,232.0,1.0,0.461,0.7999999999999998,1.0,0.0,True,,,,/home/neuro-source/main_source/datasets/sprap_2024_03/id_spr01848/id_spr01848_master_image.nii.gz,Normal,,,,,,,,D:/Backup/Mestrado/dados/JPR/dataset_jpr_train/dataset_jpr_train/2/001848
1425,"1,28E+73",jpr_dados,F,55.0,Canon Medical Systems,201.0,1.0,0.393,0.8,1.0,0.0,True,,,,/home/neuro-source/main_source/datasets/sprap_2024_03/id_spr01425/id_spr01425_master_image.nii.gz,Normal,,,,,,,,D:/Backup/Mestrado/dados/JPR/dataset_jpr_train/dataset_jpr_train/2/001425
1639,"1,28E+73",jpr_dados,M,35.0,TOSHIBA,219.0,1.0,0.419,0.7999999999999999,1.0,0.0,True,,,,/home/neuro-source/main_source/datasets/sprap_2024_03/id_spr01639/id_spr01639_master_image.nii.gz,Normal,,,,,,,,D:/Backup/Mestrado/dados/JPR/dataset_jpr_train/dataset_jpr_train/2/001639
1323,"1,28E+73",jpr_dados,F,60.0,GE MEDICAL SYSTEMS,161.0,1.25,0.447266,1.0,1.0,-1024.0,True,,,,/home/neuro-source/main_source/datasets/sprap_2024_03/id_spr01323/id_spr01323_master_image.nii.gz,Normal,,,,,,,,D:/Backup/Mestrado/dados/JPR/dataset_jpr_train/dataset_jpr_train/2/001323
1412,"1,28E+73",jpr_dados,F,59.0,TOSHIBA,201.0,1.0,0.43,0.8,1.0,0.0,True,,,,/home/neuro-source/main_source/datasets/sprap_2024_03/id_spr01412/id_spr01412_master_image.nii.gz,Normal,,,,,,,,D:/Backup/Mestrado/dados/JPR/dataset_jpr_train/dataset_jpr_train/2/001412
1143,"1,28E+73",jpr_dados,F,19.0,GE MEDICAL SYSTEMS,151.0,1.25,0.507812,1.25,1.0,-1024.0,True,,,,/home/neuro-source/main_source/datasets/sprap_2024_03/id_spr01143/id_spr01143_master_image.nii.gz,Normal,,,,,,,,D:/Backup/Mestrado/dados/JPR/dataset_jpr_train/dataset_jpr_train/3/001143
2358,"1,28E+73",jpr_dados,F,59.0,GE MEDICAL SYSTEMS,313.0,1.25,0.445311993361,0.625,1.0,-1024.0,True,,,,/home/neuro-source/main_source/datasets/sprap_2024_03/id_spr02358/id_spr02358_master_image.nii.gz,Normal,,,,,,,,D:/Backup/Mestrado/dados/JPR/dataset_jpr_train/dataset_jpr_train/2/002358
973,"1,28E+73",jpr_dados,M,52.0,GE MEDICAL SYSTEMS,197.0,1.25,0.488281,1.25,1.0,-1024.0,True,,,,/home/neuro-source/main_source/datasets/sprap_2024_03/id_spr00973/id_spr00973_master_image.nii.gz,Normal,,,,,,,,D:/Backup/Mestrado/dados/JPR/dataset_jpr_train/dataset_jpr_train/3/000973
970,"1,28E+73",jpr_dados,F,31.0,GE MEDICAL SYSTEMS,133.0,1.25,0.488281,1.25,1.0,-1024.0,True,,,,/home/neuro-source/main_source/datasets/sprap_2024_03/id_spr00970/id_spr00970_master_image.nii.gz,Normal,,,,,,,,D:/Backup/Mestrado/dados/JPR/dataset_jpr_train/dataset_jpr_train/3/000970
1738,"1,28E+73",jpr_dados,M,19.0,SIEMENS,248.0,1.0,0.455078125,0.7000000000000001,1.0,-1024.0,True,,,,/home/neuro-source/main_source/datasets/sprap_2024_03/id_spr01738/id_spr01738_master_image.nii.gz,Normal,,,,,,,,D:/Backup/Mestrado/dados/JPR/dataset_jpr_train/dataset_jpr_train/2/001738
503,"1,28E+73",jpr_dados,F,45.0,GE MEDICAL SYSTEMS,137.0,1.25,0.494141,1.25,1.0,-1024.0,True,,,,/home/neuro-source/main_source/datasets/sprap_2024_03/id_spr00503/id_spr00503_master_image.nii.gz,Normal,,,,,,,,D:/Backup/Mestrado/dados/JPR/dataset_jpr_train/dataset_jpr_train/3/000503
722,"1,28E+73",jpr_dados,F,27.0,Philips,237.0,1.5,0.447265625,0.7499999983050847,1.0,-1024.0,True,,,,/home/neuro-source/main_source/datasets/sprap_2024_03/id_spr00722/id_spr00722_master_image.nii.gz,Normal,,,,,,,,D:/Backup/Mestrado/dados/JPR/dataset_jpr_train/dataset_jpr_train/3/000722
2634,"1,28E+73",jpr_dados,F,77.0,GE MEDICAL SYSTEMS,139.0,2.5,0.40625,1.25,1.0,-1024.0,True,,,,/home/neuro-source/main_source/datasets/sprap_2024_03/id_spr02634/id_spr02634_master_image.nii.gz,Normal,,,,,,,,D:/Backup/Mestrado/dados/JPR/dataset_jpr_train/dataset_jpr_train/1/002634
631,"1,28E+73",jpr_dados,M,25.0,GE MEDICAL SYSTEMS,157.0,1.25,0.583984,1.25,1.0,-1024.0,True,,,,/home/neuro-source/main_source/datasets/sprap_2024_03/id_spr00631/id_spr00631_master_image.nii.gz,Normal,,,,,,,,D:/Backup/Mestrado/dados/JPR/dataset_jpr_train/dataset_jpr_train/3/000631
909,"1,28E+73",jpr_dados,M,47.0,GE MEDICAL SYSTEMS,149.0,1.25,0.525391,1.25,1.0,-1024.0,True,,,,/home/neuro-source/main_source/datasets/sprap_2024_03/id_spr00909/id_spr00909_master_image.nii.gz,Normal,,,,,,,,D:/Backup/Mestrado/dados/JPR/dataset_jpr_train/dataset_jpr_train/3/000909
1934,"1,28E+73",jpr_dados,F,29.0,TOSHIBA,219.0,1.0,0.398,0.7999999999999999,1.0,0.0,True,,,,/home/neuro-source/main_source/datasets/sprap_2024_03/id_spr01934/id_spr01934_master_image.nii.gz,Normal,,,,,,,,D:/Backup/Mestrado/dados/JPR/dataset_jpr_train/dataset_jpr_train/2/001934
1415,"1,28E+73",jpr_dados,M,44.0,GE MEDICAL SYSTEMS,289.0,0.625,0.488281,0.625,1.0,-1024.0,True,,,,/home/neuro-source/main_source/datasets/sprap_2024_03/id_spr01415/id_spr01415_master_image.nii.gz,Normal,,,,,,,,D:/Backup/Mestrado/dados/JPR/dataset_jpr_train/dataset_jpr_train/2/001415
442,"1,28E+73",jpr_dados,M,54.0,TOSHIBA,181.0,1.0,0.468,1.0,1.0,0.0,True,,,,/home/neuro-source/main_source/datasets/sprap_2024_03/id_spr00442/id_spr00442_master_image.nii.gz,Normal,,,,,,,,D:/Backup/Mestrado/dados/JPR/dataset_jpr_train/dataset_jpr_train/3/000442
1598,"1,28E+73",jpr_dados,F,36.0,GE MEDICAL SYSTEMS,251.0,1.25,0.402344,0.8,1.0,-1024.0,True,,,,/home/neuro-source/main_source/datasets/sprap_2024_03/id_spr01598/id_spr01598_master_image.nii.gz,Normal,,,,,,,,D:/Backup/Mestrado/dados/JPR/dataset_jpr_train/dataset_jpr_train/2/001598
2300,"1,28E+73",jpr_dados,M,24.0,TOSHIBA,186.0,2.0,0.507,1.0,1.0,0.0,True,,,,/home/neuro-source/main_source/datasets/sprap_2024_03/id_spr02300/id_spr02300_master_image.nii.gz,Normal,,,,,,,,D:/Backup/Mestrado/dados/JPR/dataset_jpr_train/dataset_jpr_train/2/002300
1564,"1,28E+73",jpr_dados,M,38.0,SIEMENS,284.0,1.0,0.44921875,0.7,1.0,-1024.0,True,,,,/home/neuro-source/main_source/datasets/sprap_2024_03/id_spr01564/id_spr01564_master_image.nii.gz,Normal,,,,,,,,D:/Backup/Mestrado/dados/JPR/dataset_jpr_train/dataset_jpr_train/2/001564
1357,"1,28E+73",jpr_dados,F,47.0,TOSHIBA,214.0,1.0,0.43,0.7999999999999999,1.0,0.0,True,,,,/home/neuro-source/main_source/datasets/sprap_2024_03/id_spr01357/id_spr01357_master_image.nii.gz,Normal,,,,,,,,D:/Backup/Mestrado/dados/JPR/dataset_jpr_train/dataset_jpr_train/2/001357
749,"1,28E+73",jpr_dados,F,23.0,GE MEDICAL SYSTEMS,137.0,1.25,0.488281,1.25,1.0,-1024.0,True,,,,/home/neuro-source/main_source/datasets/sprap_2024_03/id_spr00749/id_spr00749_master_image.nii.gz,Normal,,,,,,,,D:/Backup/Mestrado/dados/JPR/dataset_jpr_train/dataset_jpr_train/3/000749
1086,"1,28E+73",jpr_dados,M,52.0,GE MEDICAL SYSTEMS,157.0,1.25,0.546875,1.25,1.0,-1024.0,True,,,,/home/neuro-source/main_source/datasets/sprap_2024_03/id_spr01086/id_spr01086_master_image.nii.gz,Normal,,,,,,,,D:/Backup/Mestrado/dados/JPR/dataset_jpr_train/dataset_jpr_train/3/001086
2525,"1,28E+73",jpr_dados,F,43.0,TOSHIBA,226.0,1.0,0.428999990225,0.8,1.0,0.0,True,,,,/home/neuro-source/main_source/datasets/sprap_2024_03/id_spr02525/id_spr02525_master_image.nii.gz,Normal,,,,,,,,D:/Backup/Mestrado/dados/JPR/dataset_jpr_train/dataset_jpr_train/1/002525
2469,"1,28E+73",jpr_dados,F,67.0,GE MEDICAL SYSTEMS,155.0,2.5,0.414061993361,1.25,1.0,-1024.0,True,,,,/home/neuro-source/main_source/datasets/sprap_2024_03/id_spr02469/id_spr02469_master_image.nii.gz,Normal,,,,,,,,D:/Backup/Mestrado/dados/JPR/dataset_jpr_train/dataset_jpr_train/1/002469
2254,"1,28E+72",jpr_dados,F,37.0,GE MEDICAL SYSTEMS,137.0,1.25,0.429688,1.25,1.0,-1024.0,True,,,,/home/neuro-source/main_source/datasets/sprap_2024_03/id_spr02254/id_spr02254_master_image.nii.gz,Normal,,,,,,,,D:/Backup/Mestrado/dados/JPR/dataset_jpr_train/dataset_jpr_train/2/002254
1116,"1,28E+73",jpr_dados,F,25.0,Canon Medical Systems,186.0,2.0,0.429,1.0,1.0,0.0,True,,,,/home/neuro-source/main_source/datasets/sprap_2024_03/id_spr01116/id_spr01116_master_image.nii.gz,Normal,,,,,,,,D:/Backup/Mestrado/dados/JPR/dataset_jpr_train/dataset_jpr_train/3/001116
1684,"1,28E+72",jpr_dados,F,29.0,TOSHIBA,191.0,2.0,0.43,1.0,1.0,0.0,True,,,,/home/neuro-source/main_source/datasets/sprap_2024_03/id_spr01684/id_spr01684_master_image.nii.gz,Normal,,,,,,,,D:/Backup/Mestrado/dados/JPR/dataset_jpr_train/dataset_jpr_train/2/001684
2414,"1,28E+73",jpr_dados,M,30.0,GE MEDICAL SYSTEMS,139.0,2.5,0.433593988419,1.25,1.0,-1024.0,True,,,,/home/neuro-source/main_source/datasets/sprap_2024_03/id_spr02414/id_spr02414_master_image.nii.gz,Normal,,,,,,,,D:/Backup/Mestrado/dados/JPR/dataset_jpr_train/dataset_jpr_train/1/002414
452,"1,28E+73",jpr_dados,F,36.0,Canon Medical Systems,186.0,2.0,0.459,1.0,1.0,0.0,True,,,,/home/neuro-source/main_source/datasets/sprap_2024_03/id_spr00452/id_spr00452_master_image.nii.gz,Normal,,,,,,,,D:/Backup/Mestrado/dados/JPR/dataset_jpr_train/dataset_jpr_train/3/000452
1970,"1,28E+73",jpr_dados,F,68.0,TOSHIBA,201.0,1.0,0.449,0.8,1.0,0.0,True,,,,/home/neuro-source/main_source/datasets/sprap_2024_03/id_spr01970/id_spr01970_master_image.nii.gz,Normal,,,,,,,,D:/Backup/Mestrado/dados/JPR/dataset_jpr_train/dataset_jpr_train/2/001970
2063,"1,28E+73",jpr_dados,F,53.0,TOSHIBA,238.0,1.0,0.429,0.8,1.0,0.0,True,,,,/home/neuro-source/main_source/datasets/sprap_2024_03/id_spr02063/id_spr02063_master_image.nii.gz,Normal,,,,,,,,D:/Backup/Mestrado/dados/JPR/dataset_jpr_train/dataset_jpr_train/2/002063
1956,"1,28E+73",jpr_dados,F,33.0,Philips,253.0,1.5,0.457031,0.75,1.0,-1024.0,True,,,,/home/neuro-source/main_source/datasets/sprap_2024_03/id_spr01956/id_spr01956_master_image.nii.gz,Normal,,,,,,,,D:/Backup/Mestrado/dados/JPR/dataset_jpr_train/dataset_jpr_train/2/001956
1805,"1,28E+73",jpr_dados,F,39.0,GE MEDICAL SYSTEMS,141.0,1.25,0.488281,1.25,1.0,-1024.0,True,,,,/home/neuro-source/main_source/datasets/sprap_2024_03/id_spr01805/id_spr01805_master_image.nii.gz,Normal,,,,,,,,D:/Backup/Mestrado/dados/JPR/dataset_jpr_train/dataset_jpr_train/2/001805
739,"1,28E+73",jpr_dados,F,35.0,GE MEDICAL SYSTEMS,137.0,1.25,0.488281,1.25,1.0,-1024.0,True,,,,/home/neuro-source/main_source/datasets/sprap_2024_03/id_spr00739/id_spr00739_master_image.nii.gz,Normal,,,,,,,,D:/Backup/Mestrado/dados/JPR/dataset_jpr_train/dataset_jpr_train/3/000739
1403,"1,28E+73",jpr_dados,M,43.0,SIEMENS,264.0,1.0,0.474609375,0.7,1.0,-1024.0,True,,,,/home/neuro-source/main_source/datasets/sprap_2024_03/id_spr01403/id_spr01403_master_image.nii.gz,Normal,,,,,,,,D:/Backup/Mestrado/dados/JPR/dataset_jpr_train/dataset_jpr_train/2/001403
1852,"1,28E+73",jpr_dados,F,18.0,GE MEDICAL SYSTEMS,136.0,1.25,0.417969,1.25,1.0,-1024.0,True,,,,/home/neuro-source/main_source/datasets/sprap_2024_03/id_spr01852/id_spr01852_master_image.nii.gz,Normal,,,,,,,,D:/Backup/Mestrado/dados/JPR/dataset_jpr_train/dataset_jpr_train/2/001852
1259,"1,28E+73",jpr_dados,F,20.0,Canon Medical Systems,166.0,2.0,0.451,1.0,1.0,0.0,True,,,,/home/neuro-source/main_source/datasets/sprap_2024_03/id_spr01259/id_spr01259_master_image.nii.gz,Normal,,,,,,,,D:/Backup/Mestrado/dados/JPR/dataset_jpr_train/dataset_jpr_train/3/001259
540,"1,28E+73",jpr_dados,M,45.0,GE MEDICAL SYSTEMS,145.0,1.25,0.488281,1.25,1.0,-1024.0,True,,,,/home/neuro-source/main_source/datasets/sprap_2024_03/id_spr00540/id_spr00540_master_image.nii.gz,Normal,,,,,,,,D:/Backup/Mestrado/dados/JPR/dataset_jpr_train/dataset_jpr_train/3/000540
1328,"1,28E+73",jpr_dados,F,41.0,TOSHIBA,213.0,1.0,0.421,0.8000000000000002,1.0,0.0,True,,,,/home/neuro-source/main_source/datasets/sprap_2024_03/id_spr01328/id_spr01328_master_image.nii.gz,Normal,,,,,,,,D:/Backup/Mestrado/dados/JPR/dataset_jpr_train/dataset_jpr_train/2/001328
2025,"1,28E+73",jpr_dados,F,47.0,TOSHIBA,191.0,1.0,0.429,0.8,1.0,0.0,True,,,,/home/neuro-source/main_source/datasets/sprap_2024_03/id_spr02025/id_spr02025_master_image.nii.gz,Normal,,,,,,,,D:/Backup/Mestrado/dados/JPR/dataset_jpr_train/dataset_jpr_train/2/002025
1584,"1,28E+73",jpr_dados,F,37.0,GE MEDICAL SYSTEMS,166.0,1.25,0.398438,1.0,1.0,-1024.0,True,,,,/home/neuro-source/main_source/datasets/sprap_2024_03/id_spr01584/id_spr01584_master_image.nii.gz,Normal,,,,,,,,D:/Backup/Mestrado/dados/JPR/dataset_jpr_train/dataset_jpr_train/2/001584
1424,"1,28E+73",jpr_dados,F,32.0,TOSHIBA,201.0,1.0,0.448,0.8,1.0,0.0,True,,,,/home/neuro-source/main_source/datasets/sprap_2024_03/id_spr01424/id_spr01424_master_image.nii.gz,Normal,,,,,,,,D:/Backup/Mestrado/dados/JPR/dataset_jpr_train/dataset_jpr_train/2/001424
632,"1,28E+73",jpr_dados,M,49.0,Canon Medical Systems,191.0,2.0,0.544,1.0,1.0,0.0,True,,,,/home/neuro-source/main_source/datasets/sprap_2024_03/id_spr00632/id_spr00632_master_image.nii.gz,Normal,,,,,,,,D:/Backup/Mestrado/dados/JPR/dataset_jpr_train/dataset_jpr_train/3/000632
2270,"1,28E+73",jpr_dados,M,34.0,TOSHIBA,186.0,2.0,0.483,1.0,1.0,0.0,True,,,,/home/neuro-source/main_source/datasets/sprap_2024_03/id_spr02270/id_spr02270_master_image.nii.gz,Normal,,,,,,,,D:/Backup/Mestrado/dados/JPR/dataset_jpr_train/dataset_jpr_train/2/002270
1659,"1,28E+73",jpr_dados,M,44.0,GE MEDICAL SYSTEMS,148.0,1.25,0.488281,1.25,1.0,-1024.0,True,,,,/home/neuro-source/main_source/datasets/sprap_2024_03/id_spr01659/id_spr01659_master_image.nii.gz,Normal,,,,,,,,D:/Backup/Mestrado/dados/JPR/dataset_jpr_train/dataset_jpr_train/2/001659
667,"1,28E+73",jpr_dados,M,49.0,GE MEDICAL SYSTEMS,141.0,1.25,0.488281,1.25,1.0,-1024.0,True,,,,/home/neuro-source/main_source/datasets/sprap_2024_03/id_spr00667/id_spr00667_master_image.nii.gz,Normal,,,,,,,,D:/Backup/Mestrado/dados/JPR/dataset_jpr_train/dataset_jpr_train/3/000667
2181,"1,28E+73",jpr_dados,F,40.0,SIEMENS,260.0,1.0,0.40234375,0.7000000000000001,1.0,-1024.0,True,,,,/home/neuro-source/main_source/datasets/sprap_2024_03/id_spr02181/id_spr02181_master_image.nii.gz,Normal,,,,,,,,D:/Backup/Mestrado/dados/JPR/dataset_jpr_train/dataset_jpr_train/2/002181
2256,"1,28E+73",jpr_dados,F,25.0,GE MEDICAL SYSTEMS,133.0,1.25,0.429688,1.25,1.0,-1024.0,True,,,,/home/neuro-source/main_source/datasets/sprap_2024_03/id_spr02256/id_spr02256_master_image.nii.gz,Normal,,,,,,,,D:/Backup/Mestrado/dados/JPR/dataset_jpr_train/dataset_jpr_train/2/002256
950,"1,28E+73",jpr_dados,F,38.0,GE MEDICAL SYSTEMS,136.0,1.25,0.625,1.25,1.0,-1024.0,True,,,,/home/neuro-source/main_source/datasets/sprap_2024_03/id_spr00950/id_spr00950_master_image.nii.gz,Normal,,,,,,,,D:/Backup/Mestrado/dados/JPR/dataset_jpr_train/dataset_jpr_train/3/000950
1940,"1,28E+73",jpr_dados,M,35.0,GE MEDICAL SYSTEMS,145.0,1.25,0.488281,1.25,1.0,-1024.0,True,,,,/home/neuro-source/main_source/datasets/sprap_2024_03/id_spr01940/id_spr01940_master_image.nii.gz,Normal,,,,,,,,D:/Backup/Mestrado/dados/JPR/dataset_jpr_train/dataset_jpr_train/2/001940
1358,"1,28E+73",jpr_dados,F,44.0,GE MEDICAL SYSTEMS,127.0,1.25,0.400391,1.25,1.0,-1024.0,True,,,,/home/neuro-source/main_source/datasets/sprap_2024_03/id_spr01358/id_spr01358_master_image.nii.gz,Normal,,,,,,,,D:/Backup/Mestrado/dados/JPR/dataset_jpr_train/dataset_jpr_train/2/001358
1458,"1,28E+73",jpr_dados,F,22.0,TOSHIBA,181.0,2.0,0.429,1.0,1.0,0.0,True,,,,/home/neuro-source/main_source/datasets/sprap_2024_03/id_spr01458/id_spr01458_master_image.nii.gz,Normal,,,,,,,,D:/Backup/Mestrado/dados/JPR/dataset_jpr_train/dataset_jpr_train/2/001458
673,"1,28E+73",jpr_dados,M,45.0,GE MEDICAL SYSTEMS,157.0,1.25,0.5,1.25,1.0,-1024.0,True,,,,/home/neuro-source/main_source/datasets/sprap_2024_03/id_spr00673/id_spr00673_master_image.nii.gz,Normal,,,,,,,,D:/Backup/Mestrado/dados/JPR/dataset_jpr_train/dataset_jpr_train/3/000673
2132,"1,28E+73",jpr_dados,F,41.0,Philips,167.0,2.0,0.451171875,1.0,1.0,-1024.0,True,,,,/home/neuro-source/main_source/datasets/sprap_2024_03/id_spr02132/id_spr02132_master_image.nii.gz,Normal,,,,,,,,D:/Backup/Mestrado/dados/JPR/dataset_jpr_train/dataset_jpr_train/2/002132
2117,"1,28E+73",jpr_dados,F,41.0,Philips,189.0,2.0,0.515625,1.0,1.0,-1024.0,True,,,,/home/neuro-source/main_source/datasets/sprap_2024_03/id_spr02117/id_spr02117_master_image.nii.gz,Normal,,,,,,,,D:/Backup/Mestrado/dados/JPR/dataset_jpr_train/dataset_jpr_train/2/002117
1988,"1,28E+73",jpr_dados,M,65.0,TOSHIBA,236.0,1.0,0.535,0.8,1.0,0.0,True,,,,/home/neuro-source/main_source/datasets/sprap_2024_03/id_spr01988/id_spr01988_master_image.nii.gz,Normal,,,,,,,,D:/Backup/Mestrado/dados/JPR/dataset_jpr_train/dataset_jpr_train/2/001988
1953,"1,28E+73",jpr_dados,F,25.0,GE MEDICAL SYSTEMS,173.0,1.25,0.488281,1.25,1.0,-1024.0,True,,,,/home/neuro-source/main_source/datasets/sprap_2024_03/id_spr01953/id_spr01953_master_image.nii.gz,Normal,,,,,,,,D:/Backup/Mestrado/dados/JPR/dataset_jpr_train/dataset_jpr_train/2/001953
2488,"1,28E+73",jpr_dados,M,56.0,GE MEDICAL SYSTEMS,161.0,2.5,0.488281011581,1.25,1.0,-1024.0,True,,,,/home/neuro-source/main_source/datasets/sprap_2024_03/id_spr02488/id_spr02488_master_image.nii.gz,Normal,,,,,,,,D:/Backup/Mestrado/dados/JPR/dataset_jpr_train/dataset_jpr_train/1/002488
1766,"1,28E+73",jpr_dados,M,30.0,GE MEDICAL SYSTEMS,152.0,1.25,0.488281,1.25,1.0,-1024.0,True,,,,/home/neuro-source/main_source/datasets/sprap_2024_03/id_spr01766/id_spr01766_master_image.nii.gz,Normal,,,,,,,,D:/Backup/Mestrado/dados/JPR/dataset_jpr_train/dataset_jpr_train/2/001766
1736,"1,28E+73",jpr_dados,F,20.0,SIEMENS,247.0,1.0,0.447265625,0.7,1.0,-1024.0,True,,,,/home/neuro-source/main_source/datasets/sprap_2024_03/id_spr01736/id_spr01736_master_image.nii.gz,Normal,,,,,,,,D:/Backup/Mestrado/dados/JPR/dataset_jpr_train/dataset_jpr_train/2/001736
1871,"1,28E+73",jpr_dados,M,22.0,TOSHIBA,222.0,1.0,0.441,0.8,1.0,0.0,True,,,,/home/neuro-source/main_source/datasets/sprap_2024_03/id_spr01871/id_spr01871_master_image.nii.gz,Normal,,,,,,,,D:/Backup/Mestrado/dados/JPR/dataset_jpr_train/dataset_jpr_train/2/001871
2505,"1,28E+73",jpr_dados,M,61.0,GE MEDICAL SYSTEMS,269.0,1.25,0.421875,0.625,1.0,-1024.0,True,,,,/home/neuro-source/main_source/datasets/sprap_2024_03/id_spr02505/id_spr02505_master_image.nii.gz,Normal,,,,,,,,D:/Backup/Mestrado/dados/JPR/dataset_jpr_train/dataset_jpr_train/1/002505
2519,"1,28E+73",jpr_dados,F,64.0,GE MEDICAL SYSTEMS,155.0,2.5,0.419921994209,1.25,1.0,-1024.0,True,,,,/home/neuro-source/main_source/datasets/sprap_2024_03/id_spr02519/id_spr02519_master_image.nii.gz,Normal,,,,,,,,D:/Backup/Mestrado/dados/JPR/dataset_jpr_train/dataset_jpr_train/1/002519
1548,"1,28E+73",jpr_dados,M,19.0,GE MEDICAL SYSTEMS,180.0,1.25,0.488281,1.0,1.0,-1024.0,True,,,,/home/neuro-source/main_source/datasets/sprap_2024_03/id_spr01548/id_spr01548_master_image.nii.gz,Normal,,,,,,,,D:/Backup/Mestrado/dados/JPR/dataset_jpr_train/dataset_jpr_train/2/001548
2062,"1,28E+73",jpr_dados,M,40.0,TOSHIBA,263.0,1.0,0.476,0.8,1.0,0.0,True,,,,/home/neuro-source/main_source/datasets/sprap_2024_03/id_spr02062/id_spr02062_master_image.nii.gz,Normal,,,,,,,,D:/Backup/Mestrado/dados/JPR/dataset_jpr_train/dataset_jpr_train/2/002062
1313,"1,28E+73",jpr_dados,M,73.0,GE MEDICAL SYSTEMS,140.0,1.25,0.441406,1.25,1.0,-1024.0,True,,,,/home/neuro-source/main_source/datasets/sprap_2024_03/id_spr01313/id_spr01313_master_image.nii.gz,Normal,,,,,,,,D:/Backup/Mestrado/dados/JPR/dataset_jpr_train/dataset_jpr_train/3/001313
2465,"1,28E+73",jpr_dados,F,49.0,GE MEDICAL SYSTEMS,319.0,1.25,0.488281011581,0.625,1.0,-1024.0,True,,,,/home/neuro-source/main_source/datasets/sprap_2024_03/id_spr02465/id_spr02465_master_image.nii.gz,Normal,,,,,,,,D:/Backup/Mestrado/dados/JPR/dataset_jpr_train/dataset_jpr_train/1/002465
654,"1,28E+73",jpr_dados,M,34.0,Canon Medical Systems,191.0,2.0,0.512,1.0,1.0,0.0,True,,,,/home/neuro-source/main_source/datasets/sprap_2024_03/id_spr00654/id_spr00654_master_image.nii.gz,Normal,,,,,,,,D:/Backup/Mestrado/dados/JPR/dataset_jpr_train/dataset_jpr_train/3/000654
572,"1,28E+72",jpr_dados,F,35.0,GE MEDICAL SYSTEMS,137.0,1.25,0.488281,1.25,1.0,-1024.0,True,,,,/home/neuro-source/main_source/datasets/sprap_2024_03/id_spr00572/id_spr00572_master_image.nii.gz,Normal,,,,,,,,D:/Backup/Mestrado/dados/JPR/dataset_jpr_train/dataset_jpr_train/3/000572
885,"1,28E+73",jpr_dados,F,28.0,GE MEDICAL SYSTEMS,121.0,1.25,0.429688,1.25,1.0,-1024.0,True,,,,/home/neuro-source/main_source/datasets/sprap_2024_03/id_spr00885/id_spr00885_master_image.nii.gz,Normal,,,,,,,,D:/Backup/Mestrado/dados/JPR/dataset_jpr_train/dataset_jpr_train/3/000885
1984,"1,28E+73",jpr_dados,M,27.0,TOSHIBA,181.0,2.0,0.466,1.0,1.0,0.0,True,,,,/home/neuro-source/main_source/datasets/sprap_2024_03/id_spr01984/id_spr01984_master_image.nii.gz,Normal,,,,,,,,D:/Backup/Mestrado/dados/JPR/dataset_jpr_train/dataset_jpr_train/2/001984
2408,"1,28E+73",jpr_dados,M,61.0,GE MEDICAL SYSTEMS,265.0,1.25,0.625,0.625,1.0,-1024.0,True,,,,/home/neuro-source/main_source/datasets/sprap_2024_03/id_spr02408/id_spr02408_master_image.nii.gz,Normal,,,,,,,,D:/Backup/Mestrado/dados/JPR/dataset_jpr_train/dataset_jpr_train/1/002408
1502,"1,28E+73",jpr_dados,F,27.0,GE MEDICAL SYSTEMS,166.0,1.25,0.419922,1.0,1.0,-1024.0,True,,,,/home/neuro-source/main_source/datasets/sprap_2024_03/id_spr01502/id_spr01502_master_image.nii.gz,Normal,,,,,,,,D:/Backup/Mestrado/dados/JPR/dataset_jpr_train/dataset_jpr_train/2/001502
1418,"1,28E+73",jpr_dados,F,53.0,GE MEDICAL SYSTEMS,133.0,1.25,0.429688,1.25,1.0,-1024.0,True,,,,/home/neuro-source/main_source/datasets/sprap_2024_03/id_spr01418/id_spr01418_master_image.nii.gz,Normal,,,,,,,,D:/Backup/Mestrado/dados/JPR/dataset_jpr_train/dataset_jpr_train/2/001418
2614,"1,28E+73",jpr_dados,M,66.0,TOSHIBA,238.0,1.0,0.428999990225,0.8,1.0,0.0,True,,,,/home/neuro-source/main_source/datasets/sprap_2024_03/id_spr02614/id_spr02614_master_image.nii.gz,Normal,,,,,,,,D:/Backup/Mestrado/dados/JPR/dataset_jpr_train/dataset_jpr_train/1/002614
1394,"1,28E+73",jpr_dados,F,35.0,GE MEDICAL SYSTEMS,165.0,1.25,0.488281,1.25,1.0,-1024.0,True,,,,/home/neuro-source/main_source/datasets/sprap_2024_03/id_spr01394/id_spr01394_master_image.nii.gz,Normal,,,,,,,,D:/Backup/Mestrado/dados/JPR/dataset_jpr_train/dataset_jpr_train/2/001394
2378,"1,28E+73",jpr_dados,F,69.0,GE MEDICAL SYSTEMS,131.0,2.5,0.38476601243,1.25,1.0,-1024.0,True,,,,/home/neuro-source/main_source/datasets/sprap_2024_03/id_spr02378/id_spr02378_master_image.nii.gz,Normal,,,,,,,,D:/Backup/Mestrado/dados/JPR/dataset_jpr_train/dataset_jpr_train/1/002378
740,"1,28E+73",jpr_dados,F,49.0,GE MEDICAL SYSTEMS,149.0,1.25,0.488281,1.25,1.0,-1024.0,True,,,,/home/neuro-source/main_source/datasets/sprap_2024_03/id_spr00740/id_spr00740_master_image.nii.gz,Normal,,,,,,,,D:/Backup/Mestrado/dados/JPR/dataset_jpr_train/dataset_jpr_train/3/000740
1435,"1,28E+73",jpr_dados,M,42.0,SIEMENS,258.0,1.0,0.470703125,0.7,1.0,-1024.0,True,,,,/home/neuro-source/main_source/datasets/sprap_2024_03/id_spr01435/id_spr01435_master_image.nii.gz,Normal,,,,,,,,D:/Backup/Mestrado/dados/JPR/dataset_jpr_train/dataset_jpr_train/2/001435
2321,"1,28E+73",jpr_dados,F,37.0,TOSHIBA,176.0,2.0,0.415,1.0,1.0,0.0,True,,,,/home/neuro-source/main_source/datasets/sprap_2024_03/id_spr02321/id_spr02321_master_image.nii.gz,Normal,,,,,,,,D:/Backup/Mestrado/dados/JPR/dataset_jpr_train/dataset_jpr_train/2/002321
2503,"1,28E+72",jpr_dados,M,50.0,GE MEDICAL SYSTEMS,305.0,2.5,0.625,0.625,1.0,-1024.0,True,,,,/home/neuro-source/main_source/datasets/sprap_2024_03/id_spr02503/id_spr02503_master_image.nii.gz,Normal,,,,,,,,D:/Backup/Mestrado/dados/JPR/dataset_jpr_train/dataset_jpr_train/1/002503
1465,"1,28E+73",jpr_dados,F,42.0,GE MEDICAL SYSTEMS,191.0,1.25,0.488281,1.0,1.0,-1024.0,True,,,,/home/neuro-source/main_source/datasets/sprap_2024_03/id_spr01465/id_spr01465_master_image.nii.gz,Normal,,,,,,,,D:/Backup/Mestrado/dados/JPR/dataset_jpr_train/dataset_jpr_train/2/001465
1352,"1,28E+73",jpr_dados,F,43.0,Philips,231.0,1.5,0.429688,0.75,1.0,-1024.0,True,,,,/home/neuro-source/main_source/datasets/sprap_2024_03/id_spr01352/id_spr01352_master_image.nii.gz,Normal,,,,,,,,D:/Backup/Mestrado/dados/JPR/dataset_jpr_train/dataset_jpr_train/2/001352
732,"1,28E+73",jpr_dados,M,50.0,GE MEDICAL SYSTEMS,145.0,1.25,0.488281,1.25,1.0,-1024.0,True,,,,/home/neuro-source/main_source/datasets/sprap_2024_03/id_spr00732/id_spr00732_master_image.nii.gz,Normal,,,,,,,,D:/Backup/Mestrado/dados/JPR/dataset_jpr_train/dataset_jpr_train/3/000732
1819,"1,28E+73",jpr_dados,F,61.0,SIEMENS,223.0,0.75,0.408203125,0.6999999999999998,1.0,-1024.0,True,,,,/home/neuro-source/main_source/datasets/sprap_2024_03/id_spr01819/id_spr01819_master_image.nii.gz,Normal,,,,,,,,D:/Backup/Mestrado/dados/JPR/dataset_jpr_train/dataset_jpr_train/2/001819
635,"1,28E+73",jpr_dados,F,30.0,Canon Medical Systems,206.0,2.0,0.556,1.0,1.0,0.0,True,,,,/home/neuro-source/main_source/datasets/sprap_2024_03/id_spr00635/id_spr00635_master_image.nii.gz,Normal,,,,,,,,D:/Backup/Mestrado/dados/JPR/dataset_jpr_train/dataset_jpr_train/3/000635
1813,"1,28E+73",jpr_dados,M,47.0,TOSHIBA,181.0,2.0,0.43,1.0,1.0,0.0,True,,,,/home/neuro-source/main_source/datasets/sprap_2024_03/id_spr01813/id_spr01813_master_image.nii.gz,Normal,,,,,,,,D:/Backup/Mestrado/dados/JPR/dataset_jpr_train/dataset_jpr_train/2/001813
460,"1,28E+73",jpr_dados,F,42.0,GE MEDICAL SYSTEMS,145.0,1.25,0.425781,1.25,1.0,-1024.0,True,,,,/home/neuro-source/main_source/datasets/sprap_2024_03/id_spr00460/id_spr00460_master_image.nii.gz,Normal,,,,,,,,D:/Backup/Mestrado/dados/JPR/dataset_jpr_train/dataset_jpr_train/3/000460
482,"1,28E+73",jpr_dados,F,35.0,Canon Medical Systems,186.0,2.0,0.473,1.0,1.0,0.0,True,,,,/home/neuro-source/main_source/datasets/sprap_2024_03/id_spr00482/id_spr00482_master_image.nii.gz,Normal,,,,,,,,D:/Backup/Mestrado/dados/JPR/dataset_jpr_train/dataset_jpr_train/3/000482
1307,"1,28E+73",jpr_dados,F,52.0,Canon Medical Systems,213.0,1.0,0.448,0.8000000000000002,1.0,0.0,True,,,,/home/neuro-source/main_source/datasets/sprap_2024_03/id_spr01307/id_spr01307_master_image.nii.gz,Normal,,,,,,,,D:/Backup/Mestrado/dados/JPR/dataset_jpr_train/dataset_jpr_train/3/001307
1601,"1,28E+73",jpr_dados,F,34.0,TOSHIBA,191.0,2.0,0.43,1.0,1.0,0.0,True,,,,/home/neuro-source/main_source/datasets/sprap_2024_03/id_spr01601/id_spr01601_master_image.nii.gz,Normal,,,,,,,,D:/Backup/Mestrado/dados/JPR/dataset_jpr_train/dataset_jpr_train/2/001601
1166,"1,28E+73",jpr_dados,M,31.0,GE MEDICAL SYSTEMS,153.0,1.25,0.488281,1.25,1.0,-1024.0,True,,,,/home/neuro-source/main_source/datasets/sprap_2024_03/id_spr01166/id_spr01166_master_image.nii.gz,Normal,,,,,,,,D:/Backup/Mestrado/dados/JPR/dataset_jpr_train/dataset_jpr_train/3/001166
706,"1,28E+73",jpr_dados,M,38.0,Siemens Healthineers,197.0,2.0,0.3583285509,10.000.003.366.825.700,1.0,-8192.0,True,,,,/home/neuro-source/main_source/datasets/sprap_2024_03/id_spr00706/id_spr00706_master_image.nii.gz,Normal,,,,,,,,D:/Backup/Mestrado/dados/JPR/dataset_jpr_train/dataset_jpr_train/3/000706
1818,"1,28E+73",jpr_dados,M,20.0,TOSHIBA,238.0,1.0,0.395,0.8,1.0,0.0,True,,,,/home/neuro-source/main_source/datasets/sprap_2024_03/id_spr01818/id_spr01818_master_image.nii.gz,Normal,,,,,,,,D:/Backup/Mestrado/dados/JPR/dataset_jpr_train/dataset_jpr_train/2/001818
1719,"1,28E+73",jpr_dados,M,31.0,GE MEDICAL SYSTEMS,167.0,1.25,0.488281,1.25,1.0,-1024.0,True,,,,/home/neuro-source/main_source/datasets/sprap_2024_03/id_spr01719/id_spr01719_master_image.nii.gz,Normal,,,,,,,,D:/Backup/Mestrado/dados/JPR/dataset_jpr_train/dataset_jpr_train/2/001719
1489,"1,28E+73",jpr_dados,F,23.0,GE MEDICAL SYSTEMS,176.0,1.25,0.429688,1.0,1.0,-1024.0,True,,,,/home/neuro-source/main_source/datasets/sprap_2024_03/id_spr01489/id_spr01489_master_image.nii.gz,Normal,,,,,,,,D:/Backup/Mestrado/dados/JPR/dataset_jpr_train/dataset_jpr_train/2/001489
2354,"1,28E+73",jpr_dados,M,73.0,TOSHIBA,244.0,1.0,0.453999996185,0.7999999999999999,1.0,0.0,True,,,,/home/neuro-source/main_source/datasets/sprap_2024_03/id_spr02354/id_spr02354_master_image.nii.gz,Normal,,,,,,,,D:/Backup/Mestrado/dados/JPR/dataset_jpr_train/dataset_jpr_train/2/002354
677,"1,28E+73",jpr_dados,F,46.0,GE MEDICAL SYSTEMS,142.0,1.25,0.625,1.25,1.0,-1024.0,True,,,,/home/neuro-source/main_source/datasets/sprap_2024_03/id_spr00677/id_spr00677_master_image.nii.gz,Normal,,,,,,,,D:/Backup/Mestrado/dados/JPR/dataset_jpr_train/dataset_jpr_train/3/000677
1767,"1,28E+73",jpr_dados,M,50.0,GE MEDICAL SYSTEMS,166.0,1.25,0.445312,1.0,1.0,-1024.0,True,,,,/home/neuro-source/main_source/datasets/sprap_2024_03/id_spr01767/id_spr01767_master_image.nii.gz,Normal,,,,,,,,D:/Backup/Mestrado/dados/JPR/dataset_jpr_train/dataset_jpr_train/2/001767
2058,"1,28E+73",jpr_dados,M,34.0,TOSHIBA,244.0,1.0,0.49,0.7999999999999999,1.0,0.0,True,,,,/home/neuro-source/main_source/datasets/sprap_2024_03/id_spr02058/id_spr02058_master_image.nii.gz,Normal,,,,,,,,D:/Backup/Mestrado/dados/JPR/dataset_jpr_train/dataset_jpr_train/2/002058
2061,"1,28E+73",jpr_dados,F,28.0,TOSHIBA,232.0,1.0,0.454,0.8,1.0,0.0,True,,,,/home/neuro-source/main_source/datasets/sprap_2024_03/id_spr02061/id_spr02061_master_image.nii.gz,Normal,,,,,,,,D:/Backup/Mestrado/dados/JPR/dataset_jpr_train/dataset_jpr_train/2/002061
1409,"1,28E+73",jpr_dados,M,38.0,GE MEDICAL SYSTEMS,125.0,1.25,0.4375,1.25,1.0,-1024.0,True,,,,/home/neuro-source/main_source/datasets/sprap_2024_03/id_spr01409/id_spr01409_master_image.nii.gz,Normal,,,,,,,,D:/Backup/Mestrado/dados/JPR/dataset_jpr_train/dataset_jpr_train/2/001409
2344,"1,28E+73",jpr_dados,F,36.0,GE MEDICAL SYSTEMS,260.0,1.25,0.46875,0.625,1.0,-1024.0,True,,,,/home/neuro-source/main_source/datasets/sprap_2024_03/id_spr02344/id_spr02344_master_image.nii.gz,Normal,,,,,,,,D:/Backup/Mestrado/dados/JPR/dataset_jpr_train/dataset_jpr_train/2/002344
2163,"1,28E+71",jpr_dados,F,41.0,GE MEDICAL SYSTEMS,149.0,1.25,0.488281,1.25,1.0,-1024.0,True,,,,/home/neuro-source/main_source/datasets/sprap_2024_03/id_spr02163/id_spr02163_master_image.nii.gz,Normal,,,,,,,,D:/Backup/Mestrado/dados/JPR/dataset_jpr_train/dataset_jpr_train/2/002163
781,"1,28E+73",jpr_dados,M,51.0,GE MEDICAL SYSTEMS,145.0,1.25,0.505859,1.25,1.0,-1024.0,True,,,,/home/neuro-source/main_source/datasets/sprap_2024_03/id_spr00781/id_spr00781_master_image.nii.gz,Normal,,,,,,,,D:/Backup/Mestrado/dados/JPR/dataset_jpr_train/dataset_jpr_train/3/000781
2434,"1,28E+73",jpr_dados,F,52.0,GE MEDICAL SYSTEMS,127.0,2.5,0.488281011581,1.25,1.0,-1024.0,True,,,,/home/neuro-source/main_source/datasets/sprap_2024_03/id_spr02434/id_spr02434_master_image.nii.gz,Normal,,,,,,,,D:/Backup/Mestrado/dados/JPR/dataset_jpr_train/dataset_jpr_train/1/002434
1595,"1,28E+73",jpr_dados,F,33.0,GE MEDICAL SYSTEMS,137.0,1.25,0.433594,1.25,1.0,-1024.0,True,,,,/home/neuro-source/main_source/datasets/sprap_2024_03/id_spr01595/id_spr01595_master_image.nii.gz,Normal,,,,,,,,D:/Backup/Mestrado/dados/JPR/dataset_jpr_train/dataset_jpr_train/2/001595
788,"1,28E+73",jpr_dados,F,44.0,GE MEDICAL SYSTEMS,137.0,1.25,0.460938,1.25,1.0,-1024.0,True,,,,/home/neuro-source/main_source/datasets/sprap_2024_03/id_spr00788/id_spr00788_master_image.nii.gz,Normal,,,,,,,,D:/Backup/Mestrado/dados/JPR/dataset_jpr_train/dataset_jpr_train/3/000788
944,"1,28E+73",jpr_dados,M,40.0,GE MEDICAL SYSTEMS,145.0,1.25,0.576172,1.25,1.0,-1024.0,True,,,,/home/neuro-source/main_source/datasets/sprap_2024_03/id_spr00944/id_spr00944_master_image.nii.gz,Normal,,,,,,,,D:/Backup/Mestrado/dados/JPR/dataset_jpr_train/dataset_jpr_train/3/000944
2583,"1,28E+73",jpr_dados,F,63.0,GE MEDICAL SYSTEMS,285.0,1.25,0.43164101243,0.625,1.0,-1024.0,True,,,,/home/neuro-source/main_source/datasets/sprap_2024_03/id_spr02583/id_spr02583_master_image.nii.gz,Normal,,,,,,,,D:/Backup/Mestrado/dados/JPR/dataset_jpr_train/dataset_jpr_train/1/002583
2229,"1,28E+73",jpr_dados,F,51.0,GE MEDICAL SYSTEMS,140.0,1.25,0.46875,1.25,1.0,-1024.0,True,,,,/home/neuro-source/main_source/datasets/sprap_2024_03/id_spr02229/id_spr02229_master_image.nii.gz,Normal,,,,,,,,D:/Backup/Mestrado/dados/JPR/dataset_jpr_train/dataset_jpr_train/2/002229
891,"1,28E+73",jpr_dados,F,32.0,Philips,171.0,2.0,0.48828125,1.0,1.0,-1024.0,True,,,,/home/neuro-source/main_source/datasets/sprap_2024_03/id_spr00891/id_spr00891_master_image.nii.gz,Normal,,,,,,,,D:/Backup/Mestrado/dados/JPR/dataset_jpr_train/dataset_jpr_train/3/000891
1778,"1,28E+73",jpr_dados,F,30.0,GE MEDICAL SYSTEMS,171.0,1.25,0.462891,1.0,1.0,-1024.0,True,,,,/home/neuro-source/main_source/datasets/sprap_2024_03/id_spr01778/id_spr01778_master_image.nii.gz,Normal,,,,,,,,D:/Backup/Mestrado/dados/JPR/dataset_jpr_train/dataset_jpr_train/2/001778
2326,"1,28E+73",jpr_dados,M,38.0,TOSHIBA,166.0,2.0,0.463,1.0,1.0,0.0,True,,,,/home/neuro-source/main_source/datasets/sprap_2024_03/id_spr02326/id_spr02326_master_image.nii.gz,Normal,,,,,,,,D:/Backup/Mestrado/dados/JPR/dataset_jpr_train/dataset_jpr_train/2/002326
1007,"1,28E+73",jpr_dados,M,35.0,GE MEDICAL SYSTEMS,157.0,1.25,0.59375,1.25,1.0,-1024.0,True,,,,/home/neuro-source/main_source/datasets/sprap_2024_03/id_spr01007/id_spr01007_master_image.nii.gz,Normal,,,,,,,,D:/Backup/Mestrado/dados/JPR/dataset_jpr_train/dataset_jpr_train/3/001007
826,"1,28E+73",jpr_dados,F,37.0,Canon Medical Systems,191.0,2.0,0.468,1.0,1.0,0.0,True,,,,/home/neuro-source/main_source/datasets/sprap_2024_03/id_spr00826/id_spr00826_master_image.nii.gz,Normal,,,,,,,,D:/Backup/Mestrado/dados/JPR/dataset_jpr_train/dataset_jpr_train/3/000826
466,"1,28E+73",jpr_dados,M,18.0,GE MEDICAL SYSTEMS,145.0,1.25,0.521484,1.25,1.0,-1024.0,True,,,,/home/neuro-source/main_source/datasets/sprap_2024_03/id_spr00466/id_spr00466_master_image.nii.gz,Normal,,,,,,,,D:/Backup/Mestrado/dados/JPR/dataset_jpr_train/dataset_jpr_train/3/000466
1416,"1,28E+73",jpr_dados,F,37.0,GE MEDICAL SYSTEMS,142.0,1.25,0.488281,1.25,1.0,-1024.0,True,,,,/home/neuro-source/main_source/datasets/sprap_2024_03/id_spr01416/id_spr01416_master_image.nii.gz,Normal,,,,,,,,D:/Backup/Mestrado/dados/JPR/dataset_jpr_train/dataset_jpr_train/2/001416
759,"1,28E+73",jpr_dados,F,51.0,GE MEDICAL SYSTEMS,137.0,1.25,0.443359,1.25,1.0,-1024.0,True,,,,/home/neuro-source/main_source/datasets/sprap_2024_03/id_spr00759/id_spr00759_master_image.nii.gz,Normal,,,,,,,,D:/Backup/Mestrado/dados/JPR/dataset_jpr_train/dataset_jpr_train/3/000759
1481,"1,28E+73",jpr_dados,M,44.0,Philips,273.0,1.5,0.501953,0.7500001102941178,1.0,-1024.0,True,,,,/home/neuro-source/main_source/datasets/sprap_2024_03/id_spr01481/id_spr01481_master_image.nii.gz,Normal,,,,,,,,D:/Backup/Mestrado/dados/JPR/dataset_jpr_train/dataset_jpr_train/2/001481
1479,"1,28E+73",jpr_dados,M,37.0,GE MEDICAL SYSTEMS,141.0,1.25,0.470703,1.25,1.0,-1024.0,True,,,,/home/neuro-source/main_source/datasets/sprap_2024_03/id_spr01479/id_spr01479_master_image.nii.gz,Normal,,,,,,,,D:/Backup/Mestrado/dados/JPR/dataset_jpr_train/dataset_jpr_train/2/001479
1885,"1,28E+73",jpr_dados,F,61.0,TOSHIBA,207.0,1.0,0.429,0.8,1.0,0.0,True,,,,/home/neuro-source/main_source/datasets/sprap_2024_03/id_spr01885/id_spr01885_master_image.nii.gz,Normal,,,,,,,,D:/Backup/Mestrado/dados/JPR/dataset_jpr_train/dataset_jpr_train/2/001885
2335,"1,28E+73",jpr_dados,M,35.0,TOSHIBA,196.0,2.0,0.515,1.0,1.0,0.0,True,,,,/home/neuro-source/main_source/datasets/sprap_2024_03/id_spr02335/id_spr02335_master_image.nii.gz,Normal,,,,,,,,D:/Backup/Mestrado/dados/JPR/dataset_jpr_train/dataset_jpr_train/2/002335
2407,"1,28E+73",jpr_dados,F,37.0,GE MEDICAL SYSTEMS,114.0,5.0,0.419921994209,0.0221238938053097,1.0,-1024.0,True,,,,/home/neuro-source/main_source/datasets/sprap_2024_03/id_spr02407/id_spr02407_master_image.nii.gz,Normal,,,,,,,,D:/Backup/Mestrado/dados/JPR/dataset_jpr_train/dataset_jpr_train/1/002407
2498,"1,28E+73",jpr_dados,F,58.0,GE MEDICAL SYSTEMS,135.0,2.5,0.435546994209,1.25,1.0,-1024.0,True,,,,/home/neuro-source/main_source/datasets/sprap_2024_03/id_spr02498/id_spr02498_master_image.nii.gz,Normal,,,,,,,,D:/Backup/Mestrado/dados/JPR/dataset_jpr_train/dataset_jpr_train/1/002498
972,"1,28E+73",jpr_dados,F,28.0,GE MEDICAL SYSTEMS,163.0,1.25,0.492188,1.25,1.0,-1024.0,True,,,,/home/neuro-source/main_source/datasets/sprap_2024_03/id_spr00972/id_spr00972_master_image.nii.gz,Normal,,,,,,,,D:/Backup/Mestrado/dados/JPR/dataset_jpr_train/dataset_jpr_train/3/000972
2632,"1,28E+73",jpr_dados,M,37.0,GE MEDICAL SYSTEMS,135.0,2.5,0.625,1.25,1.0,-1024.0,True,,,,/home/neuro-source/main_source/datasets/sprap_2024_03/id_spr02632/id_spr02632_master_image.nii.gz,Normal,,,,,,,,D:/Backup/Mestrado/dados/JPR/dataset_jpr_train/dataset_jpr_train/1/002632
2602,"1,28E+73",jpr_dados,F,76.0,GE MEDICAL SYSTEMS,301.0,1.25,0.488281011581,0.625,1.0,-1024.0,True,,,,/home/neuro-source/main_source/datasets/sprap_2024_03/id_spr02602/id_spr02602_master_image.nii.gz,Normal,,,,,,,,D:/Backup/Mestrado/dados/JPR/dataset_jpr_train/dataset_jpr_train/1/002602
1127,"1,28E+73",jpr_dados,F,21.0,Siemens Healthineers,179.0,2.0,0.3735820189,1.000.002.560.200.610,1.0,-8192.0,True,,,,/home/neuro-source/main_source/datasets/sprap_2024_03/id_spr01127/id_spr01127_master_image.nii.gz,Normal,,,,,,,,D:/Backup/Mestrado/dados/JPR/dataset_jpr_train/dataset_jpr_train/3/001127
1986,"1,28E+73",jpr_dados,M,36.0,TOSHIBA,235.0,1.0,0.498,0.7999999999999999,1.0,0.0,True,,,,/home/neuro-source/main_source/datasets/sprap_2024_03/id_spr01986/id_spr01986_master_image.nii.gz,Normal,,,,,,,,D:/Backup/Mestrado/dados/JPR/dataset_jpr_train/dataset_jpr_train/2/001986
1226,"1,28E+72",jpr_dados,M,48.0,GE MEDICAL SYSTEMS,173.0,1.25,0.605469,1.25,1.0,-1024.0,True,,,,/home/neuro-source/main_source/datasets/sprap_2024_03/id_spr01226/id_spr01226_master_image.nii.gz,Normal,,,,,,,,D:/Backup/Mestrado/dados/JPR/dataset_jpr_train/dataset_jpr_train/3/001226
2620,"1,28E+73",jpr_dados,F,62.0,GE MEDICAL SYSTEMS,143.0,2.5,0.408203005791,1.25,1.0,-1024.0,True,,,,/home/neuro-source/main_source/datasets/sprap_2024_03/id_spr02620/id_spr02620_master_image.nii.gz,Normal,,,,,,,,D:/Backup/Mestrado/dados/JPR/dataset_jpr_train/dataset_jpr_train/1/002620
1177,"1,28E+73",jpr_dados,F,19.0,Canon Medical Systems,176.0,1.0,0.459,1.0,1.0,0.0,True,,,,/home/neuro-source/main_source/datasets/sprap_2024_03/id_spr01177/id_spr01177_master_image.nii.gz,Normal,,,,,,,,D:/Backup/Mestrado/dados/JPR/dataset_jpr_train/dataset_jpr_train/3/001177
1092,"1,28E+73",jpr_dados,M,33.0,GE MEDICAL SYSTEMS,145.0,1.25,0.488281,1.25,1.0,-1024.0,True,,,,/home/neuro-source/main_source/datasets/sprap_2024_03/id_spr01092/id_spr01092_master_image.nii.gz,Normal,,,,,,,,D:/Backup/Mestrado/dados/JPR/dataset_jpr_train/dataset_jpr_train/3/001092
1692,"1,28E+73",jpr_dados,M,55.0,TOSHIBA,186.0,2.0,0.488,1.0,1.0,0.0,True,,,,/home/neuro-source/main_source/datasets/sprap_2024_03/id_spr01692/id_spr01692_master_image.nii.gz,Normal,,,,,,,,D:/Backup/Mestrado/dados/JPR/dataset_jpr_train/dataset_jpr_train/2/001692
2504,"1,28E+73",jpr_dados,M,50.0,GE MEDICAL SYSTEMS,265.0,1.25,0.449218988419,0.625,1.0,-1024.0,True,,,,/home/neuro-source/main_source/datasets/sprap_2024_03/id_spr02504/id_spr02504_master_image.nii.gz,Normal,,,,,,,,D:/Backup/Mestrado/dados/JPR/dataset_jpr_train/dataset_jpr_train/1/002504
593,"1,28E+73",jpr_dados,F,25.0,Philips,223.0,1.5,0.451171875,0.7500000018018018,1.0,-1024.0,True,,,,/home/neuro-source/main_source/datasets/sprap_2024_03/id_spr00593/id_spr00593_master_image.nii.gz,Normal,,,,,,,,D:/Backup/Mestrado/dados/JPR/dataset_jpr_train/dataset_jpr_train/3/000593
1376,"1,28E+73",jpr_dados,F,51.0,TOSHIBA,394.0,1.0,0.441,0.5,1.0,0.0,True,,,,/home/neuro-source/main_source/datasets/sprap_2024_03/id_spr01376/id_spr01376_master_image.nii.gz,Normal,,,,,,,,D:/Backup/Mestrado/dados/JPR/dataset_jpr_train/dataset_jpr_train/2/001376
848,"1,28E+73",jpr_dados,M,46.0,Philips,194.0,2.0,0.48828125,10.000.000.010.362.600,1.0,-1024.0,True,,,,/home/neuro-source/main_source/datasets/sprap_2024_03/id_spr00848/id_spr00848_master_image.nii.gz,Normal,,,,,,,,D:/Backup/Mestrado/dados/JPR/dataset_jpr_train/dataset_jpr_train/3/000848
801,"1,28E+73",jpr_dados,F,33.0,GE MEDICAL SYSTEMS,149.0,1.25,0.488281,1.25,1.0,-1024.0,True,,,,/home/neuro-source/main_source/datasets/sprap_2024_03/id_spr00801/id_spr00801_master_image.nii.gz,Normal,,,,,,,,D:/Backup/Mestrado/dados/JPR/dataset_jpr_train/dataset_jpr_train/3/000801
2320,"1,28E+73",jpr_dados,F,32.0,TOSHIBA,191.0,2.0,0.43,1.0,1.0,0.0,True,,,,/home/neuro-source/main_source/datasets/sprap_2024_03/id_spr02320/id_spr02320_master_image.nii.gz,Normal,,,,,,,,D:/Backup/Mestrado/dados/JPR/dataset_jpr_train/dataset_jpr_train/2/002320
1680,"1,28E+73",jpr_dados,F,33.0,SIEMENS,267.0,1.0,0.416015625,0.7,1.0,-1024.0,True,,,,/home/neuro-source/main_source/datasets/sprap_2024_03/id_spr01680/id_spr01680_master_image.nii.gz,Normal,,,,,,,,D:/Backup/Mestrado/dados/JPR/dataset_jpr_train/dataset_jpr_train/2/001680
1980,"1,28E+73",jpr_dados,M,43.0,SIEMENS,241.0,1.0,0.46875,0.7,1.0,-1024.0,True,,,,/home/neuro-source/main_source/datasets/sprap_2024_03/id_spr01980/id_spr01980_master_image.nii.gz,Normal,,,,,,,,D:/Backup/Mestrado/dados/JPR/dataset_jpr_train/dataset_jpr_train/2/001980
1372,"1,28E+73",jpr_dados,F,44.0,GE MEDICAL SYSTEMS,134.0,2.5,0.466797,1.25,1.0,-1024.0,True,,,,/home/neuro-source/main_source/datasets/sprap_2024_03/id_spr01372/id_spr01372_master_image.nii.gz,Normal,,,,,,,,D:/Backup/Mestrado/dados/JPR/dataset_jpr_train/dataset_jpr_train/2/001372
426,"1,28E+73",jpr_dados,F,33.0,Philips,210.0,1.5,0.51171875,0.7500000009569378,1.0,-1024.0,True,,,,/home/neuro-source/main_source/datasets/sprap_2024_03/id_spr00426/id_spr00426_master_image.nii.gz,Normal,,,,,,,,D:/Backup/Mestrado/dados/JPR/dataset_jpr_train/dataset_jpr_train/3/000426
475,"1,28E+73",jpr_dados,F,47.0,Philips,237.0,1.5,0.498046875,0.75,1.0,-1024.0,True,,,,/home/neuro-source/main_source/datasets/sprap_2024_03/id_spr00475/id_spr00475_master_image.nii.gz,Normal,,,,,,,,D:/Backup/Mestrado/dados/JPR/dataset_jpr_train/dataset_jpr_train/3/000475
1444,"1,28E+73",jpr_dados,M,55.0,TOSHIBA,226.0,1.0,0.448,0.8,1.0,0.0,True,,,,/home/neuro-source/main_source/datasets/sprap_2024_03/id_spr01444/id_spr01444_master_image.nii.gz,Normal,,,,,,,,D:/Backup/Mestrado/dados/JPR/dataset_jpr_train/dataset_jpr_train/2/001444
1347,"1,28E+73",jpr_dados,F,53.0,GE MEDICAL SYSTEMS,162.0,1.25,0.441406,1.0,1.0,-1024.0,True,,,,/home/neuro-source/main_source/datasets/sprap_2024_03/id_spr01347/id_spr01347_master_image.nii.gz,Normal,,,,,,,,D:/Backup/Mestrado/dados/JPR/dataset_jpr_train/dataset_jpr_train/2/001347
1471,"1,28E+73",jpr_dados,M,49.0,GE MEDICAL SYSTEMS,145.0,1.25,0.488281,1.25,1.0,-1024.0,True,,,,/home/neuro-source/main_source/datasets/sprap_2024_03/id_spr01471/id_spr01471_master_image.nii.gz,Normal,,,,,,,,D:/Backup/Mestrado/dados/JPR/dataset_jpr_train/dataset_jpr_train/2/001471
2046,"1,28E+73",jpr_dados,M,45.0,GE MEDICAL SYSTEMS,166.0,1.25,0.484375,1.0,1.0,-1024.0,True,,,,/home/neuro-source/main_source/datasets/sprap_2024_03/id_spr02046/id_spr02046_master_image.nii.gz,Normal,,,,,,,,D:/Backup/Mestrado/dados/JPR/dataset_jpr_train/dataset_jpr_train/2/002046
1161,"1,28E+73",jpr_dados,F,27.0,Canon Medical Systems,171.0,2.0,0.495,1.0,1.0,0.0,True,,,,/home/neuro-source/main_source/datasets/sprap_2024_03/id_spr01161/id_spr01161_master_image.nii.gz,Normal,,,,,,,,D:/Backup/Mestrado/dados/JPR/dataset_jpr_train/dataset_jpr_train/3/001161
1556,"1,28E+73",jpr_dados,F,29.0,TOSHIBA,219.0,1.0,0.445,0.7999999999999999,1.0,0.0,True,,,,/home/neuro-source/main_source/datasets/sprap_2024_03/id_spr01556/id_spr01556_master_image.nii.gz,Normal,,,,,,,,D:/Backup/Mestrado/dados/JPR/dataset_jpr_train/dataset_jpr_train/2/001556
1575,"1,28E+73",jpr_dados,F,30.0,GE MEDICAL SYSTEMS,137.0,1.25,0.421875,1.25,1.0,-1024.0,True,,,,/home/neuro-source/main_source/datasets/sprap_2024_03/id_spr01575/id_spr01575_master_image.nii.gz,Normal,,,,,,,,D:/Backup/Mestrado/dados/JPR/dataset_jpr_train/dataset_jpr_train/2/001575
1423,"1,28E+73",jpr_dados,F,53.0,GE MEDICAL SYSTEMS,133.0,2.5,0.46875,1.25,1.0,-1024.0,True,,,,/home/neuro-source/main_source/datasets/sprap_2024_03/id_spr01423/id_spr01423_master_image.nii.gz,Normal,,,,,,,,D:/Backup/Mestrado/dados/JPR/dataset_jpr_train/dataset_jpr_train/2/001423
1375,"1,28E+73",jpr_dados,M,31.0,TOSHIBA,238.0,1.0,0.523,0.8,1.0,0.0,True,,,,/home/neuro-source/main_source/datasets/sprap_2024_03/id_spr01375/id_spr01375_master_image.nii.gz,Normal,,,,,,,,D:/Backup/Mestrado/dados/JPR/dataset_jpr_train/dataset_jpr_train/2/001375
860,"1,28E+73",jpr_dados,M,30.0,GE MEDICAL SYSTEMS,189.0,1.25,0.533203,1.25,1.0,-1024.0,True,,,,/home/neuro-source/main_source/datasets/sprap_2024_03/id_spr00860/id_spr00860_master_image.nii.gz,Normal,,,,,,,,D:/Backup/Mestrado/dados/JPR/dataset_jpr_train/dataset_jpr_train/3/000860
395,"1,28E+72",jpr_dados,F,39.0,Canon Medical Systems,191.0,2.0,0.503,1.0,1.0,0.0,True,,,,/home/neuro-source/main_source/datasets/sprap_2024_03/id_spr00395/id_spr00395_master_image.nii.gz,Normal,,,,,,,,D:/Backup/Mestrado/dados/JPR/dataset_jpr_train/dataset_jpr_train/3/000395
376,"1,28E+73",jpr_dados,F,18.0,GE MEDICAL SYSTEMS,141.0,1.25,0.488281,1.25,1.0,-1024.0,True,,,,/home/neuro-source/main_source/datasets/sprap_2024_03/id_spr00376/id_spr00376_master_image.nii.gz,Normal,,,,,,,,D:/Backup/Mestrado/dados/JPR/dataset_jpr_train/dataset_jpr_train/3/000376
508,"1,28E+73",jpr_dados,F,20.0,GE MEDICAL SYSTEMS,139.0,1.25,0.498047,1.25,1.0,-1024.0,True,,,,/home/neuro-source/main_source/datasets/sprap_2024_03/id_spr00508/id_spr00508_master_image.nii.gz,Normal,,,,,,,,D:/Backup/Mestrado/dados/JPR/dataset_jpr_train/dataset_jpr_train/3/000508
2458,"1,28E+73",jpr_dados,M,77.0,GE MEDICAL SYSTEMS,133.0,2.5,0.435546994209,1.25,1.0,-1024.0,True,,,,/home/neuro-source/main_source/datasets/sprap_2024_03/id_spr02458/id_spr02458_master_image.nii.gz,Normal,,,,,,,,D:/Backup/Mestrado/dados/JPR/dataset_jpr_train/dataset_jpr_train/1/002458
1592,"1,28E+73",jpr_dados,F,56.0,GE MEDICAL SYSTEMS,141.0,1.25,0.488281,1.25,1.0,-1024.0,True,,,,/home/neuro-source/main_source/datasets/sprap_2024_03/id_spr01592/id_spr01592_master_image.nii.gz,Normal,,,,,,,,D:/Backup/Mestrado/dados/JPR/dataset_jpr_train/dataset_jpr_train/2/001592
455,"1,28E+73",jpr_dados,M,33.0,Philips,170.0,2.0,0.48828125,10.000.000.011.834.300,1.0,-1024.0,True,,,,/home/neuro-source/main_source/datasets/sprap_2024_03/id_spr00455/id_spr00455_master_image.nii.gz,Normal,,,,,,,,D:/Backup/Mestrado/dados/JPR/dataset_jpr_train/dataset_jpr_train/3/000455
912,"1,28E+73",jpr_dados,F,44.0,GE MEDICAL SYSTEMS,181.0,1.25,0.488281,1.25,1.0,-1024.0,True,,,,/home/neuro-source/main_source/datasets/sprap_2024_03/id_spr00912/id_spr00912_master_image.nii.gz,Normal,,,,,,,,D:/Backup/Mestrado/dados/JPR/dataset_jpr_train/dataset_jpr_train/3/000912
1854,"1,28E+73",jpr_dados,F,48.0,GE MEDICAL SYSTEMS,133.0,1.25,0.476562,1.25,1.0,-1024.0,True,,,,/home/neuro-source/main_source/datasets/sprap_2024_03/id_spr01854/id_spr01854_master_image.nii.gz,Normal,,,,,,,,D:/Backup/Mestrado/dados/JPR/dataset_jpr_train/dataset_jpr_train/2/001854
950,"1,28E+73",jpr_dados,F,38.0,GE MEDICAL SYSTEMS,241.0,0.625,0.419922,0.625,1.0,-1024.0,True,,,,/home/neuro-source/main_source/datasets/sprap_2024_03/id_spr00950/id_spr00950_master_image.nii.gz,Normal,,,,,,,,D:/Backup/Mestrado/dados/JPR/dataset_jpr_train/dataset_jpr_train/3/000950
928,"1,28E+73",jpr_dados,F,27.0,Canon Medical Systems,171.0,2.0,0.429,1.0,1.0,0.0,True,,,,/home/neuro-source/main_source/datasets/sprap_2024_03/id_spr00928/id_spr00928_master_image.nii.gz,Normal,,,,,,,,D:/Backup/Mestrado/dados/JPR/dataset_jpr_train/dataset_jpr_train/3/000928
638,"1,28E+73",jpr_dados,F,38.0,Philips,186.0,2.0,0.48828125,1.000.000.001.081.080,1.0,-1024.0,True,,,,/home/neuro-source/main_source/datasets/sprap_2024_03/id_spr00638/id_spr00638_master_image.nii.gz,Normal,,,,,,,,D:/Backup/Mestrado/dados/JPR/dataset_jpr_train/dataset_jpr_train/3/000638
2476,"1,28E+73",jpr_dados,F,62.0,GE MEDICAL SYSTEMS,143.0,2.5,0.433593988419,1.25,1.0,-1024.0,True,,,,/home/neuro-source/main_source/datasets/sprap_2024_03/id_spr02476/id_spr02476_master_image.nii.gz,Normal,,,,,,,,D:/Backup/Mestrado/dados/JPR/dataset_jpr_train/dataset_jpr_train/1/002476
1074,"1,28E+73",jpr_dados,F,46.0,Canon Medical Systems,176.0,2.0,0.429,1.0,1.0,0.0,True,,,,/home/neuro-source/main_source/datasets/sprap_2024_03/id_spr01074/id_spr01074_master_image.nii.gz,Normal,,,,,,,,D:/Backup/Mestrado/dados/JPR/dataset_jpr_train/dataset_jpr_train/3/001074
2570,"1,28E+73",jpr_dados,M,66.0,GE MEDICAL SYSTEMS,157.0,2.5,0.45898398757,1.25,1.0,-1024.0,True,,,,/home/neuro-source/main_source/datasets/sprap_2024_03/id_spr02570/id_spr02570_master_image.nii.gz,Normal,,,,,,,,D:/Backup/Mestrado/dados/JPR/dataset_jpr_train/dataset_jpr_train/1/002570
498,"1,28E+73",jpr_dados,F,46.0,GE MEDICAL SYSTEMS,149.0,1.25,0.488281,1.25,1.0,-1024.0,True,,,,/home/neuro-source/main_source/datasets/sprap_2024_03/id_spr00498/id_spr00498_master_image.nii.gz,Normal,,,,,,,,D:/Backup/Mestrado/dados/JPR/dataset_jpr_train/dataset_jpr_train/3/000498
1024,"1,28E+73",jpr_dados,M,51.0,GE MEDICAL SYSTEMS,133.0,1.25,0.429688,1.25,1.0,-1024.0,True,,,,/home/neuro-source/main_source/datasets/sprap_2024_03/id_spr01024/id_spr01024_master_image.nii.gz,Normal,,,,,,,,D:/Backup/Mestrado/dados/JPR/dataset_jpr_train/dataset_jpr_train/3/001024
1532,"1,28E+73",jpr_dados,F,29.0,GE MEDICAL SYSTEMS,162.0,1.25,0.410156,1.0,1.0,-1024.0,True,,,,/home/neuro-source/main_source/datasets/sprap_2024_03/id_spr01532/id_spr01532_master_image.nii.gz,Normal,,,,,,,,D:/Backup/Mestrado/dados/JPR/dataset_jpr_train/dataset_jpr_train/2/001532
756,"1,28E+73",jpr_dados,M,36.0,GE MEDICAL SYSTEMS,149.0,1.25,0.507812,1.25,1.0,-1024.0,True,,,,/home/neuro-source/main_source/datasets/sprap_2024_03/id_spr00756/id_spr00756_master_image.nii.gz,Normal,,,,,,,,D:/Backup/Mestrado/dados/JPR/dataset_jpr_train/dataset_jpr_train/3/000756
2045,"1,28E+73",jpr_dados,F,52.0,GE MEDICAL SYSTEMS,176.0,1.25,0.429688,1.0,1.0,-1024.0,True,,,,/home/neuro-source/main_source/datasets/sprap_2024_03/id_spr02045/id_spr02045_master_image.nii.gz,Normal,,,,,,,,D:/Backup/Mestrado/dados/JPR/dataset_jpr_train/dataset_jpr_train/2/002045
1365,"1,28E+73",jpr_dados,M,33.0,GE MEDICAL SYSTEMS,180.0,1.25,0.439453,1.0,1.0,-1024.0,True,,,,/home/neuro-source/main_source/datasets/sprap_2024_03/id_spr01365/id_spr01365_master_image.nii.gz,Normal,,,,,,,,D:/Backup/Mestrado/dados/JPR/dataset_jpr_train/dataset_jpr_train/2/001365
2391,"1,28E+73",jpr_dados,F,29.0,GE MEDICAL SYSTEMS,281.0,1.25,0.435546994209,0.625,1.0,-1024.0,True,,,,/home/neuro-source/main_source/datasets/sprap_2024_03/id_spr02391/id_spr02391_master_image.nii.gz,Normal,,,,,,,,
2591,"1,28E+73",jpr_dados,F,86.0,GE MEDICAL SYSTEMS,147.0,2.5,0.43164101243,1.25,1.0,-1024.0,True,,,,/home/neuro-source/main_source/datasets/sprap_2024_03/id_spr02591/id_spr02591_master_image.nii.gz,Normal,,,,,,,,D:/Backup/Mestrado/dados/JPR/dataset_jpr_train/dataset_jpr_train/1/002591
389,"1,28E+72",jpr_dados,F,66.0,Philips,160.0,2.0,0.48828125,0.9999999974842768,1.0,-1024.0,True,,,,/home/neuro-source/main_source/datasets/sprap_2024_03/id_spr00389/id_spr00389_master_image.nii.gz,Normal,,,,,,,,D:/Backup/Mestrado/dados/JPR/dataset_jpr_train/dataset_jpr_train/3/000389
456,"1,28E+73",jpr_dados,F,34.0,Philips,195.0,2.0,0.48828125,10.000.000.010.309.200,1.0,-1024.0,True,,,,/home/neuro-source/main_source/datasets/sprap_2024_03/id_spr00456/id_spr00456_master_image.nii.gz,Normal,,,,,,,,D:/Backup/Mestrado/dados/JPR/dataset_jpr_train/dataset_jpr_train/3/000456
1677,"1,28E+73",jpr_dados,F,37.0,GE MEDICAL SYSTEMS,135.0,1.25,0.480469,1.25,1.0,-1024.0,True,,,,/home/neuro-source/main_source/datasets/sprap_2024_03/id_spr01677/id_spr01677_master_image.nii.gz,Normal,,,,,,,,D:/Backup/Mestrado/dados/JPR/dataset_jpr_train/dataset_jpr_train/2/001677
1776,"1,28E+73",jpr_dados,M,21.0,Philips,239.0,1.5,0.439453,0.75,1.0,-1024.0,True,,,,/home/neuro-source/main_source/datasets/sprap_2024_03/id_spr01776/id_spr01776_master_image.nii.gz,Normal,,,,,,,,D:/Backup/Mestrado/dados/JPR/dataset_jpr_train/dataset_jpr_train/2/001776
1040,"1,28E+73",jpr_dados,M,24.0,GE MEDICAL SYSTEMS,141.0,1.25,0.488281,1.25,1.0,-1024.0,True,,,,/home/neuro-source/main_source/datasets/sprap_2024_03/id_spr01040/id_spr01040_master_image.nii.gz,Normal,,,,,,,,D:/Backup/Mestrado/dados/JPR/dataset_jpr_train/dataset_jpr_train/3/001040
1586,"1,28E+73",jpr_dados,M,26.0,GE MEDICAL SYSTEMS,180.0,1.25,0.46875,1.0,1.0,-1024.0,True,,,,/home/neuro-source/main_source/datasets/sprap_2024_03/id_spr01586/id_spr01586_master_image.nii.gz,Normal,,,,,,,,D:/Backup/Mestrado/dados/JPR/dataset_jpr_train/dataset_jpr_train/2/001586
693,"1,28E+73",jpr_dados,F,22.0,GE MEDICAL SYSTEMS,153.0,1.25,0.507812,1.25,1.0,-1024.0,True,,,,/home/neuro-source/main_source/datasets/sprap_2024_03/id_spr00693/id_spr00693_master_image.nii.gz,Normal,,,,,,,,D:/Backup/Mestrado/dados/JPR/dataset_jpr_train/dataset_jpr_train/3/000693
2521,"1,28E+73",jpr_dados,F,41.0,GE MEDICAL SYSTEMS,285.0,1.25,0.488281011581,0.625,1.0,-1024.0,True,,,,/home/neuro-source/main_source/datasets/sprap_2024_03/id_spr02521/id_spr02521_master_image.nii.gz,Normal,,,,,,,,D:/Backup/Mestrado/dados/JPR/dataset_jpr_train/dataset_jpr_train/1/002521
545,"1,28E+73",jpr_dados,M,35.0,GE MEDICAL SYSTEMS,161.0,1.25,0.585938,1.25,1.0,-1024.0,True,,,,/home/neuro-source/main_source/datasets/sprap_2024_03/id_spr00545/id_spr00545_master_image.nii.gz,Normal,,,,,,,,D:/Backup/Mestrado/dados/JPR/dataset_jpr_train/dataset_jpr_train/3/000545
2040,"1,28E+73",jpr_dados,M,52.0,GE MEDICAL SYSTEMS,141.0,1.25,0.515625,1.25,1.0,-1024.0,True,,,,/home/neuro-source/main_source/datasets/sprap_2024_03/id_spr02040/id_spr02040_master_image.nii.gz,Normal,,,,,,,,D:/Backup/Mestrado/dados/JPR/dataset_jpr_train/dataset_jpr_train/2/002040
1250,"1,28E+73",jpr_dados,F,51.0,GE MEDICAL SYSTEMS,149.0,1.25,0.445312,1.25,1.0,-1024.0,True,,,,/home/neuro-source/main_source/datasets/sprap_2024_03/id_spr01250/id_spr01250_master_image.nii.gz,Normal,,,,,,,,D:/Backup/Mestrado/dados/JPR/dataset_jpr_train/dataset_jpr_train/3/001250
501,"1,28E+72",jpr_dados,M,37.0,GE MEDICAL SYSTEMS,175.0,1.25,0.625,1.25,1.0,-1024.0,True,,,,/home/neuro-source/main_source/datasets/sprap_2024_03/id_spr00501/id_spr00501_master_image.nii.gz,Normal,,,,,,,,D:/Backup/Mestrado/dados/JPR/dataset_jpr_train/dataset_jpr_train/3/000501
2138,"1,28E+73",jpr_dados,F,29.0,SIEMENS,253.0,0.75,0.412109375,0.7000000000000002,1.0,-1024.0,True,,,,/home/neuro-source/main_source/datasets/sprap_2024_03/id_spr02138/id_spr02138_master_image.nii.gz,Normal,,,,,,,,D:/Backup/Mestrado/dados/JPR/dataset_jpr_train/dataset_jpr_train/2/002138
2208,"1,28E+73",jpr_dados,F,37.0,GE MEDICAL SYSTEMS,123.0,1.25,0.40625,1.25,1.0,-1024.0,True,,,,/home/neuro-source/main_source/datasets/sprap_2024_03/id_spr02208/id_spr02208_master_image.nii.gz,Normal,,,,,,,,D:/Backup/Mestrado/dados/JPR/dataset_jpr_train/dataset_jpr_train/2/002208
2232,"1,28E+73",jpr_dados,F,36.0,GE MEDICAL SYSTEMS,140.0,1.25,0.453125,1.25,1.0,-1024.0,True,,,,/home/neuro-source/main_source/datasets/sprap_2024_03/id_spr02232/id_spr02232_master_image.nii.gz,Normal,,,,,,,,D:/Backup/Mestrado/dados/JPR/dataset_jpr_train/dataset_jpr_train/2/002232
2301,"1,28E+72",jpr_dados,F,51.0,TOSHIBA,176.0,2.0,0.463,1.0,1.0,0.0,True,,,,/home/neuro-source/main_source/datasets/sprap_2024_03/id_spr02301/id_spr02301_master_image.nii.gz,Normal,,,,,,,,D:/Backup/Mestrado/dados/JPR/dataset_jpr_train/dataset_jpr_train/2/002301
999,"1,28E+73",jpr_dados,M,55.0,GE MEDICAL SYSTEMS,173.0,1.25,0.509766,1.25,1.0,-1024.0,True,,,,/home/neuro-source/main_source/datasets/sprap_2024_03/id_spr00999/id_spr00999_master_image.nii.gz,Normal,,,,,,,,D:/Backup/Mestrado/dados/JPR/dataset_jpr_train/dataset_jpr_train/3/000999
2141,"1,28E+73",jpr_dados,F,35.0,SIEMENS,253.0,0.75,0.439453125,0.7000000000000002,1.0,-1024.0,True,,,,/home/neuro-source/main_source/datasets/sprap_2024_03/id_spr02141/id_spr02141_master_image.nii.gz,Normal,,,,,,,,D:/Backup/Mestrado/dados/JPR/dataset_jpr_train/dataset_jpr_train/2/002141
1660,"1,28E+73",jpr_dados,F,51.0,GE MEDICAL SYSTEMS,141.0,1.25,0.462891,1.25,1.0,-1024.0,True,,,,/home/neuro-source/main_source/datasets/sprap_2024_03/id_spr01660/id_spr01660_master_image.nii.gz,Normal,,,,,,,,D:/Backup/Mestrado/dados/JPR/dataset_jpr_train/dataset_jpr_train/2/001660
2587,"1,28E+73",jpr_dados,M,63.0,GE MEDICAL SYSTEMS,277.0,1.25,0.42773398757,0.625,1.0,-1024.0,True,,,,/home/neuro-source/main_source/datasets/sprap_2024_03/id_spr02587/id_spr02587_master_image.nii.gz,Normal,,,,,,,,D:/Backup/Mestrado/dados/JPR/dataset_jpr_train/dataset_jpr_train/1/002587
838,"1,28E+73",jpr_dados,F,36.0,GE MEDICAL SYSTEMS,129.0,1.25,0.488281,1.25,1.0,-1024.0,True,,,,/home/neuro-source/main_source/datasets/sprap_2024_03/id_spr00838/id_spr00838_master_image.nii.gz,Normal,,,,,,,,D:/Backup/Mestrado/dados/JPR/dataset_jpr_train/dataset_jpr_train/3/000838
2269,"1,28E+73",jpr_dados,F,36.0,TOSHIBA,166.0,2.0,0.468,10.000.000.000.000.000,1.0,0.0,True,,,,/home/neuro-source/main_source/datasets/sprap_2024_03/id_spr02269/id_spr02269_master_image.nii.gz,Normal,,,,,,,,D:/Backup/Mestrado/dados/JPR/dataset_jpr_train/dataset_jpr_train/2/002269
1569,"1,28E+73",jpr_dados,F,52.0,TOSHIBA,213.0,1.0,0.456,0.8000000000000002,1.0,0.0,True,,,,/home/neuro-source/main_source/datasets/sprap_2024_03/id_spr01569/id_spr01569_master_image.nii.gz,Normal,,,,,,,,D:/Backup/Mestrado/dados/JPR/dataset_jpr_train/dataset_jpr_train/2/001569
2569,"1,28E+73",jpr_dados,F,69.0,GE MEDICAL SYSTEMS,295.0,1.25,0.601562023163,0.625,1.0,-1024.0,True,,,,/home/neuro-source/main_source/datasets/sprap_2024_03/id_spr02569/id_spr02569_master_image.nii.gz,Normal,,,,,,,,D:/Backup/Mestrado/dados/JPR/dataset_jpr_train/dataset_jpr_train/1/002569
610,"1,28E+73",jpr_dados,F,51.0,GE MEDICAL SYSTEMS,129.0,1.25,0.488281,1.25,1.0,-1024.0,True,,,,/home/neuro-source/main_source/datasets/sprap_2024_03/id_spr00610/id_spr00610_master_image.nii.gz,Normal,,,,,,,,D:/Backup/Mestrado/dados/JPR/dataset_jpr_train/dataset_jpr_train/3/000610
2368,"1,28E+73",jpr_dados,M,63.0,GE MEDICAL SYSTEMS,305.0,2.5,0.507812023163,0.625,1.0,-1024.0,True,,,,/home/neuro-source/main_source/datasets/sprap_2024_03/id_spr02368/id_spr02368_master_image.nii.gz,Normal,,,,,,,,D:/Backup/Mestrado/dados/JPR/dataset_jpr_train/dataset_jpr_train/1/002368
1103,"1,28E+73",jpr_dados,F,41.0,Siemens Healthineers,162.0,2.0,0.3844603175,10.000.020.191.523.700,1.0,-8192.0,True,,,,/home/neuro-source/main_source/datasets/sprap_2024_03/id_spr01103/id_spr01103_master_image.nii.gz,Normal,,,,,,,,D:/Backup/Mestrado/dados/JPR/dataset_jpr_train/dataset_jpr_train/3/001103
812,"1,28E+73",jpr_dados,F,32.0,GE MEDICAL SYSTEMS,141.0,1.25,0.439453,1.25,1.0,-1024.0,True,,,,/home/neuro-source/main_source/datasets/sprap_2024_03/id_spr00812/id_spr00812_master_image.nii.gz,Normal,,,,,,,,D:/Backup/Mestrado/dados/JPR/dataset_jpr_train/dataset_jpr_train/3/000812
1378,"1,28E+73",jpr_dados,F,33.0,Philips,245.0,1.5,0.447266,0.75,1.0,-1024.0,True,,,,/home/neuro-source/main_source/datasets/sprap_2024_03/id_spr01378/id_spr01378_master_image.nii.gz,Normal,,,,,,,,D:/Backup/Mestrado/dados/JPR/dataset_jpr_train/dataset_jpr_train/2/001378
1960,"1,28E+73",jpr_dados,M,42.0,TOSHIBA,263.0,1.0,0.422,0.8,1.0,0.0,True,,,,/home/neuro-source/main_source/datasets/sprap_2024_03/id_spr01960/id_spr01960_master_image.nii.gz,Normal,,,,,,,,D:/Backup/Mestrado/dados/JPR/dataset_jpr_train/dataset_jpr_train/2/001960
2144,"1,28E+73",jpr_dados,F,31.0,SIEMENS,273.0,0.75,0.474609375,0.7000000000000002,1.0,-1024.0,True,,,,/home/neuro-source/main_source/datasets/sprap_2024_03/id_spr02144/id_spr02144_master_image.nii.gz,Normal,,,,,,,,D:/Backup/Mestrado/dados/JPR/dataset_jpr_train/dataset_jpr_train/2/002144
1709,"1,28E+73",jpr_dados,M,40.0,GE MEDICAL SYSTEMS,154.0,1.25,0.488281,1.25,1.0,-1024.0,True,,,,/home/neuro-source/main_source/datasets/sprap_2024_03/id_spr01709/id_spr01709_master_image.nii.gz,Normal,,,,,,,,D:/Backup/Mestrado/dados/JPR/dataset_jpr_train/dataset_jpr_train/2/001709
499,"1,28E+73",jpr_dados,F,23.0,GE MEDICAL SYSTEMS,139.0,1.25,0.498047,1.25,1.0,-1024.0,True,,,,/home/neuro-source/main_source/datasets/sprap_2024_03/id_spr00499/id_spr00499_master_image.nii.gz,Normal,,,,,,,,D:/Backup/Mestrado/dados/JPR/dataset_jpr_train/dataset_jpr_train/3/000499
1652,"1,28E+72",jpr_dados,F,20.0,GE MEDICAL SYSTEMS,131.0,1.25,0.482422,1.25,1.0,-1024.0,True,,,,/home/neuro-source/main_source/datasets/sprap_2024_03/id_spr01652/id_spr01652_master_image.nii.gz,Normal,,,,,,,,D:/Backup/Mestrado/dados/JPR/dataset_jpr_train/dataset_jpr_train/2/001652
2496,"1,28E+73",jpr_dados,F,59.0,GE MEDICAL SYSTEMS,135.0,2.5,0.40039101243,1.25,1.0,-1024.0,True,,,,/home/neuro-source/main_source/datasets/sprap_2024_03/id_spr02496/id_spr02496_master_image.nii.gz,Normal,,,,,,,,D:/Backup/Mestrado/dados/JPR/dataset_jpr_train/dataset_jpr_train/1/002496
1799,"1,28E+73",jpr_dados,F,50.0,TOSHIBA,213.0,1.0,0.429,0.8000000000000002,1.0,0.0,True,,,,/home/neuro-source/main_source/datasets/sprap_2024_03/id_spr01799/id_spr01799_master_image.nii.gz,Normal,,,,,,,,D:/Backup/Mestrado/dados/JPR/dataset_jpr_train/dataset_jpr_train/2/001799
2273,"1,28E+73",jpr_dados,M,32.0,TOSHIBA,191.0,2.0,0.473,1.0,1.0,0.0,True,,,,/home/neuro-source/main_source/datasets/sprap_2024_03/id_spr02273/id_spr02273_master_image.nii.gz,Normal,,,,,,,,D:/Backup/Mestrado/dados/JPR/dataset_jpr_train/dataset_jpr_train/2/002273
1209,"1,28E+73",jpr_dados,M,21.0,Canon Medical Systems,181.0,2.0,0.473,1.0,1.0,0.0,True,,,,/home/neuro-source/main_source/datasets/sprap_2024_03/id_spr01209/id_spr01209_master_image.nii.gz,Normal,,,,,,,,D:/Backup/Mestrado/dados/JPR/dataset_jpr_train/dataset_jpr_train/3/001209
1563,"1,28E+73",jpr_dados,F,33.0,GE MEDICAL SYSTEMS,139.0,1.25,0.488281,1.25,1.0,-1024.0,True,,,,/home/neuro-source/main_source/datasets/sprap_2024_03/id_spr01563/id_spr01563_master_image.nii.gz,Normal,,,,,,,,D:/Backup/Mestrado/dados/JPR/dataset_jpr_train/dataset_jpr_train/2/001563
2080,"1,28E+73",jpr_dados,F,47.0,GE MEDICAL SYSTEMS,126.0,1.25,0.410156,1.25,1.0,-1024.0,True,,,,/home/neuro-source/main_source/datasets/sprap_2024_03/id_spr02080/id_spr02080_master_image.nii.gz,Normal,,,,,,,,D:/Backup/Mestrado/dados/JPR/dataset_jpr_train/dataset_jpr_train/2/002080
2460,"1,28E+73",jpr_dados,F,45.0,TOSHIBA,226.0,1.0,0.430000007153,0.8,1.0,0.0,True,,,,/home/neuro-source/main_source/datasets/sprap_2024_03/id_spr02460/id_spr02460_master_image.nii.gz,Normal,,,,,,,,D:/Backup/Mestrado/dados/JPR/dataset_jpr_train/dataset_jpr_train/1/002460
1336,"1,28E+73",jpr_dados,F,68.0,TOSHIBA,226.0,1.0,0.434,0.8,1.0,0.0,True,,,,/home/neuro-source/main_source/datasets/sprap_2024_03/id_spr01336/id_spr01336_master_image.nii.gz,Normal,,,,,,,,D:/Backup/Mestrado/dados/JPR/dataset_jpr_train/dataset_jpr_train/2/001336
1235,"1,28E+73",jpr_dados,F,35.0,Canon Medical Systems,196.0,2.0,0.429,1.0,1.0,0.0,True,,,,/home/neuro-source/main_source/datasets/sprap_2024_03/id_spr01235/id_spr01235_master_image.nii.gz,Normal,,,,,,,,D:/Backup/Mestrado/dados/JPR/dataset_jpr_train/dataset_jpr_train/3/001235
2212,"1,28E+73",jpr_dados,M,30.0,GE MEDICAL SYSTEMS,145.0,1.25,0.488281,1.25,1.0,-1024.0,True,,,,/home/neuro-source/main_source/datasets/sprap_2024_03/id_spr02212/id_spr02212_master_image.nii.gz,Normal,,,,,,,,D:/Backup/Mestrado/dados/JPR/dataset_jpr_train/dataset_jpr_train/2/002212
2218,"1,28E+73",jpr_dados,M,39.0,GE MEDICAL SYSTEMS,145.0,1.25,0.46875,1.25,1.0,-1024.0,True,,,,/home/neuro-source/main_source/datasets/sprap_2024_03/id_spr02218/id_spr02218_master_image.nii.gz,Normal,,,,,,,,D:/Backup/Mestrado/dados/JPR/dataset_jpr_train/dataset_jpr_train/2/002218
374,"1,28E+73",jpr_dados,F,42.0,GE MEDICAL SYSTEMS,142.0,1.25,0.503906,1.25,1.0,-1024.0,True,,,,/home/neuro-source/main_source/datasets/sprap_2024_03/id_spr00374/id_spr00374_master_image.nii.gz,Normal,,,,,,,,
2566,"1,28E+73",jpr_dados,M,77.0,GE MEDICAL SYSTEMS,307.0,1.25,0.45898398757,0.625,1.0,-1024.0,True,,,,/home/neuro-source/main_source/datasets/sprap_2024_03/id_spr02566/id_spr02566_master_image.nii.gz,Normal,,,,,,,,D:/Backup/Mestrado/dados/JPR/dataset_jpr_train/dataset_jpr_train/1/002566
382,"1,28E+72",jpr_dados,F,32.0,GE MEDICAL SYSTEMS,141.0,1.25,0.529297,1.25,1.0,-1024.0,True,,,,/home/neuro-source/main_source/datasets/sprap_2024_03/id_spr00382/id_spr00382_master_image.nii.gz,Normal,,,,,,,,D:/Backup/Mestrado/dados/JPR/dataset_jpr_train/dataset_jpr_train/3/000382
449,"1,28E+73",jpr_dados,F,23.0,GE MEDICAL SYSTEMS,153.0,1.25,0.488281,1.25,1.0,-1024.0,True,,,,/home/neuro-source/main_source/datasets/sprap_2024_03/id_spr00449/id_spr00449_master_image.nii.gz,Normal,,,,,,,,D:/Backup/Mestrado/dados/JPR/dataset_jpr_train/dataset_jpr_train/3/000449
1964,"1,28E+73",jpr_dados,F,39.0,TOSHIBA,257.0,1.0,0.483,0.7999999999999998,1.0,0.0,True,,,,/home/neuro-source/main_source/datasets/sprap_2024_03/id_spr01964/id_spr01964_master_image.nii.gz,Normal,,,,,,,,D:/Backup/Mestrado/dados/JPR/dataset_jpr_train/dataset_jpr_train/2/001964
465,"1,28E+73",jpr_dados,M,43.0,GE MEDICAL SYSTEMS,156.0,1.25,0.488281,1.25,1.0,-1024.0,True,,,,/home/neuro-source/main_source/datasets/sprap_2024_03/id_spr00465/id_spr00465_master_image.nii.gz,Normal,,,,,,,,D:/Backup/Mestrado/dados/JPR/dataset_jpr_train/dataset_jpr_train/3/000465
1675,"1,28E+72",jpr_dados,F,37.0,SIEMENS,168.0,1.0,0.453125,10.000.000.000.000.000,1.0,-1024.0,True,,,,/home/neuro-source/main_source/datasets/sprap_2024_03/id_spr01675/id_spr01675_master_image.nii.gz,Normal,,,,,,,,D:/Backup/Mestrado/dados/JPR/dataset_jpr_train/dataset_jpr_train/2/001675
1303,"1,28E+73",jpr_dados,F,55.0,GE MEDICAL SYSTEMS,139.0,1.25,0.46875,1.25,1.0,-1024.0,True,,,,/home/neuro-source/main_source/datasets/sprap_2024_03/id_spr01303/id_spr01303_master_image.nii.gz,Normal,,,,,,,,D:/Backup/Mestrado/dados/JPR/dataset_jpr_train/dataset_jpr_train/3/001303
1697,"1,28E+73",jpr_dados,F,52.0,GE MEDICAL SYSTEMS,133.0,1.25,0.474609,1.25,1.0,-1024.0,True,,,,/home/neuro-source/main_source/datasets/sprap_2024_03/id_spr01697/id_spr01697_master_image.nii.gz,Normal,,,,,,,,D:/Backup/Mestrado/dados/JPR/dataset_jpr_train/dataset_jpr_train/2/001697
2446,"1,28E+73",jpr_dados,F,38.0,GE MEDICAL SYSTEMS,137.0,2.5,0.523437976837,1.25,1.0,-1024.0,True,,,,/home/neuro-source/main_source/datasets/sprap_2024_03/id_spr02446/id_spr02446_master_image.nii.gz,Normal,,,,,,,,D:/Backup/Mestrado/dados/JPR/dataset_jpr_train/dataset_jpr_train/1/002446
2183,"1,28E+73",jpr_dados,F,49.0,SIEMENS,228.0,1.0,0.41015625,0.7000000000000002,1.0,-1024.0,True,,,,/home/neuro-source/main_source/datasets/sprap_2024_03/id_spr02183/id_spr02183_master_image.nii.gz,Normal,,,,,,,,D:/Backup/Mestrado/dados/JPR/dataset_jpr_train/dataset_jpr_train/2/002183
1793,"1,28E+73",jpr_dados,M,46.0,GE MEDICAL SYSTEMS,154.0,1.25,0.488281,1.25,1.0,-1024.0,True,,,,/home/neuro-source/main_source/datasets/sprap_2024_03/id_spr01793/id_spr01793_master_image.nii.gz,Normal,,,,,,,,D:/Backup/Mestrado/dados/JPR/dataset_jpr_train/dataset_jpr_train/2/001793
1039,"1,28E+72",jpr_dados,F,45.0,TOSHIBA,162.0,1.0,0.402,1.0,1.0,0.0,True,,,,/home/neuro-source/main_source/datasets/sprap_2024_03/id_spr01039/id_spr01039_master_image.nii.gz,Normal,,,,,,,,D:/Backup/Mestrado/dados/JPR/dataset_jpr_train/dataset_jpr_train/3/001039
784,"1,28E+73",jpr_dados,F,62.0,GE MEDICAL SYSTEMS,145.0,1.25,0.40625,1.25,1.0,-1024.0,True,,,,/home/neuro-source/main_source/datasets/sprap_2024_03/id_spr00784/id_spr00784_master_image.nii.gz,Normal,,,,,,,,D:/Backup/Mestrado/dados/JPR/dataset_jpr_train/dataset_jpr_train/3/000784
2059,"1,28E+73",jpr_dados,F,23.0,TOSHIBA,207.0,1.0,0.429,0.8,1.0,0.0,True,,,,/home/neuro-source/main_source/datasets/sprap_2024_03/id_spr02059/id_spr02059_master_image.nii.gz,Normal,,,,,,,,D:/Backup/Mestrado/dados/JPR/dataset_jpr_train/dataset_jpr_train/2/002059
2000,"1,28E+73",jpr_dados,F,52.0,GE MEDICAL SYSTEMS,198.0,1.25,0.384766,0.7999999999999999,1.0,-1024.0,True,,,,/home/neuro-source/main_source/datasets/sprap_2024_03/id_spr02000/id_spr02000_master_image.nii.gz,Normal,,,,,,,,D:/Backup/Mestrado/dados/JPR/dataset_jpr_train/dataset_jpr_train/2/002000
1671,"1,28E+72",jpr_dados,F,55.0,TOSHIBA,226.0,1.0,0.449,0.8,1.0,0.0,True,,,,/home/neuro-source/main_source/datasets/sprap_2024_03/id_spr01671/id_spr01671_master_image.nii.gz,Normal,,,,,,,,D:/Backup/Mestrado/dados/JPR/dataset_jpr_train/dataset_jpr_train/2/001671
2593,"1,28E+73",jpr_dados,M,84.0,GE MEDICAL SYSTEMS,151.0,2.5,0.488281011581,1.25,1.0,-1024.0,True,,,,/home/neuro-source/main_source/datasets/sprap_2024_03/id_spr02593/id_spr02593_master_image.nii.gz,Normal,,,,,,,,D:/Backup/Mestrado/dados/JPR/dataset_jpr_train/dataset_jpr_train/1/002593
486,"1,28E+73",jpr_dados,F,33.0,GE MEDICAL SYSTEMS,206.0,2.5,0.488281,1.0,1.0,-1024.0,True,,,,/home/neuro-source/main_source/datasets/sprap_2024_03/id_spr00486/id_spr00486_master_image.nii.gz,Normal,,,,,,,,D:/Backup/Mestrado/dados/JPR/dataset_jpr_train/dataset_jpr_train/3/000486
1088,"1,28E+73",jpr_dados,F,38.0,Canon Medical Systems,186.0,2.0,0.522,1.0,1.0,0.0,True,,,,/home/neuro-source/main_source/datasets/sprap_2024_03/id_spr01088/id_spr01088_master_image.nii.gz,Normal,,,,,,,,D:/Backup/Mestrado/dados/JPR/dataset_jpr_train/dataset_jpr_train/3/001088
711,"1,28E+73",jpr_dados,F,35.0,Philips,177.0,2.0,0.484375,1.0,1.0,-1024.0,True,,,,/home/neuro-source/main_source/datasets/sprap_2024_03/id_spr00711/id_spr00711_master_image.nii.gz,Normal,,,,,,,,D:/Backup/Mestrado/dados/JPR/dataset_jpr_train/dataset_jpr_train/3/000711
663,"1,28E+72",jpr_dados,M,49.0,GE MEDICAL SYSTEMS,151.0,1.25,0.507812,1.25,1.0,-1024.0,True,,,,/home/neuro-source/main_source/datasets/sprap_2024_03/id_spr00663/id_spr00663_master_image.nii.gz,Normal,,,,,,,,D:/Backup/Mestrado/dados/JPR/dataset_jpr_train/dataset_jpr_train/3/000663
2023,"1,28E+73",jpr_dados,M,43.0,TOSHIBA,191.0,2.0,0.449,1.0,1.0,0.0,True,,,,/home/neuro-source/main_source/datasets/sprap_2024_03/id_spr02023/id_spr02023_master_image.nii.gz,Normal,,,,,,,,D:/Backup/Mestrado/dados/JPR/dataset_jpr_train/dataset_jpr_train/2/002023
1206,"1,28E+73",jpr_dados,F,26.0,GE MEDICAL SYSTEMS,130.0,1.25,0.488281,1.25,1.0,-1024.0,True,,,,/home/neuro-source/main_source/datasets/sprap_2024_03/id_spr01206/id_spr01206_master_image.nii.gz,Normal,,,,,,,,D:/Backup/Mestrado/dados/JPR/dataset_jpr_train/dataset_jpr_train/3/001206
408,"1,28E+73",jpr_dados,F,42.0,GE MEDICAL SYSTEMS,141.0,1.25,0.488281,1.25,1.0,-1024.0,True,,,,/home/neuro-source/main_source/datasets/sprap_2024_03/id_spr00408/id_spr00408_master_image.nii.gz,Normal,,,,,,,,D:/Backup/Mestrado/dados/JPR/dataset_jpr_train/dataset_jpr_train/3/000408
1359,"1,28E+73",jpr_dados,M,37.0,GE MEDICAL SYSTEMS,144.0,1.25,0.482422,1.25,1.0,-1024.0,True,,,,/home/neuro-source/main_source/datasets/sprap_2024_03/id_spr01359/id_spr01359_master_image.nii.gz,Normal,,,,,,,,D:/Backup/Mestrado/dados/JPR/dataset_jpr_train/dataset_jpr_train/2/001359
868,"1,28E+73",jpr_dados,M,47.0,GE MEDICAL SYSTEMS,153.0,1.25,0.476562,1.25,1.0,-1024.0,True,,,,/home/neuro-source/main_source/datasets/sprap_2024_03/id_spr00868/id_spr00868_master_image.nii.gz,Normal,,,,,,,,D:/Backup/Mestrado/dados/JPR/dataset_jpr_train/dataset_jpr_train/3/000868
2491,"1,28E+73",jpr_dados,M,58.0,GE MEDICAL SYSTEMS,159.0,2.5,0.460938006639,1.25,1.0,-1024.0,True,,,,/home/neuro-source/main_source/datasets/sprap_2024_03/id_spr02491/id_spr02491_master_image.nii.gz,Normal,,,,,,,,D:/Backup/Mestrado/dados/JPR/dataset_jpr_train/dataset_jpr_train/1/002491
1722,"1,28E+73",jpr_dados,M,51.0,TOSHIBA,213.0,1.0,0.399,0.8000000000000002,1.0,0.0,True,,,,/home/neuro-source/main_source/datasets/sprap_2024_03/id_spr01722/id_spr01722_master_image.nii.gz,Normal,,,,,,,,D:/Backup/Mestrado/dados/JPR/dataset_jpr_train/dataset_jpr_train/2/001722
1886,"1,28E+73",jpr_dados,M,45.0,TOSHIBA,226.0,1.0,0.463,0.8,1.0,0.0,True,,,,/home/neuro-source/main_source/datasets/sprap_2024_03/id_spr01886/id_spr01886_master_image.nii.gz,Normal,,,,,,,,D:/Backup/Mestrado/dados/JPR/dataset_jpr_train/dataset_jpr_train/2/001886
1216,"1,28E+72",jpr_dados,F,48.0,GE MEDICAL SYSTEMS,141.0,1.25,0.488281,1.25,1.0,-1024.0,True,,,,/home/neuro-source/main_source/datasets/sprap_2024_03/id_spr01216/id_spr01216_master_image.nii.gz,Normal,,,,,,,,D:/Backup/Mestrado/dados/JPR/dataset_jpr_train/dataset_jpr_train/3/001216
2633,"1,28E+73",jpr_dados,M,37.0,GE MEDICAL SYSTEMS,149.0,2.5,0.564453005791,1.25,1.0,-1024.0,True,,,,/home/neuro-source/main_source/datasets/sprap_2024_03/id_spr02633/id_spr02633_master_image.nii.gz,Normal,,,,,,,,D:/Backup/Mestrado/dados/JPR/dataset_jpr_train/dataset_jpr_train/1/002633
1261,"1,28E+73",jpr_dados,F,24.0,GE MEDICAL SYSTEMS,169.0,1.25,0.625,1.25,1.0,-1024.0,True,,,,/home/neuro-source/main_source/datasets/sprap_2024_03/id_spr01261/id_spr01261_master_image.nii.gz,Normal,,,,,,,,D:/Backup/Mestrado/dados/JPR/dataset_jpr_train/dataset_jpr_train/3/001261
1140,"1,28E+73",jpr_dados,M,27.0,GE MEDICAL SYSTEMS,149.0,1.25,0.488281,1.25,1.0,-1024.0,True,,,,/home/neuro-source/main_source/datasets/sprap_2024_03/id_spr01140/id_spr01140_master_image.nii.gz,Normal,,,,,,,,D:/Backup/Mestrado/dados/JPR/dataset_jpr_train/dataset_jpr_train/3/001140
1968,"1,28E+73",jpr_dados,M,48.0,TOSHIBA,244.0,1.0,0.473,0.7999999999999999,1.0,0.0,True,,,,/home/neuro-source/main_source/datasets/sprap_2024_03/id_spr01968/id_spr01968_master_image.nii.gz,Normal,,,,,,,,D:/Backup/Mestrado/dados/JPR/dataset_jpr_train/dataset_jpr_train/2/001968
2140,"1,28E+73",jpr_dados,F,43.0,SIEMENS,258.0,0.75,0.462890625,0.7,1.0,-1024.0,True,,,,/home/neuro-source/main_source/datasets/sprap_2024_03/id_spr02140/id_spr02140_master_image.nii.gz,Normal,,,,,,,,D:/Backup/Mestrado/dados/JPR/dataset_jpr_train/dataset_jpr_train/2/002140
917,"1,28E+73",jpr_dados,F,41.0,GE MEDICAL SYSTEMS,149.0,1.25,0.541016,1.25,1.0,-1024.0,True,,,,/home/neuro-source/main_source/datasets/sprap_2024_03/id_spr00917/id_spr00917_master_image.nii.gz,Normal,,,,,,,,D:/Backup/Mestrado/dados/JPR/dataset_jpr_train/dataset_jpr_train/3/000917
1431,"1,28E+73",jpr_dados,F,39.0,GE MEDICAL SYSTEMS,153.0,1.25,0.488281,1.25,1.0,-1024.0,True,,,,/home/neuro-source/main_source/datasets/sprap_2024_03/id_spr01431/id_spr01431_master_image.nii.gz,Normal,,,,,,,,D:/Backup/Mestrado/dados/JPR/dataset_jpr_train/dataset_jpr_train/2/001431
2561,"1,28E+73",jpr_dados,M,79.0,GE MEDICAL SYSTEMS,139.0,2.5,0.449218988419,1.25,1.0,-1024.0,True,,,,/home/neuro-source/main_source/datasets/sprap_2024_03/id_spr02561/id_spr02561_master_image.nii.gz,Normal,,,,,,,,D:/Backup/Mestrado/dados/JPR/dataset_jpr_train/dataset_jpr_train/1/002561
495,"1,28E+73",jpr_dados,F,43.0,GE MEDICAL SYSTEMS,137.0,1.25,0.488281,1.25,1.0,-1024.0,True,,,,/home/neuro-source/main_source/datasets/sprap_2024_03/id_spr00495/id_spr00495_master_image.nii.gz,Normal,,,,,,,,D:/Backup/Mestrado/dados/JPR/dataset_jpr_train/dataset_jpr_train/3/000495
1456,"1,28E+72",jpr_dados,F,41.0,Canon Medical Systems,191.0,2.0,0.488,1.0,1.0,0.0,True,,,,/home/neuro-source/main_source/datasets/sprap_2024_03/id_spr01456/id_spr01456_master_image.nii.gz,Normal,,,,,,,,D:/Backup/Mestrado/dados/JPR/dataset_jpr_train/dataset_jpr_train/2/001456
1172,"1,28E+73",jpr_dados,F,67.0,GE MEDICAL SYSTEMS,133.0,1.25,0.488281,1.25,1.0,-1024.0,True,,,,/home/neuro-source/main_source/datasets/sprap_2024_03/id_spr01172/id_spr01172_master_image.nii.gz,Normal,,,,,,,,D:/Backup/Mestrado/dados/JPR/dataset_jpr_train/dataset_jpr_train/3/001172
1782,"1,28E+73",jpr_dados,M,26.0,GE MEDICAL SYSTEMS,141.0,1.25,0.488281,1.25,1.0,-1024.0,True,,,,/home/neuro-source/main_source/datasets/sprap_2024_03/id_spr01782/id_spr01782_master_image.nii.gz,Normal,,,,,,,,D:/Backup/Mestrado/dados/JPR/dataset_jpr_train/dataset_jpr_train/2/001782
1668,"1,28E+72",jpr_dados,F,33.0,SIEMENS,246.0,1.0,0.419921875,0.7,1.0,-1024.0,True,,,,/home/neuro-source/main_source/datasets/sprap_2024_03/id_spr01668/id_spr01668_master_image.nii.gz,Normal,,,,,,,,D:/Backup/Mestrado/dados/JPR/dataset_jpr_train/dataset_jpr_train/2/001668
2234,"1,28E+73",jpr_dados,F,19.0,GE MEDICAL SYSTEMS,140.0,1.25,0.439453,1.25,1.0,-1024.0,True,,,,/home/neuro-source/main_source/datasets/sprap_2024_03/id_spr02234/id_spr02234_master_image.nii.gz,Normal,,,,,,,,D:/Backup/Mestrado/dados/JPR/dataset_jpr_train/dataset_jpr_train/2/002234
2463,"1,28E+73",jpr_dados,F,46.0,GE MEDICAL SYSTEMS,241.0,1.25,0.488281011581,0.625,1.0,-1024.0,True,,,,/home/neuro-source/main_source/datasets/sprap_2024_03/id_spr02463/id_spr02463_master_image.nii.gz,Normal,,,,,,,,D:/Backup/Mestrado/dados/JPR/dataset_jpr_train/dataset_jpr_train/1/002463
644,"1,28E+73",jpr_dados,M,23.0,GE MEDICAL SYSTEMS,161.0,1.25,0.505859,1.25,1.0,-1024.0,True,,,,/home/neuro-source/main_source/datasets/sprap_2024_03/id_spr00644/id_spr00644_master_image.nii.gz,Normal,,,,,,,,D:/Backup/Mestrado/dados/JPR/dataset_jpr_train/dataset_jpr_train/3/000644
2493,"1,28E+72",jpr_dados,M,57.0,GE MEDICAL SYSTEMS,153.0,2.5,0.488281011581,1.25,1.0,-1024.0,True,,,,/home/neuro-source/main_source/datasets/sprap_2024_03/id_spr02493/id_spr02493_master_image.nii.gz,Normal,,,,,,,,D:/Backup/Mestrado/dados/JPR/dataset_jpr_train/dataset_jpr_train/1/002493
1866,"1,28E+73",jpr_dados,M,45.0,GE MEDICAL SYSTEMS,137.0,1.25,0.474609,1.25,1.0,-1024.0,True,,,,/home/neuro-source/main_source/datasets/sprap_2024_03/id_spr01866/id_spr01866_master_image.nii.gz,Normal,,,,,,,,D:/Backup/Mestrado/dados/JPR/dataset_jpr_train/dataset_jpr_train/2/001866
1470,"1,28E+73",jpr_dados,M,32.0,TOSHIBA,393.0,1.0,0.449,0.5,1.0,0.0,True,,,,/home/neuro-source/main_source/datasets/sprap_2024_03/id_spr01470/id_spr01470_master_image.nii.gz,Normal,,,,,,,,D:/Backup/Mestrado/dados/JPR/dataset_jpr_train/dataset_jpr_train/2/001470
1242,"1,28E+72",jpr_dados,M,39.0,Canon Medical Systems,191.0,2.0,0.534,1.0,1.0,0.0,True,,,,/home/neuro-source/main_source/datasets/sprap_2024_03/id_spr01242/id_spr01242_master_image.nii.gz,Normal,,,,,,,,D:/Backup/Mestrado/dados/JPR/dataset_jpr_train/dataset_jpr_train/3/001242
1777,"1,28E+72",jpr_dados,F,46.0,GE MEDICAL SYSTEMS,125.0,1.25,0.439453,1.25,1.0,-1024.0,True,,,,/home/neuro-source/main_source/datasets/sprap_2024_03/id_spr01777/id_spr01777_master_image.nii.gz,Normal,,,,,,,,D:/Backup/Mestrado/dados/JPR/dataset_jpr_train/dataset_jpr_train/2/001777
1690,"1,28E+73",jpr_dados,F,28.0,GE MEDICAL SYSTEMS,144.0,1.25,0.464844,1.25,1.0,-1024.0,True,,,,/home/neuro-source/main_source/datasets/sprap_2024_03/id_spr01690/id_spr01690_master_image.nii.gz,Normal,,,,,,,,D:/Backup/Mestrado/dados/JPR/dataset_jpr_train/dataset_jpr_train/2/001690
1543,"1,28E+73",jpr_dados,F,26.0,GE MEDICAL SYSTEMS,162.0,1.25,0.488281,1.0,1.0,-1024.0,True,,,,/home/neuro-source/main_source/datasets/sprap_2024_03/id_spr01543/id_spr01543_master_image.nii.gz,Normal,,,,,,,,D:/Backup/Mestrado/dados/JPR/dataset_jpr_train/dataset_jpr_train/2/001543
761,"1,28E+72",jpr_dados,M,28.0,GE MEDICAL SYSTEMS,141.0,1.25,0.572266,1.25,1.0,-1024.0,True,,,,/home/neuro-source/main_source/datasets/sprap_2024_03/id_spr00761/id_spr00761_master_image.nii.gz,Normal,,,,,,,,D:/Backup/Mestrado/dados/JPR/dataset_jpr_train/dataset_jpr_train/3/000761
1433,"1,28E+73",jpr_dados,F,27.0,GE MEDICAL SYSTEMS,145.0,1.25,0.419922,1.25,1.0,-1024.0,True,,,,/home/neuro-source/main_source/datasets/sprap_2024_03/id_spr01433/id_spr01433_master_image.nii.gz,Normal,,,,,,,,D:/Backup/Mestrado/dados/JPR/dataset_jpr_train/dataset_jpr_train/2/001433
2557,"1,28E+73",jpr_dados,F,77.0,GE MEDICAL SYSTEMS,275.0,1.25,0.41210898757,0.625,1.0,-1024.0,True,,,,/home/neuro-source/main_source/datasets/sprap_2024_03/id_spr02557/id_spr02557_master_image.nii.gz,Normal,,,,,,,,D:/Backup/Mestrado/dados/JPR/dataset_jpr_train/dataset_jpr_train/1/002557
2471,"1,28E+73",jpr_dados,F,50.0,GE MEDICAL SYSTEMS,127.0,2.5,0.625,1.25,1.0,-1024.0,True,,,,/home/neuro-source/main_source/datasets/sprap_2024_03/id_spr02471/id_spr02471_master_image.nii.gz,Normal,,,,,,,,D:/Backup/Mestrado/dados/JPR/dataset_jpr_train/dataset_jpr_train/1/002471
1792,"1,28E+72",jpr_dados,M,33.0,GE MEDICAL SYSTEMS,154.0,1.25,0.488281,1.0,1.0,-1024.0,True,,,,/home/neuro-source/main_source/datasets/sprap_2024_03/id_spr01792/id_spr01792_master_image.nii.gz,Normal,,,,,,,,D:/Backup/Mestrado/dados/JPR/dataset_jpr_train/dataset_jpr_train/2/001792
600,"1,28E+73",jpr_dados,F,53.0,GE MEDICAL SYSTEMS,141.0,1.25,0.488281,1.25,1.0,-1024.0,True,,,,/home/neuro-source/main_source/datasets/sprap_2024_03/id_spr00600/id_spr00600_master_image.nii.gz,Normal,,,,,,,,D:/Backup/Mestrado/dados/JPR/dataset_jpr_train/dataset_jpr_train/3/000600
662,"1,28E+73",jpr_dados,M,49.0,GE MEDICAL SYSTEMS,157.0,1.25,0.474609,1.25,1.0,-1024.0,True,,,,/home/neuro-source/main_source/datasets/sprap_2024_03/id_spr00662/id_spr00662_master_image.nii.gz,Normal,,,,,,,,D:/Backup/Mestrado/dados/JPR/dataset_jpr_train/dataset_jpr_train/3/000662
1713,"1,28E+73",jpr_dados,F,49.0,GE MEDICAL SYSTEMS,172.0,1.25,0.488281,1.0,1.0,-1024.0,True,,,,/home/neuro-source/main_source/datasets/sprap_2024_03/id_spr01713/id_spr01713_master_image.nii.gz,Normal,,,,,,,,D:/Backup/Mestrado/dados/JPR/dataset_jpr_train/dataset_jpr_train/2/001713
548,"1,28E+73",jpr_dados,M,40.0,GE MEDICAL SYSTEMS,157.0,1.25,0.462891,1.25,1.0,-1024.0,True,,,,/home/neuro-source/main_source/datasets/sprap_2024_03/id_spr00548/id_spr00548_master_image.nii.gz,Normal,,,,,,,,D:/Backup/Mestrado/dados/JPR/dataset_jpr_train/dataset_jpr_train/3/000548
1108,"1,28E+73",jpr_dados,M,40.0,TOSHIBA,216.0,1.0,0.485,1.0,1.0,0.0,True,,,,/home/neuro-source/main_source/datasets/sprap_2024_03/id_spr01108/id_spr01108_master_image.nii.gz,Normal,,,,,,,,D:/Backup/Mestrado/dados/JPR/dataset_jpr_train/dataset_jpr_train/3/001108
2260,"1,28E+73",jpr_dados,M,35.0,SIEMENS,173.0,1.0,0.4453125,1.0,1.0,-1024.0,True,,,,/home/neuro-source/main_source/datasets/sprap_2024_03/id_spr02260/id_spr02260_master_image.nii.gz,Normal,,,,,,,,D:/Backup/Mestrado/dados/JPR/dataset_jpr_train/dataset_jpr_train/2/002260
850,"1,28E+73",jpr_dados,M,25.0,GE MEDICAL SYSTEMS,153.0,1.25,0.511719,1.25,1.0,-1024.0,True,,,,/home/neuro-source/main_source/datasets/sprap_2024_03/id_spr00850/id_spr00850_master_image.nii.gz,Normal,,,,,,,,D:/Backup/Mestrado/dados/JPR/dataset_jpr_train/dataset_jpr_train/3/000850
406,"1,28E+73",jpr_dados,M,46.0,GE MEDICAL SYSTEMS,153.0,1.25,0.488281,1.25,1.0,-1024.0,True,,,,/home/neuro-source/main_source/datasets/sprap_2024_03/id_spr00406/id_spr00406_master_image.nii.gz,Normal,,,,,,,,D:/Backup/Mestrado/dados/JPR/dataset_jpr_train/dataset_jpr_train/3/000406
1812,"1,28E+73",jpr_dados,F,45.0,TOSHIBA,217.0,1.0,0.41,0.8,1.0,0.0,True,,,,/home/neuro-source/main_source/datasets/sprap_2024_03/id_spr01812/id_spr01812_master_image.nii.gz,Normal,,,,,,,,D:/Backup/Mestrado/dados/JPR/dataset_jpr_train/dataset_jpr_train/2/001812
910,"1,28E+73",jpr_dados,M,33.0,Philips,178.0,2.0,0.609375,0.9999999977401128,1.0,-1024.0,True,,,,/home/neuro-source/main_source/datasets/sprap_2024_03/id_spr00910/id_spr00910_master_image.nii.gz,Normal,,,,,,,,D:/Backup/Mestrado/dados/JPR/dataset_jpr_train/dataset_jpr_train/3/000910
665,"1,28E+73",jpr_dados,F,28.0,GE MEDICAL SYSTEMS,125.0,1.25,0.488281,1.25,1.0,-1024.0,True,,,,/home/neuro-source/main_source/datasets/sprap_2024_03/id_spr00665/id_spr00665_master_image.nii.gz,Normal,,,,,,,,D:/Backup/Mestrado/dados/JPR/dataset_jpr_train/dataset_jpr_train/3/000665
2306,"1,28E+73",jpr_dados,F,27.0,TOSHIBA,181.0,2.0,0.43,1.0,1.0,0.0,True,,,,/home/neuro-source/main_source/datasets/sprap_2024_03/id_spr02306/id_spr02306_master_image.nii.gz,Normal,,,,,,,,D:/Backup/Mestrado/dados/JPR/dataset_jpr_train/dataset_jpr_train/2/002306
400,"1,28E+73",jpr_dados,F,44.0,Canon Medical Systems,196.0,2.0,0.429,1.0,1.0,0.0,True,,,,/home/neuro-source/main_source/datasets/sprap_2024_03/id_spr00400/id_spr00400_master_image.nii.gz,Normal,,,,,,,,D:/Backup/Mestrado/dados/JPR/dataset_jpr_train/dataset_jpr_train/3/000400
1422,"1,28E+73",jpr_dados,F,26.0,TOSHIBA,217.0,1.0,0.448,0.7999999999999998,1.0,0.0,True,,,,/home/neuro-source/main_source/datasets/sprap_2024_03/id_spr01422/id_spr01422_master_image.nii.gz,Normal,,,,,,,,D:/Backup/Mestrado/dados/JPR/dataset_jpr_train/dataset_jpr_train/2/001422
899,"1,28E+73",jpr_dados,F,24.0,GE MEDICAL SYSTEMS,149.0,1.25,0.488281,1.25,1.0,-1024.0,True,,,,/home/neuro-source/main_source/datasets/sprap_2024_03/id_spr00899/id_spr00899_master_image.nii.gz,Normal,,,,,,,,D:/Backup/Mestrado/dados/JPR/dataset_jpr_train/dataset_jpr_train/3/000899
1371,"1,28E+73",jpr_dados,F,50.0,GE MEDICAL SYSTEMS,138.0,1.25,0.488281,1.25,1.0,-1024.0,True,,,,/home/neuro-source/main_source/datasets/sprap_2024_03/id_spr01371/id_spr01371_master_image.nii.gz,Normal,,,,,,,,D:/Backup/Mestrado/dados/JPR/dataset_jpr_train/dataset_jpr_train/2/001371
1921,"1,28E+73",jpr_dados,F,27.0,GE MEDICAL SYSTEMS,181.0,1.25,0.488281,1.0,1.0,-1024.0,True,,,,/home/neuro-source/main_source/datasets/sprap_2024_03/id_spr01921/id_spr01921_master_image.nii.gz,Normal,,,,,,,,D:/Backup/Mestrado/dados/JPR/dataset_jpr_train/dataset_jpr_train/2/001921
2603,"1,28E+73",jpr_dados,M,60.0,GE MEDICAL SYSTEMS,281.0,1.25,0.43164101243,0.625,1.0,-1024.0,True,,,,/home/neuro-source/main_source/datasets/sprap_2024_03/id_spr02603/id_spr02603_master_image.nii.gz,Normal,,,,,,,,D:/Backup/Mestrado/dados/JPR/dataset_jpr_train/dataset_jpr_train/1/002603
1214,"1,28E+73",jpr_dados,F,29.0,GE MEDICAL SYSTEMS,149.0,1.25,0.556641,1.25,1.0,-1024.0,True,,,,/home/neuro-source/main_source/datasets/sprap_2024_03/id_spr01214/id_spr01214_master_image.nii.gz,Normal,,,,,,,,D:/Backup/Mestrado/dados/JPR/dataset_jpr_train/dataset_jpr_train/3/001214
858,"1,28E+73",jpr_dados,F,66.0,Siemens Healthineers,149.0,2.0,0.3334884488,0.9999966979720863,1.0,-8192.0,True,,,,/home/neuro-source/main_source/datasets/sprap_2024_03/id_spr00858/id_spr00858_master_image.nii.gz,Normal,,,,,,,,D:/Backup/Mestrado/dados/JPR/dataset_jpr_train/dataset_jpr_train/3/000858
387,"1,28E+73",jpr_dados,M,56.0,GE MEDICAL SYSTEMS,165.0,1.25,0.552734,1.25,1.0,-1024.0,True,,,,/home/neuro-source/main_source/datasets/sprap_2024_03/id_spr00387/id_spr00387_master_image.nii.gz,Normal,,,,,,,,D:/Backup/Mestrado/dados/JPR/dataset_jpr_train/dataset_jpr_train/3/000387
1546,"1,28E+71",jpr_dados,F,34.0,GE MEDICAL SYSTEMS,120.0,1.25,0.488281,12.556.386.554.621.800,1.0,-1024.0,True,,,,/home/neuro-source/main_source/datasets/sprap_2024_03/id_spr01546/id_spr01546_master_image.nii.gz,Normal,,,,,,,,D:/Backup/Mestrado/dados/JPR/dataset_jpr_train/dataset_jpr_train/2/001546
1251,"1,28E+73",jpr_dados,F,34.0,GE MEDICAL SYSTEMS,157.0,1.25,0.46875,1.25,1.0,-1024.0,True,,,,/home/neuro-source/main_source/datasets/sprap_2024_03/id_spr01251/id_spr01251_master_image.nii.gz,Normal,,,,,,,,D:/Backup/Mestrado/dados/JPR/dataset_jpr_train/dataset_jpr_train/3/001251
1377,"1,28E+73",jpr_dados,F,45.0,GE MEDICAL SYSTEMS,192.0,1.25,0.447266,0.9,1.0,-1024.0,True,,,,/home/neuro-source/main_source/datasets/sprap_2024_03/id_spr01377/id_spr01377_master_image.nii.gz,Normal,,,,,,,,D:/Backup/Mestrado/dados/JPR/dataset_jpr_train/dataset_jpr_train/2/001377
981,"1,28E+73",jpr_dados,M,46.0,GE MEDICAL SYSTEMS,154.0,1.25,0.552734,1.25,1.0,-1024.0,True,,,,/home/neuro-source/main_source/datasets/sprap_2024_03/id_spr00981/id_spr00981_master_image.nii.gz,Normal,,,,,,,,D:/Backup/Mestrado/dados/JPR/dataset_jpr_train/dataset_jpr_train/3/000981
1664,"1,28E+73",jpr_dados,F,36.0,TOSHIBA,213.0,1.0,0.395,0.8000000000000002,1.0,0.0,True,,,,/home/neuro-source/main_source/datasets/sprap_2024_03/id_spr01664/id_spr01664_master_image.nii.gz,Normal,,,,,,,,D:/Backup/Mestrado/dados/JPR/dataset_jpr_train/dataset_jpr_train/2/001664
2363,"1,28E+73",jpr_dados,M,61.0,GE MEDICAL SYSTEMS,143.0,2.5,0.423828005791,1.25,1.0,-1024.0,True,,,,/home/neuro-source/main_source/datasets/sprap_2024_03/id_spr02363/id_spr02363_master_image.nii.gz,Normal,,,,,,,,D:/Backup/Mestrado/dados/JPR/dataset_jpr_train/dataset_jpr_train/1/002363
2330,"1,28E+73",jpr_dados,F,18.0,TOSHIBA,213.0,1.0,0.413,0.8000000000000002,1.0,0.0,True,,,,/home/neuro-source/main_source/datasets/sprap_2024_03/id_spr02330/id_spr02330_master_image.nii.gz,Normal,,,,,,,,D:/Backup/Mestrado/dados/JPR/dataset_jpr_train/dataset_jpr_train/2/002330
745,"1,28E+73",jpr_dados,M,24.0,Philips,235.0,1.5,0.48828125,0.75,1.0,-1024.0,True,,,,/home/neuro-source/main_source/datasets/sprap_2024_03/id_spr00745/id_spr00745_master_image.nii.gz,Normal,,,,,,,,D:/Backup/Mestrado/dados/JPR/dataset_jpr_train/dataset_jpr_train/3/000745
2508,"1,28E+73",jpr_dados,M,62.0,GE MEDICAL SYSTEMS,289.0,2.5,0.42773398757,0.625,1.0,-1024.0,True,,,,/home/neuro-source/main_source/datasets/sprap_2024_03/id_spr02508/id_spr02508_master_image.nii.gz,Normal,,,,,,,,D:/Backup/Mestrado/dados/JPR/dataset_jpr_train/dataset_jpr_train/1/002508
2228,"1,28E+73",jpr_dados,F,25.0,GE MEDICAL SYSTEMS,140.0,1.25,0.46875,1.25,1.0,-1024.0,True,,,,/home/neuro-source/main_source/datasets/sprap_2024_03/id_spr02228/id_spr02228_master_image.nii.gz,Normal,,,,,,,,D:/Backup/Mestrado/dados/JPR/dataset_jpr_train/dataset_jpr_train/2/002228
1973,"1,28E+73",jpr_dados,F,56.0,TOSHIBA,201.0,1.0,0.449,0.8,1.0,0.0,True,,,,/home/neuro-source/main_source/datasets/sprap_2024_03/id_spr01973/id_spr01973_master_image.nii.gz,Normal,,,,,,,,D:/Backup/Mestrado/dados/JPR/dataset_jpr_train/dataset_jpr_train/2/001973
1640,"1,28E+72",jpr_dados,F,35.0,GE MEDICAL SYSTEMS,118.0,1.25,0.425781,1.25,1.0,-1024.0,True,,,,/home/neuro-source/main_source/datasets/sprap_2024_03/id_spr01640/id_spr01640_master_image.nii.gz,Normal,,,,,,,,D:/Backup/Mestrado/dados/JPR/dataset_jpr_train/dataset_jpr_train/2/001640
447,"1,28E+73",jpr_dados,M,41.0,GE MEDICAL SYSTEMS,173.0,1.25,0.488281,1.25,1.0,-1024.0,True,,,,/home/neuro-source/main_source/datasets/sprap_2024_03/id_spr00447/id_spr00447_master_image.nii.gz,Normal,,,,,,,,D:/Backup/Mestrado/dados/JPR/dataset_jpr_train/dataset_jpr_train/3/000447
2552,"1,28E+73",jpr_dados,F,76.0,GE MEDICAL SYSTEMS,135.0,2.5,0.42773398757,1.25,1.0,-1024.0,True,,,,/home/neuro-source/main_source/datasets/sprap_2024_03/id_spr02552/id_spr02552_master_image.nii.gz,Normal,,,,,,,,D:/Backup/Mestrado/dados/JPR/dataset_jpr_train/dataset_jpr_train/1/002552
2134,"1,28E+73",jpr_dados,F,48.0,Philips,192.0,2.0,0.388671875,1.0,1.0,-1024.0,True,,,,/home/neuro-source/main_source/datasets/sprap_2024_03/id_spr02134/id_spr02134_master_image.nii.gz,Normal,,,,,,,,D:/Backup/Mestrado/dados/JPR/dataset_jpr_train/dataset_jpr_train/2/002134
1841,"1,28E+73",jpr_dados,M,37.0,TOSHIBA,213.0,1.0,0.43,0.8000000000000002,1.0,0.0,True,,,,/home/neuro-source/main_source/datasets/sprap_2024_03/id_spr01841/id_spr01841_master_image.nii.gz,Normal,,,,,,,,D:/Backup/Mestrado/dados/JPR/dataset_jpr_train/dataset_jpr_train/2/001841
1798,"1,28E+72",jpr_dados,M,21.0,GE MEDICAL SYSTEMS,265.0,0.625,0.447266,0.625,1.0,-1024.0,True,,,,/home/neuro-source/main_source/datasets/sprap_2024_03/id_spr01798/id_spr01798_master_image.nii.gz,Normal,,,,,,,,D:/Backup/Mestrado/dados/JPR/dataset_jpr_train/dataset_jpr_train/2/001798
1246,"1,28E+73",jpr_dados,F,34.0,GE MEDICAL SYSTEMS,196.0,2.5,0.503906,1.0,1.0,-1024.0,True,,,,/home/neuro-source/main_source/datasets/sprap_2024_03/id_spr01246/id_spr01246_master_image.nii.gz,Normal,,,,,,,,D:/Backup/Mestrado/dados/JPR/dataset_jpr_train/dataset_jpr_train/3/001246
1616,"1,28E+73",jpr_dados,M,48.0,TOSHIBA,219.0,1.0,0.446,0.7999999999999999,1.0,0.0,True,,,,/home/neuro-source/main_source/datasets/sprap_2024_03/id_spr01616/id_spr01616_master_image.nii.gz,Normal,,,,,,,,D:/Backup/Mestrado/dados/JPR/dataset_jpr_train/dataset_jpr_train/2/001616
1752,"1,28E+73",jpr_dados,F,38.0,TOSHIBA,226.0,1.0,0.43,0.8,1.0,0.0,True,,,,/home/neuro-source/main_source/datasets/sprap_2024_03/id_spr01752/id_spr01752_master_image.nii.gz,Normal,,,,,,,,D:/Backup/Mestrado/dados/JPR/dataset_jpr_train/dataset_jpr_train/2/001752
1781,"1,28E+73",jpr_dados,F,39.0,TOSHIBA,213.0,1.0,0.422,0.8000000000000002,1.0,0.0,True,,,,/home/neuro-source/main_source/datasets/sprap_2024_03/id_spr01781/id_spr01781_master_image.nii.gz,Normal,,,,,,,,D:/Backup/Mestrado/dados/JPR/dataset_jpr_train/dataset_jpr_train/2/001781
657,"1,28E+73",jpr_dados,F,75.0,GE MEDICAL SYSTEMS,161.0,1.25,0.488281,1.25,1.0,-1024.0,True,,,,/home/neuro-source/main_source/datasets/sprap_2024_03/id_spr00657/id_spr00657_master_image.nii.gz,Normal,,,,,,,,D:/Backup/Mestrado/dados/JPR/dataset_jpr_train/dataset_jpr_train/3/000657
1716,"1,28E+73",jpr_dados,M,45.0,Philips,276.0,1.5,0.503906,0.75,1.0,-1024.0,True,,,,/home/neuro-source/main_source/datasets/sprap_2024_03/id_spr01716/id_spr01716_master_image.nii.gz,Normal,,,,,,,,D:/Backup/Mestrado/dados/JPR/dataset_jpr_train/dataset_jpr_train/2/001716
2435,"1,28E+73",jpr_dados,F,42.0,GE MEDICAL SYSTEMS,281.0,1.25,0.45898398757,0.625,1.0,-1024.0,True,,,,/home/neuro-source/main_source/datasets/sprap_2024_03/id_spr02435/id_spr02435_master_image.nii.gz,Normal,,,,,,,,D:/Backup/Mestrado/dados/JPR/dataset_jpr_train/dataset_jpr_train/1/002435
2582,"1,28E+73",jpr_dados,F,51.0,GE MEDICAL SYSTEMS,265.0,1.25,0.40039101243,0.625,1.0,-1024.0,True,,,,/home/neuro-source/main_source/datasets/sprap_2024_03/id_spr02582/id_spr02582_master_image.nii.gz,Normal,,,,,,,,D:/Backup/Mestrado/dados/JPR/dataset_jpr_train/dataset_jpr_train/1/002582
1342,"1,28E+73",jpr_dados,M,26.0,GE MEDICAL SYSTEMS,171.0,1.25,0.488281,1.0,1.0,-1024.0,True,,,,/home/neuro-source/main_source/datasets/sprap_2024_03/id_spr01342/id_spr01342_master_image.nii.gz,Normal,,,,,,,,D:/Backup/Mestrado/dados/JPR/dataset_jpr_train/dataset_jpr_train/2/001342
1756,"1,28E+73",jpr_dados,F,35.0,TOSHIBA,207.0,1.0,0.429,0.7999999999999998,1.0,0.0,True,,,,/home/neuro-source/main_source/datasets/sprap_2024_03/id_spr01756/id_spr01756_master_image.nii.gz,Normal,,,,,,,,D:/Backup/Mestrado/dados/JPR/dataset_jpr_train/dataset_jpr_train/2/001756
2192,"1,28E+73",jpr_dados,F,63.0,SIEMENS,249.0,1.0,0.43359375,0.6999999999999996,1.0,-1024.0,True,,,,/home/neuro-source/main_source/datasets/sprap_2024_03/id_spr02192/id_spr02192_master_image.nii.gz,Normal,,,,,,,,D:/Backup/Mestrado/dados/JPR/dataset_jpr_train/dataset_jpr_train/2/002192
2248,"1,28E+73",jpr_dados,F,48.0,GE MEDICAL SYSTEMS,117.0,1.25,0.394531,1.25,1.0,-1024.0,True,,,,/home/neuro-source/main_source/datasets/sprap_2024_03/id_spr02248/id_spr02248_master_image.nii.gz,Normal,,,,,,,,D:/Backup/Mestrado/dados/JPR/dataset_jpr_train/dataset_jpr_train/2/002248
2196,"1,28E+73",jpr_dados,F,54.0,SIEMENS,249.0,1.0,0.46875,0.6999999999999996,1.0,-1024.0,True,,,,/home/neuro-source/main_source/datasets/sprap_2024_03/id_spr02196/id_spr02196_master_image.nii.gz,Normal,,,,,,,,D:/Backup/Mestrado/dados/JPR/dataset_jpr_train/dataset_jpr_train/2/002196
2093,"1,28E+73",jpr_dados,M,32.0,GE MEDICAL SYSTEMS,148.0,1.25,0.464844,1.25,1.0,-1024.0,True,,,,/home/neuro-source/main_source/datasets/sprap_2024_03/id_spr02093/id_spr02093_master_image.nii.gz,Normal,,,,,,,,D:/Backup/Mestrado/dados/JPR/dataset_jpr_train/dataset_jpr_train/2/002093
961,"1,28E+72",jpr_dados,F,47.0,Philips,195.0,2.0,0.48828125,1.0,1.0,-1024.0,True,,,,/home/neuro-source/main_source/datasets/sprap_2024_03/id_spr00961/id_spr00961_master_image.nii.gz,Normal,,,,,,,,D:/Backup/Mestrado/dados/JPR/dataset_jpr_train/dataset_jpr_train/3/000961
2018,"1,28E+73",jpr_dados,M,25.0,TOSHIBA,226.0,1.0,0.448,0.8,1.0,0.0,True,,,,/home/neuro-source/main_source/datasets/sprap_2024_03/id_spr02018/id_spr02018_master_image.nii.gz,Normal,,,,,,,,D:/Backup/Mestrado/dados/JPR/dataset_jpr_train/dataset_jpr_train/2/002018
1048,"1,28E+73",jpr_dados,F,41.0,GE MEDICAL SYSTEMS,137.0,1.25,0.488281,1.25,1.0,-1024.0,True,,,,/home/neuro-source/main_source/datasets/sprap_2024_03/id_spr01048/id_spr01048_master_image.nii.gz,Normal,,,,,,,,D:/Backup/Mestrado/dados/JPR/dataset_jpr_train/dataset_jpr_train/3/001048
1681,"1,28E+72",jpr_dados,F,38.0,GE MEDICAL SYSTEMS,140.0,1.25,0.488281,1.25,1.0,-1024.0,True,,,,/home/neuro-source/main_source/datasets/sprap_2024_03/id_spr01681/id_spr01681_master_image.nii.gz,Normal,,,,,,,,D:/Backup/Mestrado/dados/JPR/dataset_jpr_train/dataset_jpr_train/2/001681
2064,"1,28E+73",jpr_dados,F,34.0,TOSHIBA,232.0,1.0,0.429,0.8,1.0,0.0,True,,,,/home/neuro-source/main_source/datasets/sprap_2024_03/id_spr02064/id_spr02064_master_image.nii.gz,Normal,,,,,,,,D:/Backup/Mestrado/dados/JPR/dataset_jpr_train/dataset_jpr_train/2/002064
2101,"1,28E+73",jpr_dados,M,33.0,GE MEDICAL SYSTEMS,146.0,1.25,0.488281,1.25,1.0,-1024.0,True,,,,/home/neuro-source/main_source/datasets/sprap_2024_03/id_spr02101/id_spr02101_master_image.nii.gz,Normal,,,,,,,,D:/Backup/Mestrado/dados/JPR/dataset_jpr_train/dataset_jpr_train/2/002101
725,"1,28E+73",jpr_dados,M,37.0,GE MEDICAL SYSTEMS,150.0,1.25,0.488281,1.25,1.0,-1024.0,True,,,,/home/neuro-source/main_source/datasets/sprap_2024_03/id_spr00725/id_spr00725_master_image.nii.gz,Normal,,,,,,,,D:/Backup/Mestrado/dados/JPR/dataset_jpr_train/dataset_jpr_train/3/000725
590,"1,28E+73",jpr_dados,F,23.0,Canon Medical Systems,176.0,1.0,0.429,1.0,1.0,0.0,True,,,,/home/neuro-source/main_source/datasets/sprap_2024_03/id_spr00590/id_spr00590_master_image.nii.gz,Normal,,,,,,,,D:/Backup/Mestrado/dados/JPR/dataset_jpr_train/dataset_jpr_train/3/000590
371,"1,28E+73",jpr_dados,M,46.0,GE MEDICAL SYSTEMS,145.0,1.25,0.488281,1.25,1.0,-1024.0,True,,,,/home/neuro-source/main_source/datasets/sprap_2024_03/id_spr00371/id_spr00371_master_image.nii.gz,Normal,,,,,,,,
1981,"1,28E+73",jpr_dados,M,23.0,TOSHIBA,244.0,1.0,0.473,0.8000000000000004,1.0,0.0,True,,,,/home/neuro-source/main_source/datasets/sprap_2024_03/id_spr01981/id_spr01981_master_image.nii.gz,Normal,,,,,,,,D:/Backup/Mestrado/dados/JPR/dataset_jpr_train/dataset_jpr_train/2/001981
2042,"1,28E+73",jpr_dados,F,36.0,SIEMENS,161.0,2.0,0.412109375,1.0,1.0,-1024.0,True,,,,/home/neuro-source/main_source/datasets/sprap_2024_03/id_spr02042/id_spr02042_master_image.nii.gz,Normal,,,,,,,,D:/Backup/Mestrado/dados/JPR/dataset_jpr_train/dataset_jpr_train/2/002042
1913,"1,28E+73",jpr_dados,F,34.0,Philips,237.0,1.5,0.425781,0.7500041398305084,1.0,-1024.0,True,,,,/home/neuro-source/main_source/datasets/sprap_2024_03/id_spr01913/id_spr01913_master_image.nii.gz,Normal,,,,,,,,D:/Backup/Mestrado/dados/JPR/dataset_jpr_train/dataset_jpr_train/2/001913
2421,"1,28E+73",jpr_dados,M,63.0,GE MEDICAL SYSTEMS,141.0,2.5,0.607421994209,1.25,1.0,-1024.0,True,,,,/home/neuro-source/main_source/datasets/sprap_2024_03/id_spr02421/id_spr02421_master_image.nii.gz,Normal,,,,,,,,D:/Backup/Mestrado/dados/JPR/dataset_jpr_train/dataset_jpr_train/1/002421
2422,"1,28E+73",jpr_dados,M,75.0,GE MEDICAL SYSTEMS,151.0,2.5,0.488281011581,1.25,1.0,-1024.0,True,,,,/home/neuro-source/main_source/datasets/sprap_2024_03/id_spr02422/id_spr02422_master_image.nii.gz,Normal,,,,,,,,D:/Backup/Mestrado/dados/JPR/dataset_jpr_train/dataset_jpr_train/1/002422
1344,"1,28E+73",jpr_dados,F,21.0,GE MEDICAL SYSTEMS,129.0,1.25,0.451172,1.25,1.0,-1024.0,True,,,,/home/neuro-source/main_source/datasets/sprap_2024_03/id_spr01344/id_spr01344_master_image.nii.gz,Normal,,,,,,,,D:/Backup/Mestrado/dados/JPR/dataset_jpr_train/dataset_jpr_train/2/001344
1766,"1,28E+73",jpr_dados,M,30.0,GE MEDICAL SYSTEMS,152.0,1.25,0.488281,1.25,1.0,-1024.0,True,,,,/home/neuro-source/main_source/datasets/sprap_2024_03/id_spr01766/id_spr01766_master_image.nii.gz,Normal,,,,,,,,D:/Backup/Mestrado/dados/JPR/dataset_jpr_train/dataset_jpr_train/2/001766
1079,"1,28E+73",jpr_dados,M,50.0,GE MEDICAL SYSTEMS,181.0,1.25,0.488281,1.25,1.0,-1024.0,True,,,,/home/neuro-source/main_source/datasets/sprap_2024_03/id_spr01079/id_spr01079_master_image.nii.gz,Normal,,,,,,,,D:/Backup/Mestrado/dados/JPR/dataset_jpr_train/dataset_jpr_train/3/001079
1032,"1,28E+73",jpr_dados,F,43.0,GE MEDICAL SYSTEMS,145.0,1.25,0.416016,1.25,1.0,-1024.0,True,,,,/home/neuro-source/main_source/datasets/sprap_2024_03/id_spr01032/id_spr01032_master_image.nii.gz,Normal,,,,,,,,D:/Backup/Mestrado/dados/JPR/dataset_jpr_train/dataset_jpr_train/3/001032
1877,"1,28E+73",jpr_dados,M,43.0,GE MEDICAL SYSTEMS,181.0,1.25,0.435547,1.0,1.0,-1024.0,True,,,,/home/neuro-source/main_source/datasets/sprap_2024_03/id_spr01877/id_spr01877_master_image.nii.gz,Normal,,,,,,,,D:/Backup/Mestrado/dados/JPR/dataset_jpr_train/dataset_jpr_train/2/001877
2308,"1,28E+73",jpr_dados,F,33.0,TOSHIBA,176.0,2.0,0.43,1.0,1.0,0.0,True,,,,/home/neuro-source/main_source/datasets/sprap_2024_03/id_spr02308/id_spr02308_master_image.nii.gz,Normal,,,,,,,,D:/Backup/Mestrado/dados/JPR/dataset_jpr_train/dataset_jpr_train/2/002308
2266,"1,28E+73",jpr_dados,F,25.0,TOSHIBA,191.0,2.0,0.446,1.0,1.0,0.0,True,,,,/home/neuro-source/main_source/datasets/sprap_2024_03/id_spr02266/id_spr02266_master_image.nii.gz,Normal,,,,,,,,D:/Backup/Mestrado/dados/JPR/dataset_jpr_train/dataset_jpr_train/2/002266
782,"1,28E+73",jpr_dados,F,37.0,TOSHIBA,151.0,1.0,0.398,1.0,1.0,0.0,True,,,,/home/neuro-source/main_source/datasets/sprap_2024_03/id_spr00782/id_spr00782_master_image.nii.gz,Normal,,,,,,,,D:/Backup/Mestrado/dados/JPR/dataset_jpr_train/dataset_jpr_train/3/000782
2276,"1,28E+73",jpr_dados,F,23.0,TOSHIBA,171.0,2.0,0.399,1.0,1.0,0.0,True,,,,/home/neuro-source/main_source/datasets/sprap_2024_03/id_spr02276/id_spr02276_master_image.nii.gz,Normal,,,,,,,,D:/Backup/Mestrado/dados/JPR/dataset_jpr_train/dataset_jpr_train/2/002276
1718,"1,28E+73",jpr_dados,F,43.0,GE MEDICAL SYSTEMS,142.0,1.25,0.429688,1.25,1.0,-1024.0,True,,,,/home/neuro-source/main_source/datasets/sprap_2024_03/id_spr01718/id_spr01718_master_image.nii.gz,Normal,,,,,,,,D:/Backup/Mestrado/dados/JPR/dataset_jpr_train/dataset_jpr_train/2/001718
1944,"1,28E+73",jpr_dados,F,45.0,GE MEDICAL SYSTEMS,139.0,1.25,0.417969,1.25,1.0,-1024.0,True,,,,/home/neuro-source/main_source/datasets/sprap_2024_03/id_spr01944/id_spr01944_master_image.nii.gz,Normal,,,,,,,,D:/Backup/Mestrado/dados/JPR/dataset_jpr_train/dataset_jpr_train/2/001944
988,"1,28E+73",jpr_dados,F,40.0,GE MEDICAL SYSTEMS,142.0,1.25,0.515625,1.25,1.0,-1024.0,True,,,,/home/neuro-source/main_source/datasets/sprap_2024_03/id_spr00988/id_spr00988_master_image.nii.gz,Normal,,,,,,,,D:/Backup/Mestrado/dados/JPR/dataset_jpr_train/dataset_jpr_train/3/000988
2241,"1,28E+73",jpr_dados,F,27.0,GE MEDICAL SYSTEMS,141.0,1.25,0.435547,1.25,1.0,-1024.0,True,,,,/home/neuro-source/main_source/datasets/sprap_2024_03/id_spr02241/id_spr02241_master_image.nii.gz,Normal,,,,,,,,D:/Backup/Mestrado/dados/JPR/dataset_jpr_train/dataset_jpr_train/2/002241
1911,"1,28E+73",jpr_dados,F,50.0,Canon Medical Systems,238.0,1.0,0.454,0.8,1.0,0.0,True,,,,/home/neuro-source/main_source/datasets/sprap_2024_03/id_spr01911/id_spr01911_master_image.nii.gz,Normal,,,,,,,,D:/Backup/Mestrado/dados/JPR/dataset_jpr_train/dataset_jpr_train/2/001911
816,"1,28E+73",jpr_dados,F,33.0,Canon Medical Systems,211.0,2.0,0.583,1.0,1.0,0.0,True,,,,/home/neuro-source/main_source/datasets/sprap_2024_03/id_spr00816/id_spr00816_master_image.nii.gz,Normal,,,,,,,,D:/Backup/Mestrado/dados/JPR/dataset_jpr_train/dataset_jpr_train/3/000816
757,"1,28E+73",jpr_dados,M,27.0,GE MEDICAL SYSTEMS,161.0,1.25,0.488281,1.25,1.0,-1024.0,True,,,,/home/neuro-source/main_source/datasets/sprap_2024_03/id_spr00757/id_spr00757_master_image.nii.gz,Normal,,,,,,,,D:/Backup/Mestrado/dados/JPR/dataset_jpr_train/dataset_jpr_train/3/000757
890,"1,28E+73",jpr_dados,F,31.0,Canon Medical Systems,196.0,2.0,0.495,1.0,1.0,0.0,True,,,,/home/neuro-source/main_source/datasets/sprap_2024_03/id_spr00890/id_spr00890_master_image.nii.gz,Normal,,,,,,,,D:/Backup/Mestrado/dados/JPR/dataset_jpr_train/dataset_jpr_train/3/000890
1894,"1,28E+73",jpr_dados,M,40.0,GE MEDICAL SYSTEMS,151.0,1.25,0.513672,1.25,1.0,-1024.0,True,,,,/home/neuro-source/main_source/datasets/sprap_2024_03/id_spr01894/id_spr01894_master_image.nii.gz,Normal,,,,,,,,D:/Backup/Mestrado/dados/JPR/dataset_jpr_train/dataset_jpr_train/2/001894
1948,"1,28E+73",jpr_dados,F,33.0,GE MEDICAL SYSTEMS,141.0,1.25,0.423828,1.25,1.0,-1024.0,True,,,,/home/neuro-source/main_source/datasets/sprap_2024_03/id_spr01948/id_spr01948_master_image.nii.gz,Normal,,,,,,,,D:/Backup/Mestrado/dados/JPR/dataset_jpr_train/dataset_jpr_train/2/001948
2459,"1,28E+73",jpr_dados,M,60.0,GE MEDICAL SYSTEMS,131.0,2.5,0.488281011581,1.25,1.0,-1024.0,True,,,,/home/neuro-source/main_source/datasets/sprap_2024_03/id_spr02459/id_spr02459_master_image.nii.gz,Normal,,,,,,,,D:/Backup/Mestrado/dados/JPR/dataset_jpr_train/dataset_jpr_train/1/002459
1225,"1,28E+73",jpr_dados,F,42.0,GE MEDICAL SYSTEMS,133.0,1.25,0.488281,1.25,1.0,-1024.0,True,,,,/home/neuro-source/main_source/datasets/sprap_2024_03/id_spr01225/id_spr01225_master_image.nii.gz,Normal,,,,,,,,D:/Backup/Mestrado/dados/JPR/dataset_jpr_train/dataset_jpr_train/3/001225
1441,"1,28E+73",jpr_dados,F,28.0,GE MEDICAL SYSTEMS,152.0,1.25,0.488281,1.25,1.0,-1024.0,True,,,,/home/neuro-source/main_source/datasets/sprap_2024_03/id_spr01441/id_spr01441_master_image.nii.gz,Normal,,,,,,,,D:/Backup/Mestrado/dados/JPR/dataset_jpr_train/dataset_jpr_train/2/001441
1859,"1,28E+73",jpr_dados,F,37.0,GE MEDICAL SYSTEMS,133.0,1.25,0.488281,1.25,1.0,-1024.0,True,,,,/home/neuro-source/main_source/datasets/sprap_2024_03/id_spr01859/id_spr01859_master_image.nii.gz,Normal,,,,,,,,D:/Backup/Mestrado/dados/JPR/dataset_jpr_train/dataset_jpr_train/2/001859
1521,"1,28E+73",jpr_dados,M,33.0,GE MEDICAL SYSTEMS,173.0,1.25,0.488281,1.0,1.0,-1024.0,True,,,,/home/neuro-source/main_source/datasets/sprap_2024_03/id_spr01521/id_spr01521_master_image.nii.gz,Normal,,,,,,,,D:/Backup/Mestrado/dados/JPR/dataset_jpr_train/dataset_jpr_train/2/001521
1023,"1,28E+73",jpr_dados,F,27.0,GE MEDICAL SYSTEMS,153.0,1.25,0.474609,1.25,1.0,-1024.0,True,,,,/home/neuro-source/main_source/datasets/sprap_2024_03/id_spr01023/id_spr01023_master_image.nii.gz,Normal,,,,,,,,D:/Backup/Mestrado/dados/JPR/dataset_jpr_train/dataset_jpr_train/3/001023
2390,"1,28E+72",jpr_dados,F,52.0,GE MEDICAL SYSTEMS,327.0,1.25,0.488281011581,0.625,1.0,-1024.0,True,,,,/home/neuro-source/main_source/datasets/sprap_2024_03/id_spr02390/id_spr02390_master_image.nii.gz,Normal,,,,,,,,D:/Backup/Mestrado/dados/JPR/dataset_jpr_train/dataset_jpr_train/1/002390
479,"1,28E+73",jpr_dados,F,32.0,GE MEDICAL SYSTEMS,149.0,1.25,0.488281,1.25,1.0,-1024.0,True,,,,/home/neuro-source/main_source/datasets/sprap_2024_03/id_spr00479/id_spr00479_master_image.nii.gz,Normal,,,,,,,,D:/Backup/Mestrado/dados/JPR/dataset_jpr_train/dataset_jpr_train/3/000479
956,"1,28E+73",jpr_dados,M,43.0,GE MEDICAL SYSTEMS,147.0,1.25,0.488281,1.25,1.0,-1024.0,True,,,,/home/neuro-source/main_source/datasets/sprap_2024_03/id_spr00956/id_spr00956_master_image.nii.gz,Normal,,,,,,,,D:/Backup/Mestrado/dados/JPR/dataset_jpr_train/dataset_jpr_train/3/000956
1902,"1,28E+73",jpr_dados,F,53.0,GE MEDICAL SYSTEMS,166.0,1.25,0.488281,1.0,1.0,-1024.0,True,,,,/home/neuro-source/main_source/datasets/sprap_2024_03/id_spr01902/id_spr01902_master_image.nii.gz,Normal,,,,,,,,D:/Backup/Mestrado/dados/JPR/dataset_jpr_train/dataset_jpr_train/2/001902
1900,"1,28E+73",jpr_dados,F,19.0,GE MEDICAL SYSTEMS,133.0,1.25,0.476562,1.25,1.0,-1024.0,True,,,,/home/neuro-source/main_source/datasets/sprap_2024_03/id_spr01900/id_spr01900_master_image.nii.gz,Normal,,,,,,,,D:/Backup/Mestrado/dados/JPR/dataset_jpr_train/dataset_jpr_train/2/001900
1320,"1,28E+73",jpr_dados,M,44.0,TOSHIBA,238.0,1.0,0.454,0.8,1.0,0.0,True,,,,/home/neuro-source/main_source/datasets/sprap_2024_03/id_spr01320/id_spr01320_master_image.nii.gz,Normal,,,,,,,,D:/Backup/Mestrado/dados/JPR/dataset_jpr_train/dataset_jpr_train/2/001320
2020,"1,28E+73",jpr_dados,M,33.0,TOSHIBA,213.0,1.0,0.449,0.8000000000000002,1.0,0.0,True,,,,/home/neuro-source/main_source/datasets/sprap_2024_03/id_spr02020/id_spr02020_master_image.nii.gz,Normal,,,,,,,,D:/Backup/Mestrado/dados/JPR/dataset_jpr_train/dataset_jpr_train/2/002020
2377,"1,28E+73",jpr_dados,F,72.0,GE MEDICAL SYSTEMS,135.0,2.5,0.394531011581,1.25,1.0,-1024.0,True,,,,/home/neuro-source/main_source/datasets/sprap_2024_03/id_spr02377/id_spr02377_master_image.nii.gz,Normal,,,,,,,,D:/Backup/Mestrado/dados/JPR/dataset_jpr_train/dataset_jpr_train/1/002377
2548,"1,28E+73",jpr_dados,F,70.0,GE MEDICAL SYSTEMS,289.0,2.5,0.43164101243,0.625,1.0,-1024.0,True,,,,/home/neuro-source/main_source/datasets/sprap_2024_03/id_spr02548/id_spr02548_master_image.nii.gz,Normal,,,,,,,,D:/Backup/Mestrado/dados/JPR/dataset_jpr_train/dataset_jpr_train/1/002548
2619,"1,28E+72",jpr_dados,F,80.0,GE MEDICAL SYSTEMS,297.0,1.25,0.488281011581,0.625,1.0,-1024.0,True,,,,/home/neuro-source/main_source/datasets/sprap_2024_03/id_spr02619/id_spr02619_master_image.nii.gz,Normal,,,,,,,,D:/Backup/Mestrado/dados/JPR/dataset_jpr_train/dataset_jpr_train/1/002619
1468,"1,28E+73",jpr_dados,M,48.0,GE MEDICAL SYSTEMS,232.0,1.25,0.488281,0.8,1.0,-1024.0,True,,,,/home/neuro-source/main_source/datasets/sprap_2024_03/id_spr01468/id_spr01468_master_image.nii.gz,Normal,,,,,,,,D:/Backup/Mestrado/dados/JPR/dataset_jpr_train/dataset_jpr_train/2/001468
1126,"1,28E+73",jpr_dados,F,36.0,Canon Medical Systems,181.0,1.0,0.495,1.0,1.0,0.0,True,,,,/home/neuro-source/main_source/datasets/sprap_2024_03/id_spr01126/id_spr01126_master_image.nii.gz,Normal,,,,,,,,D:/Backup/Mestrado/dados/JPR/dataset_jpr_train/dataset_jpr_train/3/001126
2086,"1,28E+73",jpr_dados,F,26.0,GE MEDICAL SYSTEMS,139.0,1.25,0.453125,1.25,1.0,-1024.0,True,,,,/home/neuro-source/main_source/datasets/sprap_2024_03/id_spr02086/id_spr02086_master_image.nii.gz,Normal,,,,,,,,D:/Backup/Mestrado/dados/JPR/dataset_jpr_train/dataset_jpr_train/2/002086
1754,"1,28E+73",jpr_dados,M,24.0,GE MEDICAL SYSTEMS,162.0,1.25,0.429688,1.0,1.0,-1024.0,True,,,,/home/neuro-source/main_source/datasets/sprap_2024_03/id_spr01754/id_spr01754_master_image.nii.gz,Normal,,,,,,,,D:/Backup/Mestrado/dados/JPR/dataset_jpr_train/dataset_jpr_train/2/001754
1119,"1,28E+73",jpr_dados,F,37.0,GE MEDICAL SYSTEMS,129.0,1.25,0.488281,1.25,1.0,-1024.0,True,,,,/home/neuro-source/main_source/datasets/sprap_2024_03/id_spr01119/id_spr01119_master_image.nii.gz,Normal,,,,,,,,D:/Backup/Mestrado/dados/JPR/dataset_jpr_train/dataset_jpr_train/3/001119
2616,"1,28E+73",jpr_dados,F,63.0,GE MEDICAL SYSTEMS,321.0,1.25,0.529296994209,0.625,1.0,-1024.0,True,,,,/home/neuro-source/main_source/datasets/sprap_2024_03/id_spr02616/id_spr02616_master_image.nii.gz,Normal,,,,,,,,D:/Backup/Mestrado/dados/JPR/dataset_jpr_train/dataset_jpr_train/1/002616
1022,"1,28E+73",jpr_dados,F,33.0,TOSHIBA,156.0,1.0,0.441,1.0,1.0,0.0,True,,,,/home/neuro-source/main_source/datasets/sprap_2024_03/id_spr01022/id_spr01022_master_image.nii.gz,Normal,,,,,,,,D:/Backup/Mestrado/dados/JPR/dataset_jpr_train/dataset_jpr_train/3/001022
2005,"1,28E+73",jpr_dados,M,61.0,TOSHIBA,237.0,1.0,0.52,0.8,1.0,0.0,True,,,,/home/neuro-source/main_source/datasets/sprap_2024_03/id_spr02005/id_spr02005_master_image.nii.gz,Normal,,,,,,,,D:/Backup/Mestrado/dados/JPR/dataset_jpr_train/dataset_jpr_train/2/002005
2296,"1,28E+73",jpr_dados,M,45.0,TOSHIBA,201.0,2.0,0.466,1.0,1.0,0.0,True,,,,/home/neuro-source/main_source/datasets/sprap_2024_03/id_spr02296/id_spr02296_master_image.nii.gz,Normal,,,,,,,,D:/Backup/Mestrado/dados/JPR/dataset_jpr_train/dataset_jpr_train/2/002296
1528,"1,28E+73",jpr_dados,F,49.0,GE MEDICAL SYSTEMS,150.0,1.25,0.439453,1.0,1.0,-1024.0,True,,,,/home/neuro-source/main_source/datasets/sprap_2024_03/id_spr01528/id_spr01528_master_image.nii.gz,Normal,,,,,,,,D:/Backup/Mestrado/dados/JPR/dataset_jpr_train/dataset_jpr_train/2/001528
1474,"1,28E+73",jpr_dados,F,41.0,GE MEDICAL SYSTEMS,187.0,1.25,0.394531,0.9,1.0,-1024.0,True,,,,/home/neuro-source/main_source/datasets/sprap_2024_03/id_spr01474/id_spr01474_master_image.nii.gz,Normal,,,,,,,,D:/Backup/Mestrado/dados/JPR/dataset_jpr_train/dataset_jpr_train/2/001474
1937,"1,28E+73",jpr_dados,F,69.0,GE MEDICAL SYSTEMS,142.0,1.25,0.431641,1.25,1.0,-1024.0,True,,,,/home/neuro-source/main_source/datasets/sprap_2024_03/id_spr01937/id_spr01937_master_image.nii.gz,Normal,,,,,,,,D:/Backup/Mestrado/dados/JPR/dataset_jpr_train/dataset_jpr_train/2/001937
820,"1,28E+73",jpr_dados,F,44.0,GE MEDICAL SYSTEMS,137.0,1.25,0.488281,1.25,1.0,-1024.0,True,,,,/home/neuro-source/main_source/datasets/sprap_2024_03/id_spr00820/id_spr00820_master_image.nii.gz,Normal,,,,,,,,D:/Backup/Mestrado/dados/JPR/dataset_jpr_train/dataset_jpr_train/3/000820
1011,"1,28E+73",jpr_dados,F,53.0,Canon Medical Systems,221.0,2.0,0.485,1.0,1.0,0.0,True,,,,/home/neuro-source/main_source/datasets/sprap_2024_03/id_spr01011/id_spr01011_master_image.nii.gz,Normal,,,,,,,,D:/Backup/Mestrado/dados/JPR/dataset_jpr_train/dataset_jpr_train/3/001011
423,"1,28E+73",jpr_dados,M,24.0,Canon Medical Systems,216.0,2.0,0.633,1.0,1.0,0.0,True,,,,/home/neuro-source/main_source/datasets/sprap_2024_03/id_spr00423/id_spr00423_master_image.nii.gz,Normal,,,,,,,,D:/Backup/Mestrado/dados/JPR/dataset_jpr_train/dataset_jpr_train/3/000423
2034,"1,28E+73",jpr_dados,F,45.0,GE MEDICAL SYSTEMS,141.0,1.25,0.488281,1.25,1.0,-1024.0,True,,,,/home/neuro-source/main_source/datasets/sprap_2024_03/id_spr02034/id_spr02034_master_image.nii.gz,Normal,,,,,,,,D:/Backup/Mestrado/dados/JPR/dataset_jpr_train/dataset_jpr_train/2/002034
2275,"1,28E+73",jpr_dados,F,36.0,TOSHIBA,176.0,2.0,0.41,1.0,1.0,0.0,True,,,,/home/neuro-source/main_source/datasets/sprap_2024_03/id_spr02275/id_spr02275_master_image.nii.gz,Normal,,,,,,,,D:/Backup/Mestrado/dados/JPR/dataset_jpr_train/dataset_jpr_train/2/002275
1909,"1,28E+73",jpr_dados,F,31.0,GE MEDICAL SYSTEMS,143.0,1.25,0.402344,1.25,1.0,-1024.0,True,,,,/home/neuro-source/main_source/datasets/sprap_2024_03/id_spr01909/id_spr01909_master_image.nii.gz,Normal,,,,,,,,D:/Backup/Mestrado/dados/JPR/dataset_jpr_train/dataset_jpr_train/2/001909
1534,"1,28E+73",jpr_dados,F,25.0,GE MEDICAL SYSTEMS,176.0,1.25,0.439453,1.0,1.0,-1024.0,True,,,,/home/neuro-source/main_source/datasets/sprap_2024_03/id_spr01534/id_spr01534_master_image.nii.gz,Normal,,,,,,,,D:/Backup/Mestrado/dados/JPR/dataset_jpr_train/dataset_jpr_train/2/001534
2489,"1,28E+73",jpr_dados,F,47.0,GE MEDICAL SYSTEMS,159.0,2.5,0.488281011581,1.25,1.0,-1024.0,True,,,,/home/neuro-source/main_source/datasets/sprap_2024_03/id_spr02489/id_spr02489_master_image.nii.gz,Normal,,,,,,,,D:/Backup/Mestrado/dados/JPR/dataset_jpr_train/dataset_jpr_train/1/002489
1969,"1,28E+73",jpr_dados,M,39.0,Canon Medical Systems,219.0,1.0,0.41,0.7999999999999999,1.0,0.0,True,,,,/home/neuro-source/main_source/datasets/sprap_2024_03/id_spr01969/id_spr01969_master_image.nii.gz,Normal,,,,,,,,D:/Backup/Mestrado/dados/JPR/dataset_jpr_train/dataset_jpr_train/2/001969
718,"1,28E+73",jpr_dados,F,44.0,GE MEDICAL SYSTEMS,153.0,1.25,0.488281,1.25,1.0,-1024.0,True,,,,/home/neuro-source/main_source/datasets/sprap_2024_03/id_spr00718/id_spr00718_master_image.nii.gz,Normal,,,,,,,,D:/Backup/Mestrado/dados/JPR/dataset_jpr_train/dataset_jpr_train/3/000718
1742,"1,28E+73",jpr_dados,M,42.0,GE MEDICAL SYSTEMS,159.0,1.25,0.488281,1.0,1.0,-1024.0,True,,,,/home/neuro-source/main_source/datasets/sprap_2024_03/id_spr01742/id_spr01742_master_image.nii.gz,Normal,,,,,,,,D:/Backup/Mestrado/dados/JPR/dataset_jpr_train/dataset_jpr_train/2/001742
1759,"1,28E+73",jpr_dados,F,26.0,GE MEDICAL SYSTEMS,149.0,1.25,0.439453,1.0,1.0,-1024.0,True,,,,/home/neuro-source/main_source/datasets/sprap_2024_03/id_spr01759/id_spr01759_master_image.nii.gz,Normal,,,,,,,,D:/Backup/Mestrado/dados/JPR/dataset_jpr_train/dataset_jpr_train/2/001759
2304,"1,28E+73",jpr_dados,F,31.0,TOSHIBA,166.0,2.0,0.429,1.0,1.0,0.0,True,,,,/home/neuro-source/main_source/datasets/sprap_2024_03/id_spr02304/id_spr02304_master_image.nii.gz,Normal,,,,,,,,D:/Backup/Mestrado/dados/JPR/dataset_jpr_train/dataset_jpr_train/2/002304
1053,"1,28E+73",jpr_dados,F,33.0,Philips,178.0,2.0,0.48828125,0.9999999988700564,1.0,-1024.0,True,,,,/home/neuro-source/main_source/datasets/sprap_2024_03/id_spr01053/id_spr01053_master_image.nii.gz,Normal,,,,,,,,D:/Backup/Mestrado/dados/JPR/dataset_jpr_train/dataset_jpr_train/3/001053
878,"1,28E+73",jpr_dados,M,40.0,Philips,257.0,1.5,0.48828125,0.75,1.0,-1024.0,True,,,,/home/neuro-source/main_source/datasets/sprap_2024_03/id_spr00878/id_spr00878_master_image.nii.gz,Normal,,,,,,,,D:/Backup/Mestrado/dados/JPR/dataset_jpr_train/dataset_jpr_train/3/000878
991,"1,28E+73",jpr_dados,M,43.0,GE MEDICAL SYSTEMS,149.0,1.25,0.488281,1.25,1.0,-1024.0,True,,,,/home/neuro-source/main_source/datasets/sprap_2024_03/id_spr00991/id_spr00991_master_image.nii.gz,Normal,,,,,,,,D:/Backup/Mestrado/dados/JPR/dataset_jpr_train/dataset_jpr_train/3/000991
556,"1,28E+73",jpr_dados,F,44.0,GE MEDICAL SYSTEMS,146.0,1.25,0.488281,1.25,1.0,-1024.0,True,,,,/home/neuro-source/main_source/datasets/sprap_2024_03/id_spr00556/id_spr00556_master_image.nii.gz,Normal,,,,,,,,D:/Backup/Mestrado/dados/JPR/dataset_jpr_train/dataset_jpr_train/3/000556
2512,"1,28E+73",jpr_dados,F,48.0,GE MEDICAL SYSTEMS,293.0,1.25,0.488281011581,0.625,1.0,-1024.0,True,,,,/home/neuro-source/main_source/datasets/sprap_2024_03/id_spr02512/id_spr02512_master_image.nii.gz,Normal,,,,,,,,D:/Backup/Mestrado/dados/JPR/dataset_jpr_train/dataset_jpr_train/1/002512
2136,"1,28E+73",jpr_dados,F,26.0,SIEMENS,245.0,0.75,0.41796875,0.6999999999999998,1.0,-1024.0,True,,,,/home/neuro-source/main_source/datasets/sprap_2024_03/id_spr02136/id_spr02136_master_image.nii.gz,Normal,,,,,,,,D:/Backup/Mestrado/dados/JPR/dataset_jpr_train/dataset_jpr_train/2/002136
532,"1,28E+73",jpr_dados,F,27.0,GE MEDICAL SYSTEMS,141.0,1.25,0.488281,1.25,1.0,-1024.0,True,,,,/home/neuro-source/main_source/datasets/sprap_2024_03/id_spr00532/id_spr00532_master_image.nii.gz,Normal,,,,,,,,D:/Backup/Mestrado/dados/JPR/dataset_jpr_train/dataset_jpr_train/3/000532
375,"1,28E+73",jpr_dados,F,40.0,GE MEDICAL SYSTEMS,151.0,1.25,0.490234,1.25,1.0,-1024.0,True,,,,/home/neuro-source/main_source/datasets/sprap_2024_03/id_spr00375/id_spr00375_master_image.nii.gz,Normal,,,,,,,,D:/Backup/Mestrado/dados/JPR/dataset_jpr_train/dataset_jpr_train/3/000375
1014,"1,28E+73",jpr_dados,F,40.0,GE MEDICAL SYSTEMS,514.0,0.625,0.529297,0.3118908382066276,1.0,-1024.0,True,,,,/home/neuro-source/main_source/datasets/sprap_2024_03/id_spr01014/id_spr01014_master_image.nii.gz,Normal,,,,,,,,D:/Backup/Mestrado/dados/JPR/dataset_jpr_train/dataset_jpr_train/3/001014
1134,"1,28E+73",jpr_dados,F,32.0,GE MEDICAL SYSTEMS,141.0,1.25,0.46875,1.25,1.0,-1024.0,True,,,,/home/neuro-source/main_source/datasets/sprap_2024_03/id_spr01134/id_spr01134_master_image.nii.gz,Normal,,,,,,,,D:/Backup/Mestrado/dados/JPR/dataset_jpr_train/dataset_jpr_train/3/001134
2038,"1,28E+73",jpr_dados,F,47.0,Canon Medical Systems,176.0,2.0,0.471,1.0,1.0,0.0,True,,,,/home/neuro-source/main_source/datasets/sprap_2024_03/id_spr02038/id_spr02038_master_image.nii.gz,Normal,,,,,,,,D:/Backup/Mestrado/dados/JPR/dataset_jpr_train/dataset_jpr_train/2/002038
2278,"1,28E+73",jpr_dados,F,33.0,TOSHIBA,176.0,2.0,0.43,1.0,1.0,0.0,True,,,,/home/neuro-source/main_source/datasets/sprap_2024_03/id_spr02278/id_spr02278_master_image.nii.gz,Normal,,,,,,,,D:/Backup/Mestrado/dados/JPR/dataset_jpr_train/dataset_jpr_train/2/002278
794,"1,28E+73",jpr_dados,F,22.0,Philips,213.0,1.5,0.443359375,0.75,1.0,-1024.0,True,,,,/home/neuro-source/main_source/datasets/sprap_2024_03/id_spr00794/id_spr00794_master_image.nii.gz,Normal,,,,,,,,D:/Backup/Mestrado/dados/JPR/dataset_jpr_train/dataset_jpr_train/3/000794
940,"1,28E+73",jpr_dados,M,25.0,Canon Medical Systems,226.0,1.0,0.576,1.0,1.0,0.0,True,,,,/home/neuro-source/main_source/datasets/sprap_2024_03/id_spr00940/id_spr00940_master_image.nii.gz,Normal,,,,,,,,D:/Backup/Mestrado/dados/JPR/dataset_jpr_train/dataset_jpr_train/3/000940
958,"1,28E+73",jpr_dados,F,55.0,GE MEDICAL SYSTEMS,129.0,1.25,0.488281,1.25,1.0,-1024.0,True,,,,/home/neuro-source/main_source/datasets/sprap_2024_03/id_spr00958/id_spr00958_master_image.nii.gz,Normal,,,,,,,,D:/Backup/Mestrado/dados/JPR/dataset_jpr_train/dataset_jpr_train/3/000958
692,"1,28E+72",jpr_dados,F,19.0,GE MEDICAL SYSTEMS,141.0,1.25,0.488281,1.25,1.0,-1024.0,True,,,,/home/neuro-source/main_source/datasets/sprap_2024_03/id_spr00692/id_spr00692_master_image.nii.gz,Normal,,,,,,,,D:/Backup/Mestrado/dados/JPR/dataset_jpr_train/dataset_jpr_train/3/000692
407,"1,28E+72",jpr_dados,M,38.0,GE MEDICAL SYSTEMS,137.0,1.25,0.488281,1.25,1.0,-1024.0,True,,,,/home/neuro-source/main_source/datasets/sprap_2024_03/id_spr00407/id_spr00407_master_image.nii.gz,Normal,,,,,,,,D:/Backup/Mestrado/dados/JPR/dataset_jpr_train/dataset_jpr_train/3/000407
2227,"1,28E+73",jpr_dados,F,27.0,GE MEDICAL SYSTEMS,140.0,1.25,0.431641,1.25,1.0,-1024.0,True,,,,/home/neuro-source/main_source/datasets/sprap_2024_03/id_spr02227/id_spr02227_master_image.nii.gz,Normal,,,,,,,,D:/Backup/Mestrado/dados/JPR/dataset_jpr_train/dataset_jpr_train/2/002227
827,"1,28E+73",jpr_dados,F,46.0,Canon Medical Systems,196.0,1.0,0.473,1.0,1.0,0.0,True,,,,/home/neuro-source/main_source/datasets/sprap_2024_03/id_spr00827/id_spr00827_master_image.nii.gz,Normal,,,,,,,,D:/Backup/Mestrado/dados/JPR/dataset_jpr_train/dataset_jpr_train/3/000827
903,"1,28E+73",jpr_dados,M,34.0,GE MEDICAL SYSTEMS,153.0,1.25,0.527344,1.25,1.0,-1024.0,True,,,,/home/neuro-source/main_source/datasets/sprap_2024_03/id_spr00903/id_spr00903_master_image.nii.gz,Normal,,,,,,,,D:/Backup/Mestrado/dados/JPR/dataset_jpr_train/dataset_jpr_train/3/000903
615,"1,28E+73",jpr_dados,F,19.0,GE MEDICAL SYSTEMS,145.0,1.25,0.488281,1.25,1.0,-1024.0,True,,,,/home/neuro-source/main_source/datasets/sprap_2024_03/id_spr00615/id_spr00615_master_image.nii.gz,Normal,,,,,,,,D:/Backup/Mestrado/dados/JPR/dataset_jpr_train/dataset_jpr_train/3/000615
2246,"1,28E+73",jpr_dados,F,29.0,GE MEDICAL SYSTEMS,137.0,1.25,0.421875,1.25,1.0,-1024.0,True,,,,/home/neuro-source/main_source/datasets/sprap_2024_03/id_spr02246/id_spr02246_master_image.nii.gz,Normal,,,,,,,,D:/Backup/Mestrado/dados/JPR/dataset_jpr_train/dataset_jpr_train/2/002246
1082,"1,28E+73",jpr_dados,F,27.0,GE MEDICAL SYSTEMS,145.0,1.25,0.488281,1.25,1.0,-1024.0,True,,,,/home/neuro-source/main_source/datasets/sprap_2024_03/id_spr01082/id_spr01082_master_image.nii.gz,Normal,,,,,,,,D:/Backup/Mestrado/dados/JPR/dataset_jpr_train/dataset_jpr_train/3/001082
1925,"1,28E+73",jpr_dados,F,27.0,Canon Medical Systems,213.0,1.0,0.448,0.8000000000000002,1.0,0.0,True,,,,/home/neuro-source/main_source/datasets/sprap_2024_03/id_spr01925/id_spr01925_master_image.nii.gz,Normal,,,,,,,,D:/Backup/Mestrado/dados/JPR/dataset_jpr_train/dataset_jpr_train/2/001925
421,"1,28E+72",jpr_dados,M,37.0,GE MEDICAL SYSTEMS,130.0,1.25,0.488281,1.25,1.0,-1024.0,True,,,,/home/neuro-source/main_source/datasets/sprap_2024_03/id_spr00421/id_spr00421_master_image.nii.gz,Normal,,,,,,,,D:/Backup/Mestrado/dados/JPR/dataset_jpr_train/dataset_jpr_train/3/000421
592,"1,28E+73",jpr_dados,F,19.0,Siemens Healthineers,165.0,2.0,0.4006638889,0.9999989161393588,1.0,-8192.0,True,,,,/home/neuro-source/main_source/datasets/sprap_2024_03/id_spr00592/id_spr00592_master_image.nii.gz,Normal,,,,,,,,D:/Backup/Mestrado/dados/JPR/dataset_jpr_train/dataset_jpr_train/3/000592
846,"1,28E+73",jpr_dados,F,39.0,Philips,232.0,1.5,0.453125,0.7499999982683982,1.0,-1024.0,True,,,,/home/neuro-source/main_source/datasets/sprap_2024_03/id_spr00846/id_spr00846_master_image.nii.gz,Normal,,,,,,,,D:/Backup/Mestrado/dados/JPR/dataset_jpr_train/dataset_jpr_train/3/000846
599,"1,28E+73",jpr_dados,F,45.0,GE MEDICAL SYSTEMS,149.0,1.25,0.488281,1.25,1.0,-1024.0,True,,,,/home/neuro-source/main_source/datasets/sprap_2024_03/id_spr00599/id_spr00599_master_image.nii.gz,Normal,,,,,,,,D:/Backup/Mestrado/dados/JPR/dataset_jpr_train/dataset_jpr_train/3/000599
2562,"1,28E+73",jpr_dados,F,86.0,GE MEDICAL SYSTEMS,147.0,2.5,0.460938006639,1.25,1.0,-1024.0,True,,,,/home/neuro-source/main_source/datasets/sprap_2024_03/id_spr02562/id_spr02562_master_image.nii.gz,Normal,,,,,,,,D:/Backup/Mestrado/dados/JPR/dataset_jpr_train/dataset_jpr_train/1/002562
2517,"1,28E+73",jpr_dados,F,58.0,GE MEDICAL SYSTEMS,139.0,2.5,0.439453005791,1.25,1.0,-1024.0,True,,,,/home/neuro-source/main_source/datasets/sprap_2024_03/id_spr02517/id_spr02517_master_image.nii.gz,Normal,,,,,,,,D:/Backup/Mestrado/dados/JPR/dataset_jpr_train/dataset_jpr_train/1/002517
2601,"1,28E+73",jpr_dados,F,74.0,GE MEDICAL SYSTEMS,265.0,1.25,0.404296994209,0.625,1.0,-1024.0,True,,,,/home/neuro-source/main_source/datasets/sprap_2024_03/id_spr02601/id_spr02601_master_image.nii.gz,Normal,,,,,,,,
1728,"1,28E+73",jpr_dados,F,50.0,TOSHIBA,201.0,1.0,0.434,0.8,1.0,0.0,True,,,,/home/neuro-source/main_source/datasets/sprap_2024_03/id_spr01728/id_spr01728_master_image.nii.gz,Normal,,,,,,,,D:/Backup/Mestrado/dados/JPR/dataset_jpr_train/dataset_jpr_train/2/001728
2169,"1,28E+73",jpr_dados,M,53.0,SIEMENS,228.0,1.0,0.419921875,0.7000000000000001,1.0,-1024.0,True,,,,/home/neuro-source/main_source/datasets/sprap_2024_03/id_spr02169/id_spr02169_master_image.nii.gz,Normal,,,,,,,,D:/Backup/Mestrado/dados/JPR/dataset_jpr_train/dataset_jpr_train/2/002169
2551,"1,28E+73",jpr_dados,F,64.0,GE MEDICAL SYSTEMS,279.0,1.25,0.41601601243,0.625,1.0,-1024.0,True,,,,/home/neuro-source/main_source/datasets/sprap_2024_03/id_spr02551/id_spr02551_master_image.nii.gz,Normal,,,,,,,,D:/Backup/Mestrado/dados/JPR/dataset_jpr_train/dataset_jpr_train/1/002551
701,"1,28E+73",jpr_dados,F,58.0,GE MEDICAL SYSTEMS,134.0,1.25,0.488281,1.25,1.0,-1024.0,True,,,,/home/neuro-source/main_source/datasets/sprap_2024_03/id_spr00701/id_spr00701_master_image.nii.gz,Normal,,,,,,,,D:/Backup/Mestrado/dados/JPR/dataset_jpr_train/dataset_jpr_train/3/000701
2409,"1,28E+73",jpr_dados,F,47.0,GE MEDICAL SYSTEMS,163.0,2.5,0.488281011581,1.25,1.0,-1024.0,True,,,,/home/neuro-source/main_source/datasets/sprap_2024_03/id_spr02409/id_spr02409_master_image.nii.gz,Normal,,,,,,,,D:/Backup/Mestrado/dados/JPR/dataset_jpr_train/dataset_jpr_train/1/002409
1775,"1,28E+73",jpr_dados,M,30.0,TOSHIBA,201.0,2.0,0.429,1.0,1.0,0.0,True,,,,/home/neuro-source/main_source/datasets/sprap_2024_03/id_spr01775/id_spr01775_master_image.nii.gz,Normal,,,,,,,,D:/Backup/Mestrado/dados/JPR/dataset_jpr_train/dataset_jpr_train/2/001775
1778,"1,28E+73",jpr_dados,F,30.0,GE MEDICAL SYSTEMS,171.0,1.25,0.462891,1.0,1.0,-1024.0,True,,,,/home/neuro-source/main_source/datasets/sprap_2024_03/id_spr01778/id_spr01778_master_image.nii.gz,Normal,,,,,,,,D:/Backup/Mestrado/dados/JPR/dataset_jpr_train/dataset_jpr_train/2/001778
987,"1,28E+73",jpr_dados,F,41.0,GE MEDICAL SYSTEMS,137.0,1.25,0.488281,1.25,1.0,-1024.0,True,,,,/home/neuro-source/main_source/datasets/sprap_2024_03/id_spr00987/id_spr00987_master_image.nii.gz,Normal,,,,,,,,D:/Backup/Mestrado/dados/JPR/dataset_jpr_train/dataset_jpr_train/3/000987
1560,"1,28E+73",jpr_dados,F,32.0,TOSHIBA,307.0,1.0,0.456,0.8,1.0,0.0,True,,,,/home/neuro-source/main_source/datasets/sprap_2024_03/id_spr01560/id_spr01560_master_image.nii.gz,Normal,,,,,,,,D:/Backup/Mestrado/dados/JPR/dataset_jpr_train/dataset_jpr_train/2/001560
1258,"1,28E+73",jpr_dados,F,28.0,Canon Medical Systems,201.0,2.0,0.429,1.0,1.0,0.0,True,,,,/home/neuro-source/main_source/datasets/sprap_2024_03/id_spr01258/id_spr01258_master_image.nii.gz,Normal,,,,,,,,D:/Backup/Mestrado/dados/JPR/dataset_jpr_train/dataset_jpr_train/3/001258
2355,"1,28E+73",jpr_dados,F,50.0,GE MEDICAL SYSTEMS,606.0,1.25,0.44726601243,0.0671487603305785,1.0,-1024.0,True,,,,/home/neuro-source/main_source/datasets/sprap_2024_03/id_spr02355/id_spr02355_master_image.nii.gz,Normal,,,,,,,,D:/Backup/Mestrado/dados/JPR/dataset_jpr_train/dataset_jpr_train/2/002355
2236,"1,28E+73",jpr_dados,F,34.0,GE MEDICAL SYSTEMS,140.0,1.25,0.441406,1.25,1.0,-1024.0,True,,,,/home/neuro-source/main_source/datasets/sprap_2024_03/id_spr02236/id_spr02236_master_image.nii.gz,Normal,,,,,,,,D:/Backup/Mestrado/dados/JPR/dataset_jpr_train/dataset_jpr_train/2/002236
724,"1,28E+73",jpr_dados,F,41.0,GE MEDICAL SYSTEMS,137.0,1.25,0.488281,1.25,1.0,-1024.0,True,,,,/home/neuro-source/main_source/datasets/sprap_2024_03/id_spr00724/id_spr00724_master_image.nii.gz,Normal,,,,,,,,D:/Backup/Mestrado/dados/JPR/dataset_jpr_train/dataset_jpr_train/3/000724
577,"1,28E+73",jpr_dados,F,51.0,GE MEDICAL SYSTEMS,133.0,1.25,0.488281,1.25,1.0,-1024.0,True,,,,/home/neuro-source/main_source/datasets/sprap_2024_03/id_spr00577/id_spr00577_master_image.nii.gz,Normal,,,,,,,,D:/Backup/Mestrado/dados/JPR/dataset_jpr_train/dataset_jpr_train/3/000577
1828,"1,28E+73",jpr_dados,F,51.0,GE MEDICAL SYSTEMS,143.0,1.25,0.466797,1.25,1.0,-1024.0,True,,,,/home/neuro-source/main_source/datasets/sprap_2024_03/id_spr01828/id_spr01828_master_image.nii.gz,Normal,,,,,,,,D:/Backup/Mestrado/dados/JPR/dataset_jpr_train/dataset_jpr_train/2/001828
2417,"1,28E+72",jpr_dados,F,64.0,GE MEDICAL SYSTEMS,241.0,1.25,0.623046994209,0.625,1.0,-1024.0,True,,,,/home/neuro-source/main_source/datasets/sprap_2024_03/id_spr02417/id_spr02417_master_image.nii.gz,Normal,,,,,,,,D:/Backup/Mestrado/dados/JPR/dataset_jpr_train/dataset_jpr_train/1/002417
2373,"1,28E+73",jpr_dados,M,74.0,GE MEDICAL SYSTEMS,295.0,1.25,0.466796994209,0.625,1.0,-1024.0,True,,,,/home/neuro-source/main_source/datasets/sprap_2024_03/id_spr02373/id_spr02373_master_image.nii.gz,Normal,,,,,,,,D:/Backup/Mestrado/dados/JPR/dataset_jpr_train/dataset_jpr_train/1/002373
1780,"1,28E+73",jpr_dados,M,22.0,TOSHIBA,226.0,1.0,0.395,0.8,1.0,0.0,True,,,,/home/neuro-source/main_source/datasets/sprap_2024_03/id_spr01780/id_spr01780_master_image.nii.gz,Normal,,,,,,,,D:/Backup/Mestrado/dados/JPR/dataset_jpr_train/dataset_jpr_train/2/001780
2518,"1,28E+73",jpr_dados,F,61.0,GE MEDICAL SYSTEMS,289.0,1.25,0.488281011581,0.625,1.0,-1024.0,True,,,,/home/neuro-source/main_source/datasets/sprap_2024_03/id_spr02518/id_spr02518_master_image.nii.gz,Normal,,,,,,,,D:/Backup/Mestrado/dados/JPR/dataset_jpr_train/dataset_jpr_train/1/002518
666,"1,28E+73",jpr_dados,F,28.0,Philips,206.0,2.0,0.451171875,1.0,1.0,-1024.0,True,,,,/home/neuro-source/main_source/datasets/sprap_2024_03/id_spr00666/id_spr00666_master_image.nii.gz,Normal,,,,,,,,D:/Backup/Mestrado/dados/JPR/dataset_jpr_train/dataset_jpr_train/3/000666
1806,"1,28E+73",jpr_dados,M,34.0,GE MEDICAL SYSTEMS,201.0,1.25,0.488281,1.0,1.0,-1024.0,True,,,,/home/neuro-source/main_source/datasets/sprap_2024_03/id_spr01806/id_spr01806_master_image.nii.gz,Normal,,,,,,,,D:/Backup/Mestrado/dados/JPR/dataset_jpr_train/dataset_jpr_train/2/001806
1939,"1,28E+73",jpr_dados,M,32.0,TOSHIBA,171.0,2.0,0.493,1.0,1.0,0.0,True,,,,/home/neuro-source/main_source/datasets/sprap_2024_03/id_spr01939/id_spr01939_master_image.nii.gz,Normal,,,,,,,,D:/Backup/Mestrado/dados/JPR/dataset_jpr_train/dataset_jpr_train/2/001939
1326,"1,28E+73",jpr_dados,F,51.0,GE MEDICAL SYSTEMS,131.0,1.25,0.488281,1.25,1.0,-1024.0,True,,,,/home/neuro-source/main_source/datasets/sprap_2024_03/id_spr01326/id_spr01326_master_image.nii.gz,Normal,,,,,,,,D:/Backup/Mestrado/dados/JPR/dataset_jpr_train/dataset_jpr_train/2/001326
768,"1,28E+73",jpr_dados,M,39.0,GE MEDICAL SYSTEMS,145.0,1.25,0.498047,1.25,1.0,-1024.0,True,,,,/home/neuro-source/main_source/datasets/sprap_2024_03/id_spr00768/id_spr00768_master_image.nii.gz,Normal,,,,,,,,D:/Backup/Mestrado/dados/JPR/dataset_jpr_train/dataset_jpr_train/3/000768
594,"1,28E+73",jpr_dados,F,27.0,Philips,212.0,1.5,0.49609375,0.7500000009478672,1.0,-1024.0,True,,,,/home/neuro-source/main_source/datasets/sprap_2024_03/id_spr00594/id_spr00594_master_image.nii.gz,Normal,,,,,,,,D:/Backup/Mestrado/dados/JPR/dataset_jpr_train/dataset_jpr_train/3/000594
2202,"1,28E+73",jpr_dados,F,34.0,TOSHIBA,238.0,1.0,0.434,0.8,1.0,0.0,True,,,,/home/neuro-source/main_source/datasets/sprap_2024_03/id_spr02202/id_spr02202_master_image.nii.gz,Normal,,,,,,,,D:/Backup/Mestrado/dados/JPR/dataset_jpr_train/dataset_jpr_train/2/002202
1224,"1,28E+73",jpr_dados,F,41.0,GE MEDICAL SYSTEMS,145.0,1.25,0.488281,1.25,1.0,-1024.0,True,,,,/home/neuro-source/main_source/datasets/sprap_2024_03/id_spr01224/id_spr01224_master_image.nii.gz,Normal,,,,,,,,D:/Backup/Mestrado/dados/JPR/dataset_jpr_train/dataset_jpr_train/3/001224
2092,"1,28E+73",jpr_dados,F,25.0,GE MEDICAL SYSTEMS,145.0,1.25,0.488281,1.25,1.0,-1024.0,True,,,,/home/neuro-source/main_source/datasets/sprap_2024_03/id_spr02092/id_spr02092_master_image.nii.gz,Normal,,,,,,,,D:/Backup/Mestrado/dados/JPR/dataset_jpr_train/dataset_jpr_train/2/002092
1001,"1,28E+72",jpr_dados,F,33.0,GE MEDICAL SYSTEMS,191.0,2.5,0.488281,1.0,1.0,-1024.0,True,,,,/home/neuro-source/main_source/datasets/sprap_2024_03/id_spr01001/id_spr01001_master_image.nii.gz,Normal,,,,,,,,D:/Backup/Mestrado/dados/JPR/dataset_jpr_train/dataset_jpr_train/3/001001
1974,"1,28E+73",jpr_dados,F,34.0,TOSHIBA,207.0,1.0,0.449,0.8,1.0,0.0,True,,,,/home/neuro-source/main_source/datasets/sprap_2024_03/id_spr01974/id_spr01974_master_image.nii.gz,Normal,,,,,,,,D:/Backup/Mestrado/dados/JPR/dataset_jpr_train/dataset_jpr_train/2/001974
1947,"1,28E+73",jpr_dados,M,23.0,TOSHIBA,176.0,2.0,0.449,1.0,1.0,0.0,True,,,,/home/neuro-source/main_source/datasets/sprap_2024_03/id_spr01947/id_spr01947_master_image.nii.gz,Normal,,,,,,,,D:/Backup/Mestrado/dados/JPR/dataset_jpr_train/dataset_jpr_train/2/001947
1704,"1,28E+73",jpr_dados,F,22.0,GE MEDICAL SYSTEMS,139.0,1.25,0.429688,1.25,1.0,-1024.0,True,,,,/home/neuro-source/main_source/datasets/sprap_2024_03/id_spr01704/id_spr01704_master_image.nii.gz,Normal,,,,,,,,D:/Backup/Mestrado/dados/JPR/dataset_jpr_train/dataset_jpr_train/2/001704
1850,"1,28E+73",jpr_dados,M,20.0,TOSHIBA,226.0,1.0,0.429,0.8,1.0,0.0,True,,,,/home/neuro-source/main_source/datasets/sprap_2024_03/id_spr01850/id_spr01850_master_image.nii.gz,Normal,,,,,,,,D:/Backup/Mestrado/dados/JPR/dataset_jpr_train/dataset_jpr_train/2/001850
2609,"1,28E+73",jpr_dados,F,25.0,GE MEDICAL SYSTEMS,285.0,1.25,0.41601601243,0.625,1.0,-1024.0,True,,,,/home/neuro-source/main_source/datasets/sprap_2024_03/id_spr02609/id_spr02609_master_image.nii.gz,Normal,,,,,,,,D:/Backup/Mestrado/dados/JPR/dataset_jpr_train/dataset_jpr_train/1/002609
487,"1,28E+73",jpr_dados,M,20.0,GE MEDICAL SYSTEMS,133.0,1.25,0.488281,1.25,1.0,-1024.0,True,,,,/home/neuro-source/main_source/datasets/sprap_2024_03/id_spr00487/id_spr00487_master_image.nii.gz,Normal,,,,,,,,D:/Backup/Mestrado/dados/JPR/dataset_jpr_train/dataset_jpr_train/3/000487
1060,"1,28E+73",jpr_dados,F,49.0,GE MEDICAL SYSTEMS,157.0,1.25,0.546875,1.25,1.0,-1024.0,True,,,,/home/neuro-source/main_source/datasets/sprap_2024_03/id_spr01060/id_spr01060_master_image.nii.gz,Normal,,,,,,,,D:/Backup/Mestrado/dados/JPR/dataset_jpr_train/dataset_jpr_train/3/001060
1319,"1,28E+73",jpr_dados,F,39.0,TOSHIBA,207.0,1.0,0.397,0.7999999999999998,1.0,0.0,True,,,,/home/neuro-source/main_source/datasets/sprap_2024_03/id_spr01319/id_spr01319_master_image.nii.gz,Normal,,,,,,,,D:/Backup/Mestrado/dados/JPR/dataset_jpr_train/dataset_jpr_train/3/001319
863,"1,28E+73",jpr_dados,M,40.0,GE MEDICAL SYSTEMS,141.0,1.25,0.513672,1.25,1.0,-1024.0,True,,,,/home/neuro-source/main_source/datasets/sprap_2024_03/id_spr00863/id_spr00863_master_image.nii.gz,Normal,,,,,,,,D:/Backup/Mestrado/dados/JPR/dataset_jpr_train/dataset_jpr_train/3/000863
2341,"1,28E+73",jpr_dados,F,30.0,GE MEDICAL SYSTEMS,264.0,1.25,0.488281,0.625,1.0,-1024.0,True,,,,/home/neuro-source/main_source/datasets/sprap_2024_03/id_spr02341/id_spr02341_master_image.nii.gz,Normal,,,,,,,,D:/Backup/Mestrado/dados/JPR/dataset_jpr_train/dataset_jpr_train/2/002341
1300,"1,28E+73",jpr_dados,F,31.0,Canon Medical Systems,186.0,2.0,0.459,1.0,1.0,0.0,True,,,,/home/neuro-source/main_source/datasets/sprap_2024_03/id_spr01300/id_spr01300_master_image.nii.gz,Normal,,,,,,,,D:/Backup/Mestrado/dados/JPR/dataset_jpr_train/dataset_jpr_train/3/001300
1637,"1,28E+73",jpr_dados,F,51.0,TOSHIBA,226.0,1.0,0.429,0.8,1.0,0.0,True,,,,/home/neuro-source/main_source/datasets/sprap_2024_03/id_spr01637/id_spr01637_master_image.nii.gz,Normal,,,,,,,,D:/Backup/Mestrado/dados/JPR/dataset_jpr_train/dataset_jpr_train/2/001637
1331,"1,28E+72",jpr_dados,M,38.0,GE MEDICAL SYSTEMS,146.0,1.25,0.476562,1.25,1.0,-1024.0,True,,,,/home/neuro-source/main_source/datasets/sprap_2024_03/id_spr01331/id_spr01331_master_image.nii.gz,Normal,,,,,,,,D:/Backup/Mestrado/dados/JPR/dataset_jpr_train/dataset_jpr_train/2/001331
1443,"1,28E+73",jpr_dados,M,44.0,GE MEDICAL SYSTEMS,143.0,1.25,0.480469,1.25,1.0,-1024.0,True,,,,/home/neuro-source/main_source/datasets/sprap_2024_03/id_spr01443/id_spr01443_master_image.nii.gz,Normal,,,,,,,,D:/Backup/Mestrado/dados/JPR/dataset_jpr_train/dataset_jpr_train/2/001443
2219,"1,28E+73",jpr_dados,F,21.0,GE MEDICAL SYSTEMS,135.0,1.25,0.488281,1.25,1.0,-1024.0,True,,,,/home/neuro-source/main_source/datasets/sprap_2024_03/id_spr02219/id_spr02219_master_image.nii.gz,Normal,,,,,,,,D:/Backup/Mestrado/dados/JPR/dataset_jpr_train/dataset_jpr_train/2/002219
1966,"1,28E+73",jpr_dados,F,40.0,TOSHIBA,219.0,1.0,0.449,0.7999999999999999,1.0,0.0,True,,,,/home/neuro-source/main_source/datasets/sprap_2024_03/id_spr01966/id_spr01966_master_image.nii.gz,Normal,,,,,,,,D:/Backup/Mestrado/dados/JPR/dataset_jpr_train/dataset_jpr_train/2/001966
1631,"1,28E+73",jpr_dados,F,45.0,GE MEDICAL SYSTEMS,143.0,1.25,0.488281,1.25,1.0,-1024.0,True,,,,/home/neuro-source/main_source/datasets/sprap_2024_03/id_spr01631/id_spr01631_master_image.nii.gz,Normal,,,,,,,,D:/Backup/Mestrado/dados/JPR/dataset_jpr_train/dataset_jpr_train/2/001631
1943,"1,28E+73",jpr_dados,M,43.0,TOSHIBA,191.0,2.0,0.485,1.0,1.0,0.0,True,,,,/home/neuro-source/main_source/datasets/sprap_2024_03/id_spr01943/id_spr01943_master_image.nii.gz,Normal,,,,,,,,D:/Backup/Mestrado/dados/JPR/dataset_jpr_train/dataset_jpr_train/2/001943
758,"1,28E+73",jpr_dados,F,39.0,GE MEDICAL SYSTEMS,137.0,1.25,0.533203,1.25,1.0,-1024.0,True,,,,/home/neuro-source/main_source/datasets/sprap_2024_03/id_spr00758/id_spr00758_master_image.nii.gz,Normal,,,,,,,,D:/Backup/Mestrado/dados/JPR/dataset_jpr_train/dataset_jpr_train/3/000758
1824,"1,28E+73",jpr_dados,M,28.0,GE MEDICAL SYSTEMS,170.0,1.25,0.488281,1.0,1.0,-1024.0,True,,,,/home/neuro-source/main_source/datasets/sprap_2024_03/id_spr01824/id_spr01824_master_image.nii.gz,Normal,,,,,,,,D:/Backup/Mestrado/dados/JPR/dataset_jpr_train/dataset_jpr_train/2/001824
810,"1,28E+73",jpr_dados,M,47.0,Canon Medical Systems,221.0,2.0,0.64,1.0,1.0,0.0,True,,,,/home/neuro-source/main_source/datasets/sprap_2024_03/id_spr00810/id_spr00810_master_image.nii.gz,Normal,,,,,,,,D:/Backup/Mestrado/dados/JPR/dataset_jpr_train/dataset_jpr_train/3/000810
2295,"1,28E+73",jpr_dados,M,36.0,TOSHIBA,201.0,2.0,0.461,1.0,1.0,0.0,True,,,,/home/neuro-source/main_source/datasets/sprap_2024_03/id_spr02295/id_spr02295_master_image.nii.gz,Normal,,,,,,,,D:/Backup/Mestrado/dados/JPR/dataset_jpr_train/dataset_jpr_train/2/002295
1298,"1,28E+73",jpr_dados,M,50.0,GE MEDICAL SYSTEMS,167.0,1.25,0.519531,1.25,1.0,-1024.0,True,,,,/home/neuro-source/main_source/datasets/sprap_2024_03/id_spr01298/id_spr01298_master_image.nii.gz,Normal,,,,,,,,D:/Backup/Mestrado/dados/JPR/dataset_jpr_train/dataset_jpr_train/3/001298
691,"1,28E+73",jpr_dados,M,44.0,Philips,193.0,2.0,0.4921875,10.000.000.020.833.300,1.0,-1024.0,True,,,,/home/neuro-source/main_source/datasets/sprap_2024_03/id_spr00691/id_spr00691_master_image.nii.gz,Normal,,,,,,,,D:/Backup/Mestrado/dados/JPR/dataset_jpr_train/dataset_jpr_train/3/000691
718,"1,28E+73",jpr_dados,F,44.0,GE MEDICAL SYSTEMS,145.0,1.25,0.488281,1.25,1.0,-1024.0,True,,,,/home/neuro-source/main_source/datasets/sprap_2024_03/id_spr00718/id_spr00718_master_image.nii.gz,Normal,,,,,,,,D:/Backup/Mestrado/dados/JPR/dataset_jpr_train/dataset_jpr_train/3/000718
1533,"1,28E+73",jpr_dados,M,22.0,GE MEDICAL SYSTEMS,165.0,1.25,0.425781,1.0,1.0,-1024.0,True,,,,/home/neuro-source/main_source/datasets/sprap_2024_03/id_spr01533/id_spr01533_master_image.nii.gz,Normal,,,,,,,,D:/Backup/Mestrado/dados/JPR/dataset_jpr_train/dataset_jpr_train/2/001533
1727,"1,28E+73",jpr_dados,M,27.0,TOSHIBA,226.0,1.0,0.454,0.8,1.0,0.0,True,,,,/home/neuro-source/main_source/datasets/sprap_2024_03/id_spr01727/id_spr01727_master_image.nii.gz,Normal,,,,,,,,D:/Backup/Mestrado/dados/JPR/dataset_jpr_train/dataset_jpr_train/2/001727
1764,"1,28E+73",jpr_dados,F,40.0,TOSHIBA,218.0,1.0,0.457,0.7999999999999998,1.0,0.0,True,,,,/home/neuro-source/main_source/datasets/sprap_2024_03/id_spr01764/id_spr01764_master_image.nii.gz,Normal,,,,,,,,D:/Backup/Mestrado/dados/JPR/dataset_jpr_train/dataset_jpr_train/2/001764
1049,"1,28E+73",jpr_dados,F,41.0,Philips,181.0,2.0,0.458984375,1.0,1.0,-1024.0,True,,,,/home/neuro-source/main_source/datasets/sprap_2024_03/id_spr01049/id_spr01049_master_image.nii.gz,Normal,,,,,,,,D:/Backup/Mestrado/dados/JPR/dataset_jpr_train/dataset_jpr_train/3/001049
1477,"1,28E+73",jpr_dados,F,51.0,GE MEDICAL SYSTEMS,265.0,0.625,0.449219,0.625,1.0,-1024.0,True,,,,/home/neuro-source/main_source/datasets/sprap_2024_03/id_spr01477/id_spr01477_master_image.nii.gz,Normal,,,,,,,,D:/Backup/Mestrado/dados/JPR/dataset_jpr_train/dataset_jpr_train/2/001477
425,"1,28E+73",jpr_dados,M,40.0,GE MEDICAL SYSTEMS,165.0,1.25,0.488281,1.25,1.0,-1024.0,True,,,,/home/neuro-source/main_source/datasets/sprap_2024_03/id_spr00425/id_spr00425_master_image.nii.gz,Normal,,,,,,,,D:/Backup/Mestrado/dados/JPR/dataset_jpr_train/dataset_jpr_train/3/000425
1316,"1,28E+73",jpr_dados,M,34.0,TOSHIBA,196.0,2.0,0.522,1.0,1.0,0.0,True,,,,/home/neuro-source/main_source/datasets/sprap_2024_03/id_spr01316/id_spr01316_master_image.nii.gz,Normal,,,,,,,,D:/Backup/Mestrado/dados/JPR/dataset_jpr_train/dataset_jpr_train/3/001316
2400,"1,28E+73",jpr_dados,M,78.0,GE MEDICAL SYSTEMS,161.0,2.5,0.544921994209,1.25,1.0,-1024.0,True,,,,/home/neuro-source/main_source/datasets/sprap_2024_03/id_spr02400/id_spr02400_master_image.nii.gz,Normal,,,,,,,,D:/Backup/Mestrado/dados/JPR/dataset_jpr_train/dataset_jpr_train/1/002400
1487,"1,28E+73",jpr_dados,M,55.0,TOSHIBA,219.0,1.0,0.49,0.8,1.0,0.0,True,,,,/home/neuro-source/main_source/datasets/sprap_2024_03/id_spr01487/id_spr01487_master_image.nii.gz,Normal,,,,,,,,D:/Backup/Mestrado/dados/JPR/dataset_jpr_train/dataset_jpr_train/2/001487
969,"1,28E+73",jpr_dados,M,40.0,Philips,208.0,2.0,0.568359375,10.000.000.000.000.000,1.0,-1024.0,True,,,,/home/neuro-source/main_source/datasets/sprap_2024_03/id_spr00969/id_spr00969_master_image.nii.gz,Normal,,,,,,,,D:/Backup/Mestrado/dados/JPR/dataset_jpr_train/dataset_jpr_train/3/000969
2389,"1,28E+73",jpr_dados,F,32.0,GE MEDICAL SYSTEMS,277.0,1.25,0.488281011581,0.625,1.0,-1024.0,True,,,,/home/neuro-source/main_source/datasets/sprap_2024_03/id_spr02389/id_spr02389_master_image.nii.gz,Normal,,,,,,,,D:/Backup/Mestrado/dados/JPR/dataset_jpr_train/dataset_jpr_train/1/002389
636,"1,28E+73",jpr_dados,M,44.0,GE MEDICAL SYSTEMS,177.0,1.25,0.521484,1.25,1.0,-1024.0,True,,,,/home/neuro-source/main_source/datasets/sprap_2024_03/id_spr00636/id_spr00636_master_image.nii.gz,Normal,,,,,,,,D:/Backup/Mestrado/dados/JPR/dataset_jpr_train/dataset_jpr_train/3/000636
1660,"1,28E+73",jpr_dados,F,51.0,GE MEDICAL SYSTEMS,141.0,1.25,0.462891,1.25,1.0,-1024.0,True,,,,/home/neuro-source/main_source/datasets/sprap_2024_03/id_spr01660/id_spr01660_master_image.nii.gz,Normal,,,,,,,,D:/Backup/Mestrado/dados/JPR/dataset_jpr_train/dataset_jpr_train/2/001660
2617,"1,28E+73",jpr_dados,F,53.0,GE MEDICAL SYSTEMS,143.0,2.5,0.429688006639,1.25,1.0,-1024.0,True,,,,/home/neuro-source/main_source/datasets/sprap_2024_03/id_spr02617/id_spr02617_master_image.nii.gz,Normal,,,,,,,,D:/Backup/Mestrado/dados/JPR/dataset_jpr_train/dataset_jpr_train/1/002617
575,"1,28E+73",jpr_dados,F,52.0,GE MEDICAL SYSTEMS,141.0,1.25,0.460938,1.25,1.0,-1024.0,True,,,,/home/neuro-source/main_source/datasets/sprap_2024_03/id_spr00575/id_spr00575_master_image.nii.gz,Normal,,,,,,,,D:/Backup/Mestrado/dados/JPR/dataset_jpr_train/dataset_jpr_train/3/000575
513,"1,28E+73",jpr_dados,F,41.0,GE MEDICAL SYSTEMS,137.0,1.25,0.488281,1.25,1.0,-1024.0,True,,,,/home/neuro-source/main_source/datasets/sprap_2024_03/id_spr00513/id_spr00513_master_image.nii.gz,Normal,,,,,,,,D:/Backup/Mestrado/dados/JPR/dataset_jpr_train/dataset_jpr_train/3/000513
687,"1,28E+73",jpr_dados,M,37.0,Philips,187.0,2.0,0.48828125,1.0,1.0,-1024.0,True,,,,/home/neuro-source/main_source/datasets/sprap_2024_03/id_spr00687/id_spr00687_master_image.nii.gz,Normal,,,,,,,,D:/Backup/Mestrado/dados/JPR/dataset_jpr_train/dataset_jpr_train/3/000687
1666,"1,28E+73",jpr_dados,M,42.0,SIEMENS,180.0,1.0,0.4609375,0.9999999999999996,1.0,-1024.0,True,,,,/home/neuro-source/main_source/datasets/sprap_2024_03/id_spr01666/id_spr01666_master_image.nii.gz,Normal,,,,,,,,D:/Backup/Mestrado/dados/JPR/dataset_jpr_train/dataset_jpr_train/2/001666
1644,"1,28E+73",jpr_dados,F,38.0,GE MEDICAL SYSTEMS,129.0,1.25,0.421875,1.25,1.0,-1024.0,True,,,,/home/neuro-source/main_source/datasets/sprap_2024_03/id_spr01644/id_spr01644_master_image.nii.gz,Normal,,,,,,,,D:/Backup/Mestrado/dados/JPR/dataset_jpr_train/dataset_jpr_train/2/001644
1281,"1,28E+73",jpr_dados,F,51.0,GE MEDICAL SYSTEMS,133.0,1.25,0.525391,1.25,1.0,-1024.0,True,,,,/home/neuro-source/main_source/datasets/sprap_2024_03/id_spr01281/id_spr01281_master_image.nii.gz,Normal,,,,,,,,D:/Backup/Mestrado/dados/JPR/dataset_jpr_train/dataset_jpr_train/3/001281
776,"1,28E+73",jpr_dados,F,68.0,GE MEDICAL SYSTEMS,145.0,1.25,0.488281,1.25,1.0,-1024.0,True,,,,/home/neuro-source/main_source/datasets/sprap_2024_03/id_spr00776/id_spr00776_master_image.nii.gz,Normal,,,,,,,,D:/Backup/Mestrado/dados/JPR/dataset_jpr_train/dataset_jpr_train/3/000776
707,"1,28E+72",jpr_dados,F,29.0,GE MEDICAL SYSTEMS,125.0,1.25,0.488281,1.25,1.0,-1024.0,True,,,,/home/neuro-source/main_source/datasets/sprap_2024_03/id_spr00707/id_spr00707_master_image.nii.gz,Normal,,,,,,,,D:/Backup/Mestrado/dados/JPR/dataset_jpr_train/dataset_jpr_train/3/000707
1492,"1,28E+73",jpr_dados,F,47.0,TOSHIBA,224.0,1.0,0.507,0.7999999999999999,1.0,0.0,True,,,,/home/neuro-source/main_source/datasets/sprap_2024_03/id_spr01492/id_spr01492_master_image.nii.gz,Normal,,,,,,,,D:/Backup/Mestrado/dados/JPR/dataset_jpr_train/dataset_jpr_train/2/001492
2097,"1,28E+73",jpr_dados,M,59.0,GE MEDICAL SYSTEMS,147.0,1.25,0.488281,1.25,1.0,-1024.0,True,,,,/home/neuro-source/main_source/datasets/sprap_2024_03/id_spr02097/id_spr02097_master_image.nii.gz,Normal,,,,,,,,D:/Backup/Mestrado/dados/JPR/dataset_jpr_train/dataset_jpr_train/2/002097
1661,"1,28E+73",jpr_dados,F,25.0,Philips,224.0,1.5,0.431641,0.75,1.0,-1024.0,True,,,,/home/neuro-source/main_source/datasets/sprap_2024_03/id_spr01661/id_spr01661_master_image.nii.gz,Normal,,,,,,,,D:/Backup/Mestrado/dados/JPR/dataset_jpr_train/dataset_jpr_train/2/001661
2029,"1,28E+73",jpr_dados,F,41.0,GE MEDICAL SYSTEMS,137.0,1.25,0.488281,1.25,1.0,-1024.0,True,,,,/home/neuro-source/main_source/datasets/sprap_2024_03/id_spr02029/id_spr02029_master_image.nii.gz,Normal,,,,,,,,D:/Backup/Mestrado/dados/JPR/dataset_jpr_train/dataset_jpr_train/2/002029
1952,"1,28E+73",jpr_dados,M,25.0,TOSHIBA,232.0,1.0,0.456,0.8,1.0,0.0,True,,,,/home/neuro-source/main_source/datasets/sprap_2024_03/id_spr01952/id_spr01952_master_image.nii.gz,Normal,,,,,,,,D:/Backup/Mestrado/dados/JPR/dataset_jpr_train/dataset_jpr_train/2/001952
2070,"1,28E+73",jpr_dados,F,31.0,GE MEDICAL SYSTEMS,186.0,1.25,0.439453,1.0,1.0,-1024.0,True,,,,/home/neuro-source/main_source/datasets/sprap_2024_03/id_spr02070/id_spr02070_master_image.nii.gz,Normal,,,,,,,,D:/Backup/Mestrado/dados/JPR/dataset_jpr_train/dataset_jpr_train/2/002070
2179,"1,28E+73",jpr_dados,F,36.0,GE MEDICAL SYSTEMS,147.0,1.25,0.439453,1.25,1.0,-1024.0,True,,,,/home/neuro-source/main_source/datasets/sprap_2024_03/id_spr02179/id_spr02179_master_image.nii.gz,Normal,,,,,,,,D:/Backup/Mestrado/dados/JPR/dataset_jpr_train/dataset_jpr_train/2/002179
1304,"1,28E+73",jpr_dados,M,34.0,GE MEDICAL SYSTEMS,149.0,1.25,0.488281,1.25,1.0,-1024.0,True,,,,/home/neuro-source/main_source/datasets/sprap_2024_03/id_spr01304/id_spr01304_master_image.nii.gz,Normal,,,,,,,,D:/Backup/Mestrado/dados/JPR/dataset_jpr_train/dataset_jpr_train/3/001304
1804,"1,28E+73",jpr_dados,F,28.0,SIEMENS,254.0,0.75,0.400390625,0.7,1.0,-1024.0,True,,,,/home/neuro-source/main_source/datasets/sprap_2024_03/id_spr01804/id_spr01804_master_image.nii.gz,Normal,,,,,,,,D:/Backup/Mestrado/dados/JPR/dataset_jpr_train/dataset_jpr_train/2/001804
2413,"1,28E+73",jpr_dados,F,25.0,GE MEDICAL SYSTEMS,261.0,1.25,0.488281011581,0.625,1.0,-1024.0,True,,,,/home/neuro-source/main_source/datasets/sprap_2024_03/id_spr02413/id_spr02413_master_image.nii.gz,Normal,,,,,,,,D:/Backup/Mestrado/dados/JPR/dataset_jpr_train/dataset_jpr_train/1/002413
459,"1,28E+72",jpr_dados,F,49.0,GE MEDICAL SYSTEMS,121.0,1.25,0.488281,1.25,1.0,-1024.0,True,,,,/home/neuro-source/main_source/datasets/sprap_2024_03/id_spr00459/id_spr00459_master_image.nii.gz,Normal,,,,,,,,D:/Backup/Mestrado/dados/JPR/dataset_jpr_train/dataset_jpr_train/3/000459
986,"1,28E+73",jpr_dados,F,37.0,GE MEDICAL SYSTEMS,145.0,1.25,0.564453,1.25,1.0,-1024.0,True,,,,/home/neuro-source/main_source/datasets/sprap_2024_03/id_spr00986/id_spr00986_master_image.nii.gz,Normal,,,,,,,,D:/Backup/Mestrado/dados/JPR/dataset_jpr_train/dataset_jpr_train/3/000986
1463,"1,28E+73",jpr_dados,F,41.0,TOSHIBA,371.0,1.0,0.468,0.5,1.0,0.0,True,,,,/home/neuro-source/main_source/datasets/sprap_2024_03/id_spr01463/id_spr01463_master_image.nii.gz,Normal,,,,,,,,D:/Backup/Mestrado/dados/JPR/dataset_jpr_train/dataset_jpr_train/2/001463
2401,"1,28E+73",jpr_dados,F,55.0,GE MEDICAL SYSTEMS,143.0,2.5,0.441406011581,1.25,1.0,-1024.0,True,,,,/home/neuro-source/main_source/datasets/sprap_2024_03/id_spr02401/id_spr02401_master_image.nii.gz,Normal,,,,,,,,D:/Backup/Mestrado/dados/JPR/dataset_jpr_train/dataset_jpr_train/1/002401
1113,"1,28E+73",jpr_dados,M,36.0,GE MEDICAL SYSTEMS,163.0,1.25,0.476562,1.25,1.0,-1024.0,True,,,,/home/neuro-source/main_source/datasets/sprap_2024_03/id_spr01113/id_spr01113_master_image.nii.gz,Normal,,,,,,,,D:/Backup/Mestrado/dados/JPR/dataset_jpr_train/dataset_jpr_train/3/001113
1789,"1,28E+73",jpr_dados,M,22.0,GE MEDICAL SYSTEMS,186.0,1.25,0.464844,1.0,1.0,-1024.0,True,,,,/home/neuro-source/main_source/datasets/sprap_2024_03/id_spr01789/id_spr01789_master_image.nii.gz,Normal,,,,,,,,D:/Backup/Mestrado/dados/JPR/dataset_jpr_train/dataset_jpr_train/2/001789
1045,"1,28E+73",jpr_dados,F,48.0,Philips,186.0,2.0,0.44140625,10.000.000.021.621.600,1.0,-1024.0,True,,,,/home/neuro-source/main_source/datasets/sprap_2024_03/id_spr01045/id_spr01045_master_image.nii.gz,Normal,,,,,,,,D:/Backup/Mestrado/dados/JPR/dataset_jpr_train/dataset_jpr_train/3/001045
2148,"1,28E+73",jpr_dados,F,45.0,SIEMENS,255.0,0.75,0.451171875,0.7000000000000001,1.0,-1024.0,True,,,,/home/neuro-source/main_source/datasets/sprap_2024_03/id_spr02148/id_spr02148_master_image.nii.gz,Normal,,,,,,,,D:/Backup/Mestrado/dados/JPR/dataset_jpr_train/dataset_jpr_train/2/002148
2048,"1,28E+71",jpr_dados,F,28.0,GE MEDICAL SYSTEMS,166.0,1.25,0.488281,1.0,1.0,-1024.0,True,,,,/home/neuro-source/main_source/datasets/sprap_2024_03/id_spr02048/id_spr02048_master_image.nii.gz,Normal,,,,,,,,D:/Backup/Mestrado/dados/JPR/dataset_jpr_train/dataset_jpr_train/2/002048
1367,"1,28E+72",jpr_dados,M,38.0,GE MEDICAL SYSTEMS,176.0,1.25,0.488281,1.0,1.0,-1024.0,True,,,,/home/neuro-source/main_source/datasets/sprap_2024_03/id_spr01367/id_spr01367_master_image.nii.gz,Normal,,,,,,,,D:/Backup/Mestrado/dados/JPR/dataset_jpr_train/dataset_jpr_train/2/001367
2191,"1,28E+73",jpr_dados,F,40.0,SIEMENS,259.0,1.0,0.435546875,0.6999999999999996,1.0,-1024.0,True,,,,/home/neuro-source/main_source/datasets/sprap_2024_03/id_spr02191/id_spr02191_master_image.nii.gz,Normal,,,,,,,,D:/Backup/Mestrado/dados/JPR/dataset_jpr_train/dataset_jpr_train/2/002191
1739,"1,28E+73",jpr_dados,F,36.0,TOSHIBA,207.0,1.0,0.379,0.8,1.0,0.0,True,,,,/home/neuro-source/main_source/datasets/sprap_2024_03/id_spr01739/id_spr01739_master_image.nii.gz,Normal,,,,,,,,D:/Backup/Mestrado/dados/JPR/dataset_jpr_train/dataset_jpr_train/2/001739
480,"1,28E+72",jpr_dados,M,22.0,GE MEDICAL SYSTEMS,165.0,1.25,0.564453,1.25,1.0,-1024.0,True,,,,/home/neuro-source/main_source/datasets/sprap_2024_03/id_spr00480/id_spr00480_master_image.nii.gz,Normal,,,,,,,,D:/Backup/Mestrado/dados/JPR/dataset_jpr_train/dataset_jpr_train/3/000480
1991,"1,28E+72",jpr_dados,M,44.0,TOSHIBA,214.0,1.0,0.559,0.8000000000000004,1.0,0.0,True,,,,/home/neuro-source/main_source/datasets/sprap_2024_03/id_spr01991/id_spr01991_master_image.nii.gz,Normal,,,,,,,,D:/Backup/Mestrado/dados/JPR/dataset_jpr_train/dataset_jpr_train/2/001991
2264,"1,28E+73",jpr_dados,M,24.0,TOSHIBA,201.0,2.0,0.456,1.0,1.0,0.0,True,,,,/home/neuro-source/main_source/datasets/sprap_2024_03/id_spr02264/id_spr02264_master_image.nii.gz,Normal,,,,,,,,D:/Backup/Mestrado/dados/JPR/dataset_jpr_train/dataset_jpr_train/2/002264
1342,"1,28E+73",jpr_dados,M,26.0,GE MEDICAL SYSTEMS,171.0,1.25,0.488281,1.0,1.0,-1024.0,True,,,,/home/neuro-source/main_source/datasets/sprap_2024_03/id_spr01342/id_spr01342_master_image.nii.gz,Normal,,,,,,,,D:/Backup/Mestrado/dados/JPR/dataset_jpr_train/dataset_jpr_train/2/001342
1955,"1,28E+72",jpr_dados,F,47.0,GE MEDICAL SYSTEMS,145.0,1.25,0.435547,1.25,1.0,-1024.0,True,,,,/home/neuro-source/main_source/datasets/sprap_2024_03/id_spr01955/id_spr01955_master_image.nii.gz,Normal,,,,,,,,D:/Backup/Mestrado/dados/JPR/dataset_jpr_train/dataset_jpr_train/2/001955
952,"1,28E+73",jpr_dados,M,47.0,GE MEDICAL SYSTEMS,157.0,1.25,0.488281,1.25,1.0,-1024.0,True,,,,/home/neuro-source/main_source/datasets/sprap_2024_03/id_spr00952/id_spr00952_master_image.nii.gz,Normal,,,,,,,,D:/Backup/Mestrado/dados/JPR/dataset_jpr_train/dataset_jpr_train/3/000952
1181,"1,28E+73",jpr_dados,F,39.0,GE MEDICAL SYSTEMS,145.0,1.25,0.488281,1.25,1.0,-1024.0,True,,,,/home/neuro-source/main_source/datasets/sprap_2024_03/id_spr01181/id_spr01181_master_image.nii.gz,Normal,,,,,,,,D:/Backup/Mestrado/dados/JPR/dataset_jpr_train/dataset_jpr_train/3/001181
642,"1,28E+73",jpr_dados,F,55.0,GE MEDICAL SYSTEMS,141.0,1.25,0.488281,1.25,1.0,-1024.0,True,,,,/home/neuro-source/main_source/datasets/sprap_2024_03/id_spr00642/id_spr00642_master_image.nii.gz,Normal,,,,,,,,D:/Backup/Mestrado/dados/JPR/dataset_jpr_train/dataset_jpr_train/3/000642
1163,"1,28E+73",jpr_dados,M,27.0,Philips,247.0,1.5,0.48828125,0.75,1.0,-1024.0,True,,,,/home/neuro-source/main_source/datasets/sprap_2024_03/id_spr01163/id_spr01163_master_image.nii.gz,Normal,,,,,,,,D:/Backup/Mestrado/dados/JPR/dataset_jpr_train/dataset_jpr_train/3/001163
519,"1,28E+73",jpr_dados,M,48.0,GE MEDICAL SYSTEMS,145.0,1.25,0.574219,1.25,1.0,-1024.0,True,,,,/home/neuro-source/main_source/datasets/sprap_2024_03/id_spr00519/id_spr00519_master_image.nii.gz,Normal,,,,,,,,D:/Backup/Mestrado/dados/JPR/dataset_jpr_train/dataset_jpr_train/3/000519
2436,"1,28E+73",jpr_dados,F,52.0,GE MEDICAL SYSTEMS,307.0,1.25,0.4375,0.625,1.0,-1024.0,True,,,,/home/neuro-source/main_source/datasets/sprap_2024_03/id_spr02436/id_spr02436_master_image.nii.gz,Normal,,,,,,,,D:/Backup/Mestrado/dados/JPR/dataset_jpr_train/dataset_jpr_train/1/002436
1914,"1,28E+73",jpr_dados,F,62.0,GE MEDICAL SYSTEMS,212.0,1.25,0.457031,0.9,1.0,-1024.0,True,,,,/home/neuro-source/main_source/datasets/sprap_2024_03/id_spr01914/id_spr01914_master_image.nii.gz,Normal,,,,,,,,D:/Backup/Mestrado/dados/JPR/dataset_jpr_train/dataset_jpr_train/2/001914
1650,"1,28E+72",jpr_dados,M,28.0,GE MEDICAL SYSTEMS,162.0,1.25,0.443359,1.0,1.0,-1024.0,True,,,,/home/neuro-source/main_source/datasets/sprap_2024_03/id_spr01650/id_spr01650_master_image.nii.gz,Normal,,,,,,,,D:/Backup/Mestrado/dados/JPR/dataset_jpr_train/dataset_jpr_train/2/001650
803,"1,28E+73",jpr_dados,M,33.0,GE MEDICAL SYSTEMS,153.0,1.25,0.488281,1.25,1.0,-1024.0,True,,,,/home/neuro-source/main_source/datasets/sprap_2024_03/id_spr00803/id_spr00803_master_image.nii.gz,Normal,,,,,,,,D:/Backup/Mestrado/dados/JPR/dataset_jpr_train/dataset_jpr_train/3/000803
559,"1,28E+73",jpr_dados,F,43.0,Philips,170.0,2.0,0.48828125,0.9999999999999998,1.0,-1024.0,True,,,,/home/neuro-source/main_source/datasets/sprap_2024_03/id_spr00559/id_spr00559_master_image.nii.gz,Normal,,,,,,,,D:/Backup/Mestrado/dados/JPR/dataset_jpr_train/dataset_jpr_train/3/000559
1611,"1,28E+73",jpr_dados,F,34.0,Philips,241.0,1.5,0.449219,0.75,1.0,-1024.0,True,,,,/home/neuro-source/main_source/datasets/sprap_2024_03/id_spr01611/id_spr01611_master_image.nii.gz,Normal,,,,,,,,D:/Backup/Mestrado/dados/JPR/dataset_jpr_train/dataset_jpr_train/2/001611
2102,"1,28E+72",jpr_dados,F,46.0,GE MEDICAL SYSTEMS,151.0,1.25,0.488281,1.25,1.0,-1024.0,True,,,,/home/neuro-source/main_source/datasets/sprap_2024_03/id_spr02102/id_spr02102_master_image.nii.gz,Normal,,,,,,,,D:/Backup/Mestrado/dados/JPR/dataset_jpr_train/dataset_jpr_train/2/002102
2111,"1,28E+73",jpr_dados,F,23.0,Philips,170.0,2.0,0.408203125,1.0,1.0,-1024.0,True,,,,/home/neuro-source/main_source/datasets/sprap_2024_03/id_spr02111/id_spr02111_master_image.nii.gz,Normal,,,,,,,,D:/Backup/Mestrado/dados/JPR/dataset_jpr_train/dataset_jpr_train/2/002111
2506,"1,28E+73",jpr_dados,F,55.0,GE MEDICAL SYSTEMS,147.0,2.5,0.488281011581,1.25,1.0,-1024.0,True,,,,/home/neuro-source/main_source/datasets/sprap_2024_03/id_spr02506/id_spr02506_master_image.nii.gz,Normal,,,,,,,,D:/Backup/Mestrado/dados/JPR/dataset_jpr_train/dataset_jpr_train/1/002506
2554,"1,28E+73",jpr_dados,F,73.0,GE MEDICAL SYSTEMS,293.0,1.25,0.488281011581,0.625,1.0,-1024.0,True,,,,/home/neuro-source/main_source/datasets/sprap_2024_03/id_spr02554/id_spr02554_master_image.nii.gz,Normal,,,,,,,,D:/Backup/Mestrado/dados/JPR/dataset_jpr_train/dataset_jpr_train/1/002554
1476,"1,28E+73",jpr_dados,F,28.0,GE MEDICAL SYSTEMS,134.0,1.25,0.433594,1.25,1.0,-1024.0,True,,,,/home/neuro-source/main_source/datasets/sprap_2024_03/id_spr01476/id_spr01476_master_image.nii.gz,Normal,,,,,,,,D:/Backup/Mestrado/dados/JPR/dataset_jpr_train/dataset_jpr_train/2/001476
2247,"1,28E+72",jpr_dados,F,45.0,GE MEDICAL SYSTEMS,137.0,1.25,0.414062,1.25,1.0,-1024.0,True,,,,/home/neuro-source/main_source/datasets/sprap_2024_03/id_spr02247/id_spr02247_master_image.nii.gz,Normal,,,,,,,,D:/Backup/Mestrado/dados/JPR/dataset_jpr_train/dataset_jpr_train/2/002247
1055,"1,28E+71",jpr_dados,F,63.0,GE MEDICAL SYSTEMS,157.0,1.25,0.494141,1.25,1.0,-1024.0,True,,,,/home/neuro-source/main_source/datasets/sprap_2024_03/id_spr01055/id_spr01055_master_image.nii.gz,Normal,,,,,,,,D:/Backup/Mestrado/dados/JPR/dataset_jpr_train/dataset_jpr_train/3/001055
492,"1,28E+73",jpr_dados,M,43.0,GE MEDICAL SYSTEMS,166.0,1.25,0.525391,1.25,1.0,-1024.0,True,,,,/home/neuro-source/main_source/datasets/sprap_2024_03/id_spr00492/id_spr00492_master_image.nii.gz,Normal,,,,,,,,D:/Backup/Mestrado/dados/JPR/dataset_jpr_train/dataset_jpr_train/3/000492
1579,"1,28E+73",jpr_dados,F,30.0,Canon Medical Systems,238.0,1.0,0.429,0.8,1.0,0.0,True,,,,/home/neuro-source/main_source/datasets/sprap_2024_03/id_spr01579/id_spr01579_master_image.nii.gz,Normal,,,,,,,,D:/Backup/Mestrado/dados/JPR/dataset_jpr_train/dataset_jpr_train/2/001579
785,"1,28E+73",jpr_dados,M,20.0,GE MEDICAL SYSTEMS,149.0,1.25,0.488281,1.25,1.0,-1024.0,True,,,,/home/neuro-source/main_source/datasets/sprap_2024_03/id_spr00785/id_spr00785_master_image.nii.gz,Normal,,,,,,,,D:/Backup/Mestrado/dados/JPR/dataset_jpr_train/dataset_jpr_train/3/000785
922,"1,28E+73",jpr_dados,F,39.0,GE MEDICAL SYSTEMS,133.0,1.25,0.429688,1.25,1.0,-1024.0,True,,,,/home/neuro-source/main_source/datasets/sprap_2024_03/id_spr00922/id_spr00922_master_image.nii.gz,Normal,,,,,,,,D:/Backup/Mestrado/dados/JPR/dataset_jpr_train/dataset_jpr_train/3/000922
1738,"1,28E+73",jpr_dados,M,19.0,SIEMENS,252.0,1.0,0.455078125,0.7,1.0,-1024.0,True,,,,/home/neuro-source/main_source/datasets/sprap_2024_03/id_spr01738/id_spr01738_master_image.nii.gz,Normal,,,,,,,,D:/Backup/Mestrado/dados/JPR/dataset_jpr_train/dataset_jpr_train/2/001738
2475,"1,28E+73",jpr_dados,F,45.0,GE MEDICAL SYSTEMS,139.0,2.5,0.488281011581,1.25,1.0,-1024.0,True,,,,/home/neuro-source/main_source/datasets/sprap_2024_03/id_spr02475/id_spr02475_master_image.nii.gz,Normal,,,,,,,,D:/Backup/Mestrado/dados/JPR/dataset_jpr_train/dataset_jpr_train/1/002475
1407,"1,28E+73",jpr_dados,M,35.0,GE MEDICAL SYSTEMS,149.0,1.25,0.488281,1.25,1.0,-1024.0,True,,,,/home/neuro-source/main_source/datasets/sprap_2024_03/id_spr01407/id_spr01407_master_image.nii.gz,Normal,,,,,,,,D:/Backup/Mestrado/dados/JPR/dataset_jpr_train/dataset_jpr_train/2/001407
2336,"1,28E+73",jpr_dados,F,38.0,TOSHIBA,232.0,1.0,0.449,0.8,1.0,0.0,True,,,,/home/neuro-source/main_source/datasets/sprap_2024_03/id_spr02336/id_spr02336_master_image.nii.gz,Normal,,,,,,,,D:/Backup/Mestrado/dados/JPR/dataset_jpr_train/dataset_jpr_train/2/002336
549,"1,28E+73",jpr_dados,M,34.0,GE MEDICAL SYSTEMS,145.0,1.25,0.460938,1.25,1.0,-1024.0,True,,,,/home/neuro-source/main_source/datasets/sprap_2024_03/id_spr00549/id_spr00549_master_image.nii.gz,Normal,,,,,,,,D:/Backup/Mestrado/dados/JPR/dataset_jpr_train/dataset_jpr_train/3/000549
1567,"1,28E+73",jpr_dados,M,38.0,GE MEDICAL SYSTEMS,145.0,1.25,0.488281,1.25,1.0,-1024.0,True,,,,/home/neuro-source/main_source/datasets/sprap_2024_03/id_spr01567/id_spr01567_master_image.nii.gz,Normal,,,,,,,,D:/Backup/Mestrado/dados/JPR/dataset_jpr_train/dataset_jpr_train/2/001567
2573,"1,28E+72",jpr_dados,F,78.0,TOSHIBA,186.0,2.0,0.458999991417,1.0,1.0,0.0,True,,,,/home/neuro-source/main_source/datasets/sprap_2024_03/id_spr02573/id_spr02573_master_image.nii.gz,Normal,,,,,,,,D:/Backup/Mestrado/dados/JPR/dataset_jpr_train/dataset_jpr_train/1/002573
641,"1,28E+73",jpr_dados,F,28.0,GE MEDICAL SYSTEMS,173.0,1.25,0.488281,1.25,1.0,-1024.0,True,,,,/home/neuro-source/main_source/datasets/sprap_2024_03/id_spr00641/id_spr00641_master_image.nii.gz,Normal,,,,,,,,D:/Backup/Mestrado/dados/JPR/dataset_jpr_train/dataset_jpr_train/3/000641
651,"1,28E+73",jpr_dados,F,55.0,TOSHIBA,176.0,1.0,0.449,1.0,1.0,0.0,True,,,,/home/neuro-source/main_source/datasets/sprap_2024_03/id_spr00651/id_spr00651_master_image.nii.gz,Normal,,,,,,,,D:/Backup/Mestrado/dados/JPR/dataset_jpr_train/dataset_jpr_train/3/000651
847,"1,28E+73",jpr_dados,M,24.0,GE MEDICAL SYSTEMS,141.0,1.25,0.488281,1.25,1.0,-1024.0,True,,,,/home/neuro-source/main_source/datasets/sprap_2024_03/id_spr00847/id_spr00847_master_image.nii.gz,Normal,,,,,,,,D:/Backup/Mestrado/dados/JPR/dataset_jpr_train/dataset_jpr_train/3/000847
582,"1,28E+73",jpr_dados,M,41.0,GE MEDICAL SYSTEMS,133.0,1.25,0.476562,1.25,1.0,-1024.0,True,,,,/home/neuro-source/main_source/datasets/sprap_2024_03/id_spr00582/id_spr00582_master_image.nii.gz,Normal,,,,,,,,D:/Backup/Mestrado/dados/JPR/dataset_jpr_train/dataset_jpr_train/3/000582
924,"1,28E+73",jpr_dados,F,60.0,Siemens Healthineers,156.0,2.0,0.356016129,0.9999969977270228,1.0,-8192.0,True,,,,/home/neuro-source/main_source/datasets/sprap_2024_03/id_spr00924/id_spr00924_master_image.nii.gz,Normal,,,,,,,,D:/Backup/Mestrado/dados/JPR/dataset_jpr_train/dataset_jpr_train/3/000924
2209,"1,28E+73",jpr_dados,F,28.0,GE MEDICAL SYSTEMS,138.0,1.25,0.488281,1.25,1.0,-1024.0,True,,,,/home/neuro-source/main_source/datasets/sprap_2024_03/id_spr02209/id_spr02209_master_image.nii.gz,Normal,,,,,,,,D:/Backup/Mestrado/dados/JPR/dataset_jpr_train/dataset_jpr_train/2/002209
1182,"1,28E+73",jpr_dados,F,73.0,GE MEDICAL SYSTEMS,133.0,1.25,0.488281,1.25,1.0,-1024.0,True,,,,/home/neuro-source/main_source/datasets/sprap_2024_03/id_spr01182/id_spr01182_master_image.nii.gz,Normal,,,,,,,,D:/Backup/Mestrado/dados/JPR/dataset_jpr_train/dataset_jpr_train/3/001182
2222,"1,28E+73",jpr_dados,F,43.0,GE MEDICAL SYSTEMS,135.0,1.25,0.429688,1.25,1.0,-1024.0,True,,,,/home/neuro-source/main_source/datasets/sprap_2024_03/id_spr02222/id_spr02222_master_image.nii.gz,Normal,,,,,,,,D:/Backup/Mestrado/dados/JPR/dataset_jpr_train/dataset_jpr_train/2/002222
633,"1,28E+72",jpr_dados,F,34.0,Canon Medical Systems,161.0,2.0,0.429,1.0,1.0,0.0,True,,,,/home/neuro-source/main_source/datasets/sprap_2024_03/id_spr00633/id_spr00633_master_image.nii.gz,Normal,,,,,,,,D:/Backup/Mestrado/dados/JPR/dataset_jpr_train/dataset_jpr_train/3/000633
982,"1,28E+73",jpr_dados,M,56.0,GE MEDICAL SYSTEMS,149.0,1.25,0.466797,1.25,1.0,-1024.0,True,,,,/home/neuro-source/main_source/datasets/sprap_2024_03/id_spr00982/id_spr00982_master_image.nii.gz,Normal,,,,,,,,D:/Backup/Mestrado/dados/JPR/dataset_jpr_train/dataset_jpr_train/3/000982
1761,"1,28E+73",jpr_dados,M,40.0,GE MEDICAL SYSTEMS,162.0,1.25,0.4375,1.0,1.0,-1024.0,True,,,,/home/neuro-source/main_source/datasets/sprap_2024_03/id_spr01761/id_spr01761_master_image.nii.gz,Normal,,,,,,,,D:/Backup/Mestrado/dados/JPR/dataset_jpr_train/dataset_jpr_train/2/001761
537,"1,28E+73",jpr_dados,M,40.0,Canon Medical Systems,246.0,2.0,0.503,1.0,1.0,0.0,True,,,,/home/neuro-source/main_source/datasets/sprap_2024_03/id_spr00537/id_spr00537_master_image.nii.gz,Normal,,,,,,,,D:/Backup/Mestrado/dados/JPR/dataset_jpr_train/dataset_jpr_train/3/000537
1876,"1,28E+73",jpr_dados,F,37.0,TOSHIBA,219.0,1.0,0.454,0.7999999999999999,1.0,0.0,True,,,,/home/neuro-source/main_source/datasets/sprap_2024_03/id_spr01876/id_spr01876_master_image.nii.gz,Normal,,,,,,,,D:/Backup/Mestrado/dados/JPR/dataset_jpr_train/dataset_jpr_train/2/001876
1734,"1,28E+73",jpr_dados,F,57.0,TOSHIBA,226.0,1.0,0.459,0.8,1.0,0.0,True,,,,/home/neuro-source/main_source/datasets/sprap_2024_03/id_spr01734/id_spr01734_master_image.nii.gz,Normal,,,,,,,,D:/Backup/Mestrado/dados/JPR/dataset_jpr_train/dataset_jpr_train/2/001734
1936,"1,28E+73",jpr_dados,M,35.0,TOSHIBA,234.0,1.0,0.49,0.8000000000000002,1.0,0.0,True,,,,/home/neuro-source/main_source/datasets/sprap_2024_03/id_spr01936/id_spr01936_master_image.nii.gz,Normal,,,,,,,,D:/Backup/Mestrado/dados/JPR/dataset_jpr_train/dataset_jpr_train/2/001936
2628,"1,28E+73",jpr_dados,F,46.0,GE MEDICAL SYSTEMS,305.0,1.25,0.455078005791,0.625,1.0,-1024.0,True,,,,/home/neuro-source/main_source/datasets/sprap_2024_03/id_spr02628/id_spr02628_master_image.nii.gz,Normal,,,,,,,,D:/Backup/Mestrado/dados/JPR/dataset_jpr_train/dataset_jpr_train/1/002628
679,"1,28E+73",jpr_dados,F,44.0,GE MEDICAL SYSTEMS,145.0,1.25,0.46875,1.25,1.0,-1024.0,True,,,,/home/neuro-source/main_source/datasets/sprap_2024_03/id_spr00679/id_spr00679_master_image.nii.gz,Normal,,,,,,,,D:/Backup/Mestrado/dados/JPR/dataset_jpr_train/dataset_jpr_train/3/000679
1473,"1,28E+72",jpr_dados,F,66.0,Philips,232.0,1.5,0.429688,0.75,1.0,-1024.0,True,,,,/home/neuro-source/main_source/datasets/sprap_2024_03/id_spr01473/id_spr01473_master_image.nii.gz,Normal,,,,,,,,D:/Backup/Mestrado/dados/JPR/dataset_jpr_train/dataset_jpr_train/2/001473
473,"1,28E+73",jpr_dados,F,50.0,GE MEDICAL SYSTEMS,157.0,1.25,0.488281,1.25,1.0,-1024.0,True,,,,/home/neuro-source/main_source/datasets/sprap_2024_03/id_spr00473/id_spr00473_master_image.nii.gz,Normal,,,,,,,,D:/Backup/Mestrado/dados/JPR/dataset_jpr_train/dataset_jpr_train/3/000473
2027,"1,28E+73",jpr_dados,F,28.0,GE MEDICAL SYSTEMS,129.0,1.25,0.460938,1.25,1.0,-1024.0,True,,,,/home/neuro-source/main_source/datasets/sprap_2024_03/id_spr02027/id_spr02027_master_image.nii.gz,Normal,,,,,,,,D:/Backup/Mestrado/dados/JPR/dataset_jpr_train/dataset_jpr_train/2/002027
486,"1,28E+73",jpr_dados,F,33.0,GE MEDICAL SYSTEMS,206.0,2.5,0.488281,1.0,1.0,-1024.0,True,,,,/home/neuro-source/main_source/datasets/sprap_2024_03/id_spr00486/id_spr00486_master_image.nii.gz,Normal,,,,,,,,D:/Backup/Mestrado/dados/JPR/dataset_jpr_train/dataset_jpr_train/3/000486
1445,"1,28E+73",jpr_dados,M,46.0,TOSHIBA,213.0,1.0,0.449,0.8000000000000002,1.0,0.0,True,,,,/home/neuro-source/main_source/datasets/sprap_2024_03/id_spr01445/id_spr01445_master_image.nii.gz,Normal,,,,,,,,D:/Backup/Mestrado/dados/JPR/dataset_jpr_train/dataset_jpr_train/2/001445
1396,"1,28E+73",jpr_dados,F,40.0,GE MEDICAL SYSTEMS,134.0,1.25,0.458984,1.25,1.0,-1024.0,True,,,,/home/neuro-source/main_source/datasets/sprap_2024_03/id_spr01396/id_spr01396_master_image.nii.gz,Normal,,,,,,,,D:/Backup/Mestrado/dados/JPR/dataset_jpr_train/dataset_jpr_train/2/001396
2364,"1,28E+73",jpr_dados,F,40.0,GE MEDICAL SYSTEMS,261.0,1.25,0.417968988419,0.625,1.0,-1024.0,True,,,,/home/neuro-source/main_source/datasets/sprap_2024_03/id_spr02364/id_spr02364_master_image.nii.gz,Normal,,,,,,,,D:/Backup/Mestrado/dados/JPR/dataset_jpr_train/dataset_jpr_train/1/002364
2251,"1,28E+73",jpr_dados,F,52.0,GE MEDICAL SYSTEMS,133.0,1.25,0.378906,1.25,1.0,-1024.0,True,,,,/home/neuro-source/main_source/datasets/sprap_2024_03/id_spr02251/id_spr02251_master_image.nii.gz,Normal,,,,,,,,D:/Backup/Mestrado/dados/JPR/dataset_jpr_train/dataset_jpr_train/2/002251
686,"1,28E+73",jpr_dados,F,44.0,GE MEDICAL SYSTEMS,149.0,1.25,0.490234,1.25,1.0,-1024.0,True,,,,/home/neuro-source/main_source/datasets/sprap_2024_03/id_spr00686/id_spr00686_master_image.nii.gz,Normal,,,,,,,,D:/Backup/Mestrado/dados/JPR/dataset_jpr_train/dataset_jpr_train/3/000686
816,"1,28E+72",jpr_dados,F,33.0,Canon Medical Systems,231.0,2.0,0.587,1.0,1.0,0.0,True,,,,/home/neuro-source/main_source/datasets/sprap_2024_03/id_spr00816/id_spr00816_master_image.nii.gz,Normal,,,,,,,,D:/Backup/Mestrado/dados/JPR/dataset_jpr_train/dataset_jpr_train/3/000816
1461,"1,28E+73",jpr_dados,F,51.0,TOSHIBA,207.0,1.0,0.401,0.8,1.0,0.0,True,,,,/home/neuro-source/main_source/datasets/sprap_2024_03/id_spr01461/id_spr01461_master_image.nii.gz,Normal,,,,,,,,D:/Backup/Mestrado/dados/JPR/dataset_jpr_train/dataset_jpr_train/2/001461
1178,"1,28E+73",jpr_dados,M,31.0,GE MEDICAL SYSTEMS,141.0,1.25,0.488281,1.25,1.0,-1024.0,True,,,,/home/neuro-source/main_source/datasets/sprap_2024_03/id_spr01178/id_spr01178_master_image.nii.gz,Normal,,,,,,,,D:/Backup/Mestrado/dados/JPR/dataset_jpr_train/dataset_jpr_train/3/001178
1010,"1,28E+73",jpr_dados,F,39.0,GE MEDICAL SYSTEMS,129.0,1.25,0.474609,1.25,1.0,-1024.0,True,,,,/home/neuro-source/main_source/datasets/sprap_2024_03/id_spr01010/id_spr01010_master_image.nii.gz,Normal,,,,,,,,D:/Backup/Mestrado/dados/JPR/dataset_jpr_train/dataset_jpr_train/3/001010
968,"1,28E+73",jpr_dados,F,26.0,GE MEDICAL SYSTEMS,151.0,1.25,0.542969,1.25,1.0,-1024.0,True,,,,/home/neuro-source/main_source/datasets/sprap_2024_03/id_spr00968/id_spr00968_master_image.nii.gz,Normal,,,,,,,,D:/Backup/Mestrado/dados/JPR/dataset_jpr_train/dataset_jpr_train/3/000968
1341,"1,28E+73",jpr_dados,M,47.0,TOSHIBA,229.0,1.0,0.429,0.7999999999999999,1.0,0.0,True,,,,/home/neuro-source/main_source/datasets/sprap_2024_03/id_spr01341/id_spr01341_master_image.nii.gz,Normal,,,,,,,,D:/Backup/Mestrado/dados/JPR/dataset_jpr_train/dataset_jpr_train/2/001341
1589,"1,28E+73",jpr_dados,M,35.0,GE MEDICAL SYSTEMS,139.0,1.25,0.46875,1.25,1.0,-1024.0,True,,,,/home/neuro-source/main_source/datasets/sprap_2024_03/id_spr01589/id_spr01589_master_image.nii.gz,Normal,,,,,,,,D:/Backup/Mestrado/dados/JPR/dataset_jpr_train/dataset_jpr_train/2/001589
1349,"1,28E+73",jpr_dados,F,49.0,GE MEDICAL SYSTEMS,206.0,1.25,0.488281,0.9,1.0,-1024.0,True,,,,/home/neuro-source/main_source/datasets/sprap_2024_03/id_spr01349/id_spr01349_master_image.nii.gz,Normal,,,,,,,,D:/Backup/Mestrado/dados/JPR/dataset_jpr_train/dataset_jpr_train/2/001349
2396,"1,28E+73",jpr_dados,F,79.0,GE MEDICAL SYSTEMS,578.0,2.5,0.464843988419,0.074740034662045,1.0,-1024.0,True,,,,/home/neuro-source/main_source/datasets/sprap_2024_03/id_spr02396/id_spr02396_master_image.nii.gz,Normal,,,,,,,,D:/Backup/Mestrado/dados/JPR/dataset_jpr_train/dataset_jpr_train/1/002396
2395,"1,28E+73",jpr_dados,F,27.0,GE MEDICAL SYSTEMS,139.0,2.5,0.408203005791,1.25,1.0,-1024.0,True,,,,/home/neuro-source/main_source/datasets/sprap_2024_03/id_spr02395/id_spr02395_master_image.nii.gz,Normal,,,,,,,,D:/Backup/Mestrado/dados/JPR/dataset_jpr_train/dataset_jpr_train/1/002395
462,"1,28E+73",jpr_dados,F,34.0,Philips,211.0,1.5,0.44921875,0.7499999990476192,1.0,-1024.0,True,,,,/home/neuro-source/main_source/datasets/sprap_2024_03/id_spr00462/id_spr00462_master_image.nii.gz,Normal,,,,,,,,D:/Backup/Mestrado/dados/JPR/dataset_jpr_train/dataset_jpr_train/3/000462
595,"1,28E+73",jpr_dados,F,24.0,GE MEDICAL SYSTEMS,141.0,1.25,0.488281,1.25,1.0,-1024.0,True,,,,/home/neuro-source/main_source/datasets/sprap_2024_03/id_spr00595/id_spr00595_master_image.nii.gz,Normal,,,,,,,,D:/Backup/Mestrado/dados/JPR/dataset_jpr_train/dataset_jpr_train/3/000595
1625,"1,28E+73",jpr_dados,M,42.0,GE MEDICAL SYSTEMS,146.0,1.25,0.484375,1.25,1.0,-1024.0,True,,,,/home/neuro-source/main_source/datasets/sprap_2024_03/id_spr01625/id_spr01625_master_image.nii.gz,Normal,,,,,,,,D:/Backup/Mestrado/dados/JPR/dataset_jpr_train/dataset_jpr_train/2/001625
1333,"1,28E+73",jpr_dados,M,44.0,TOSHIBA,257.0,1.0,0.47,0.8,1.0,0.0,True,,,,/home/neuro-source/main_source/datasets/sprap_2024_03/id_spr01333/id_spr01333_master_image.nii.gz,Normal,,,,,,,,D:/Backup/Mestrado/dados/JPR/dataset_jpr_train/dataset_jpr_train/2/001333
2128,"1,28E+73",jpr_dados,F,28.0,Philips,171.0,2.0,0.412109375,1.0,1.0,-1024.0,True,,,,/home/neuro-source/main_source/datasets/sprap_2024_03/id_spr02128/id_spr02128_master_image.nii.gz,Normal,,,,,,,,D:/Backup/Mestrado/dados/JPR/dataset_jpr_train/dataset_jpr_train/2/002128
2331,"1,28E+73",jpr_dados,F,60.0,TOSHIBA,232.0,1.0,0.417,0.8,1.0,0.0,True,,,,/home/neuro-source/main_source/datasets/sprap_2024_03/id_spr02331/id_spr02331_master_image.nii.gz,Normal,,,,,,,,D:/Backup/Mestrado/dados/JPR/dataset_jpr_train/dataset_jpr_train/2/002331
2551,"1,28E+73",jpr_dados,F,64.0,GE MEDICAL SYSTEMS,277.0,1.25,0.41601601243,0.625,1.0,-1024.0,True,,,,/home/neuro-source/main_source/datasets/sprap_2024_03/id_spr02551/id_spr02551_master_image.nii.gz,Normal,,,,,,,,D:/Backup/Mestrado/dados/JPR/dataset_jpr_train/dataset_jpr_train/1/002551
623,"1,28E+73",jpr_dados,F,19.0,GE MEDICAL SYSTEMS,173.0,1.25,0.488281,1.25,1.0,-1024.0,True,,,,/home/neuro-source/main_source/datasets/sprap_2024_03/id_spr00623/id_spr00623_master_image.nii.gz,Normal,,,,,,,,D:/Backup/Mestrado/dados/JPR/dataset_jpr_train/dataset_jpr_train/3/000623
1591,"1,28E+73",jpr_dados,F,21.0,SIEMENS,263.0,1.0,0.447265625,0.7000000000000004,1.0,-1024.0,True,,,,/home/neuro-source/main_source/datasets/sprap_2024_03/id_spr01591/id_spr01591_master_image.nii.gz,Normal,,,,,,,,D:/Backup/Mestrado/dados/JPR/dataset_jpr_train/dataset_jpr_train/2/001591
1942,"1,28E+73",jpr_dados,F,58.0,GE MEDICAL SYSTEMS,191.0,1.25,0.449219,1.0,1.0,-1024.0,True,,,,/home/neuro-source/main_source/datasets/sprap_2024_03/id_spr01942/id_spr01942_master_image.nii.gz,Normal,,,,,,,,D:/Backup/Mestrado/dados/JPR/dataset_jpr_train/dataset_jpr_train/2/001942
448,"1,28E+73",jpr_dados,F,41.0,GE MEDICAL SYSTEMS,142.0,1.25,0.429688,1.25,1.0,-1024.0,True,,,,/home/neuro-source/main_source/datasets/sprap_2024_03/id_spr00448/id_spr00448_master_image.nii.gz,Normal,,,,,,,,D:/Backup/Mestrado/dados/JPR/dataset_jpr_train/dataset_jpr_train/3/000448
611,"1,28E+73",jpr_dados,F,47.0,Canon Medical Systems,176.0,2.0,0.429,1.0,1.0,0.0,True,,,,/home/neuro-source/main_source/datasets/sprap_2024_03/id_spr00611/id_spr00611_master_image.nii.gz,Normal,,,,,,,,D:/Backup/Mestrado/dados/JPR/dataset_jpr_train/dataset_jpr_train/3/000611
1203,"1,28E+73",jpr_dados,F,29.0,Philips,174.0,2.0,0.48828125,10.000.000.011.560.600,1.0,-1024.0,True,,,,/home/neuro-source/main_source/datasets/sprap_2024_03/id_spr01203/id_spr01203_master_image.nii.gz,Normal,,,,,,,,D:/Backup/Mestrado/dados/JPR/dataset_jpr_train/dataset_jpr_train/3/001203
2430,"1,28E+73",jpr_dados,M,68.0,GE MEDICAL SYSTEMS,133.0,2.5,0.625,1.25,1.0,-1024.0,True,,,,/home/neuro-source/main_source/datasets/sprap_2024_03/id_spr02430/id_spr02430_master_image.nii.gz,Normal,,,,,,,,D:/Backup/Mestrado/dados/JPR/dataset_jpr_train/dataset_jpr_train/1/002430
1979,"1,28E+73",jpr_dados,F,33.0,TOSHIBA,219.0,1.0,0.495,0.7999999999999999,1.0,0.0,True,,,,/home/neuro-source/main_source/datasets/sprap_2024_03/id_spr01979/id_spr01979_master_image.nii.gz,Normal,,,,,,,,D:/Backup/Mestrado/dados/JPR/dataset_jpr_train/dataset_jpr_train/2/001979
1890,"1,28E+73",jpr_dados,M,38.0,TOSHIBA,232.0,1.0,0.478,0.8,1.0,0.0,True,,,,/home/neuro-source/main_source/datasets/sprap_2024_03/id_spr01890/id_spr01890_master_image.nii.gz,Normal,,,,,,,,D:/Backup/Mestrado/dados/JPR/dataset_jpr_train/dataset_jpr_train/2/001890
2533,"1,28E+73",jpr_dados,F,42.0,GE MEDICAL SYSTEMS,269.0,1.25,0.414061993361,0.625,1.0,-1024.0,True,,,,/home/neuro-source/main_source/datasets/sprap_2024_03/id_spr02533/id_spr02533_master_image.nii.gz,Normal,,,,,,,,D:/Backup/Mestrado/dados/JPR/dataset_jpr_train/dataset_jpr_train/1/002533
925,"1,28E+72",jpr_dados,F,47.0,GE MEDICAL SYSTEMS,149.0,1.25,0.412109,1.25,1.0,-1024.0,True,,,,/home/neuro-source/main_source/datasets/sprap_2024_03/id_spr00925/id_spr00925_master_image.nii.gz,Normal,,,,,,,,D:/Backup/Mestrado/dados/JPR/dataset_jpr_train/dataset_jpr_train/3/000925
2146,"1,28E+73",jpr_dados,F,19.0,SIEMENS,243.0,0.75,0.455078125,0.7000000000000001,1.0,-1024.0,True,,,,/home/neuro-source/main_source/datasets/sprap_2024_03/id_spr02146/id_spr02146_master_image.nii.gz,Normal,,,,,,,,D:/Backup/Mestrado/dados/JPR/dataset_jpr_train/dataset_jpr_train/2/002146
2606,"1,28E+73",jpr_dados,F,24.0,GE MEDICAL SYSTEMS,139.0,2.5,0.488281011581,1.25,1.0,-1024.0,True,,,,/home/neuro-source/main_source/datasets/sprap_2024_03/id_spr02606/id_spr02606_master_image.nii.gz,Normal,,,,,,,,D:/Backup/Mestrado/dados/JPR/dataset_jpr_train/dataset_jpr_train/1/002606
1906,"1,28E+73",jpr_dados,M,29.0,TOSHIBA,238.0,1.0,0.483,0.8,1.0,0.0,True,,,,/home/neuro-source/main_source/datasets/sprap_2024_03/id_spr01906/id_spr01906_master_image.nii.gz,Normal,,,,,,,,D:/Backup/Mestrado/dados/JPR/dataset_jpr_train/dataset_jpr_train/2/001906
1025,"1,28E+73",jpr_dados,M,61.0,GE MEDICAL SYSTEMS,133.0,1.25,0.488281,1.25,1.0,-1024.0,True,,,,/home/neuro-source/main_source/datasets/sprap_2024_03/id_spr01025/id_spr01025_master_image.nii.gz,Normal,,,,,,,,D:/Backup/Mestrado/dados/JPR/dataset_jpr_train/dataset_jpr_train/3/001025
1845,"1,28E+73",jpr_dados,M,25.0,GE MEDICAL SYSTEMS,138.0,1.25,0.476562,1.25,1.0,-1024.0,True,,,,/home/neuro-source/main_source/datasets/sprap_2024_03/id_spr01845/id_spr01845_master_image.nii.gz,Normal,,,,,,,,D:/Backup/Mestrado/dados/JPR/dataset_jpr_train/dataset_jpr_train/2/001845
1606,"1,28E+73",jpr_dados,M,28.0,GE MEDICAL SYSTEMS,281.0,0.625,0.46875,0.625,1.0,-1024.0,True,,,,/home/neuro-source/main_source/datasets/sprap_2024_03/id_spr01606/id_spr01606_master_image.nii.gz,Normal,,,,,,,,D:/Backup/Mestrado/dados/JPR/dataset_jpr_train/dataset_jpr_train/2/001606
889,"1,28E+73",jpr_dados,M,42.0,GE MEDICAL SYSTEMS,145.0,1.25,0.492188,1.25,1.0,-1024.0,True,,,,/home/neuro-source/main_source/datasets/sprap_2024_03/id_spr00889/id_spr00889_master_image.nii.gz,Normal,,,,,,,,D:/Backup/Mestrado/dados/JPR/dataset_jpr_train/dataset_jpr_train/3/000889
2516,"1,28E+73",jpr_dados,F,69.0,GE MEDICAL SYSTEMS,289.0,1.25,0.488281011581,0.625,1.0,-1024.0,True,,,,/home/neuro-source/main_source/datasets/sprap_2024_03/id_spr02516/id_spr02516_master_image.nii.gz,Normal,,,,,,,,D:/Backup/Mestrado/dados/JPR/dataset_jpr_train/dataset_jpr_train/1/002516
2514,"1,28E+73",jpr_dados,F,78.0,GE MEDICAL SYSTEMS,289.0,1.25,0.488281011581,0.625,1.0,-1024.0,True,,,,/home/neuro-source/main_source/datasets/sprap_2024_03/id_spr02514/id_spr02514_master_image.nii.gz,Normal,,,,,,,,D:/Backup/Mestrado/dados/JPR/dataset_jpr_train/dataset_jpr_train/1/002514
1536,"1,28E+73",jpr_dados,F,45.0,GE MEDICAL SYSTEMS,169.0,1.25,0.421875,1.0,1.0,-1024.0,True,,,,/home/neuro-source/main_source/datasets/sprap_2024_03/id_spr01536/id_spr01536_master_image.nii.gz,Normal,,,,,,,,D:/Backup/Mestrado/dados/JPR/dataset_jpr_train/dataset_jpr_train/2/001536
648,"1,28E+73",jpr_dados,F,43.0,GE MEDICAL SYSTEMS,145.0,1.25,0.488281,1.25,1.0,-1024.0,True,,,,/home/neuro-source/main_source/datasets/sprap_2024_03/id_spr00648/id_spr00648_master_image.nii.gz,Normal,,,,,,,,D:/Backup/Mestrado/dados/JPR/dataset_jpr_train/dataset_jpr_train/3/000648
602,"1,28E+73",jpr_dados,M,38.0,GE MEDICAL SYSTEMS,165.0,1.25,0.558594,1.25,1.0,-1024.0,True,,,,/home/neuro-source/main_source/datasets/sprap_2024_03/id_spr00602/id_spr00602_master_image.nii.gz,Normal,,,,,,,,D:/Backup/Mestrado/dados/JPR/dataset_jpr_train/dataset_jpr_train/3/000602
1256,"1,28E+73",jpr_dados,F,22.0,Philips,185.0,2.0,0.48828125,0.999999997826087,1.0,-1024.0,True,,,,/home/neuro-source/main_source/datasets/sprap_2024_03/id_spr01256/id_spr01256_master_image.nii.gz,Normal,,,,,,,,D:/Backup/Mestrado/dados/JPR/dataset_jpr_train/dataset_jpr_train/3/001256
2189,"1,28E+73",jpr_dados,M,27.0,SIEMENS,282.0,1.0,0.46875,0.7000000000000002,1.0,-1024.0,True,,,,/home/neuro-source/main_source/datasets/sprap_2024_03/id_spr02189/id_spr02189_master_image.nii.gz,Normal,,,,,,,,D:/Backup/Mestrado/dados/JPR/dataset_jpr_train/dataset_jpr_train/2/002189
1229,"1,28E+73",jpr_dados,F,44.0,Canon Medical Systems,211.0,1.0,0.517,1.0,1.0,0.0,True,,,,/home/neuro-source/main_source/datasets/sprap_2024_03/id_spr01229/id_spr01229_master_image.nii.gz,Normal,,,,,,,,D:/Backup/Mestrado/dados/JPR/dataset_jpr_train/dataset_jpr_train/3/001229
806,"1,28E+73",jpr_dados,M,46.0,GE MEDICAL SYSTEMS,165.0,1.25,0.554688,1.25,1.0,-1024.0,True,,,,/home/neuro-source/main_source/datasets/sprap_2024_03/id_spr00806/id_spr00806_master_image.nii.gz,Normal,,,,,,,,D:/Backup/Mestrado/dados/JPR/dataset_jpr_train/dataset_jpr_train/3/000806
1262,"1,28E+73",jpr_dados,F,22.0,Philips,249.0,1.5,0.4453125,0.7499999991935484,1.0,-1024.0,True,,,,/home/neuro-source/main_source/datasets/sprap_2024_03/id_spr01262/id_spr01262_master_image.nii.gz,Normal,,,,,,,,D:/Backup/Mestrado/dados/JPR/dataset_jpr_train/dataset_jpr_train/3/001262
1903,"1,28E+73",jpr_dados,F,38.0,TOSHIBA,232.0,1.0,0.448,0.8,1.0,0.0,True,,,,/home/neuro-source/main_source/datasets/sprap_2024_03/id_spr01903/id_spr01903_master_image.nii.gz,Normal,,,,,,,,D:/Backup/Mestrado/dados/JPR/dataset_jpr_train/dataset_jpr_train/2/001903
1385,"1,28E+73",jpr_dados,F,37.0,GE MEDICAL SYSTEMS,281.0,0.625,0.449219,0.625,1.0,-1024.0,True,,,,/home/neuro-source/main_source/datasets/sprap_2024_03/id_spr01385/id_spr01385_master_image.nii.gz,Normal,,,,,,,,D:/Backup/Mestrado/dados/JPR/dataset_jpr_train/dataset_jpr_train/2/001385
2198,"1,28E+73",jpr_dados,F,51.0,TOSHIBA,207.0,1.0,0.39,0.8,1.0,0.0,True,,,,/home/neuro-source/main_source/datasets/sprap_2024_03/id_spr02198/id_spr02198_master_image.nii.gz,Normal,,,,,,,,D:/Backup/Mestrado/dados/JPR/dataset_jpr_train/dataset_jpr_train/2/002198
1332,"1,28E+73",jpr_dados,F,48.0,TOSHIBA,213.0,1.0,0.43,0.8000000000000002,1.0,0.0,True,,,,/home/neuro-source/main_source/datasets/sprap_2024_03/id_spr01332/id_spr01332_master_image.nii.gz,Normal,,,,,,,,D:/Backup/Mestrado/dados/JPR/dataset_jpr_train/dataset_jpr_train/2/001332
2214,"1,28E+73",jpr_dados,F,27.0,GE MEDICAL SYSTEMS,129.0,1.25,0.425781,1.25,1.0,-1024.0,True,,,,/home/neuro-source/main_source/datasets/sprap_2024_03/id_spr02214/id_spr02214_master_image.nii.gz,Normal,,,,,,,,D:/Backup/Mestrado/dados/JPR/dataset_jpr_train/dataset_jpr_train/2/002214
1547,"1,28E+73",jpr_dados,F,24.0,GE MEDICAL SYSTEMS,273.0,0.625,0.429688,0.625,1.0,-1024.0,True,,,,/home/neuro-source/main_source/datasets/sprap_2024_03/id_spr01547/id_spr01547_master_image.nii.gz,Normal,,,,,,,,D:/Backup/Mestrado/dados/JPR/dataset_jpr_train/dataset_jpr_train/2/001547
1932,"1,28E+73",jpr_dados,F,43.0,GE MEDICAL SYSTEMS,142.0,1.25,0.474609,1.25,1.0,-1024.0,True,,,,/home/neuro-source/main_source/datasets/sprap_2024_03/id_spr01932/id_spr01932_master_image.nii.gz,Normal,,,,,,,,D:/Backup/Mestrado/dados/JPR/dataset_jpr_train/dataset_jpr_train/2/001932
1698,"1,28E+72",jpr_dados,F,53.0,Philips,222.0,1.5,0.429688,0.7500001357466065,1.0,-1024.0,True,,,,/home/neuro-source/main_source/datasets/sprap_2024_03/id_spr01698/id_spr01698_master_image.nii.gz,Normal,,,,,,,,D:/Backup/Mestrado/dados/JPR/dataset_jpr_train/dataset_jpr_train/2/001698
797,"1,28E+73",jpr_dados,M,30.0,TOSHIBA,211.0,1.0,0.459,1.0,1.0,0.0,True,,,,/home/neuro-source/main_source/datasets/sprap_2024_03/id_spr00797/id_spr00797_master_image.nii.gz,Normal,,,,,,,,D:/Backup/Mestrado/dados/JPR/dataset_jpr_train/dataset_jpr_train/3/000797
2012,"1,28E+73",jpr_dados,M,37.0,TOSHIBA,257.0,1.0,0.537,0.7999999999999998,1.0,0.0,True,,,,/home/neuro-source/main_source/datasets/sprap_2024_03/id_spr02012/id_spr02012_master_image.nii.gz,Normal,,,,,,,,D:/Backup/Mestrado/dados/JPR/dataset_jpr_train/dataset_jpr_train/2/002012
721,"1,28E+73",jpr_dados,F,56.0,Canon Medical Systems,166.0,2.0,0.429,1.0,1.0,0.0,True,,,,/home/neuro-source/main_source/datasets/sprap_2024_03/id_spr00721/id_spr00721_master_image.nii.gz,Normal,,,,,,,,D:/Backup/Mestrado/dados/JPR/dataset_jpr_train/dataset_jpr_train/3/000721
2103,"1,28E+73",jpr_dados,M,44.0,GE MEDICAL SYSTEMS,153.0,1.25,0.488281,1.25,1.0,-1024.0,True,,,,/home/neuro-source/main_source/datasets/sprap_2024_03/id_spr02103/id_spr02103_master_image.nii.gz,Normal,,,,,,,,D:/Backup/Mestrado/dados/JPR/dataset_jpr_train/dataset_jpr_train/2/002103
733,"1,28E+73",jpr_dados,F,29.0,GE MEDICAL SYSTEMS,141.0,1.25,0.498047,1.25,1.0,-1024.0,True,,,,/home/neuro-source/main_source/datasets/sprap_2024_03/id_spr00733/id_spr00733_master_image.nii.gz,Normal,,,,,,,,D:/Backup/Mestrado/dados/JPR/dataset_jpr_train/dataset_jpr_train/3/000733
1495,"1,28E+73",jpr_dados,M,38.0,GE MEDICAL SYSTEMS,191.0,1.25,0.488281,1.0,1.0,-1024.0,True,,,,/home/neuro-source/main_source/datasets/sprap_2024_03/id_spr01495/id_spr01495_master_image.nii.gz,Normal,,,,,,,,D:/Backup/Mestrado/dados/JPR/dataset_jpr_train/dataset_jpr_train/2/001495
1482,"1,28E+73",jpr_dados,M,42.0,TOSHIBA,251.0,1.0,0.461,0.8,1.0,0.0,True,,,,/home/neuro-source/main_source/datasets/sprap_2024_03/id_spr01482/id_spr01482_master_image.nii.gz,Normal,,,,,,,,D:/Backup/Mestrado/dados/JPR/dataset_jpr_train/dataset_jpr_train/2/001482
866,"1,28E+73",jpr_dados,F,34.0,Canon Medical Systems,156.0,2.0,0.429,1.0,1.0,0.0,True,,,,/home/neuro-source/main_source/datasets/sprap_2024_03/id_spr00866/id_spr00866_master_image.nii.gz,Normal,,,,,,,,D:/Backup/Mestrado/dados/JPR/dataset_jpr_train/dataset_jpr_train/3/000866
1655,"1,28E+73",jpr_dados,F,37.0,TOSHIBA,219.0,1.0,0.43,0.7999999999999999,1.0,0.0,True,,,,/home/neuro-source/main_source/datasets/sprap_2024_03/id_spr01655/id_spr01655_master_image.nii.gz,Normal,,,,,,,,D:/Backup/Mestrado/dados/JPR/dataset_jpr_train/dataset_jpr_train/2/001655
1524,"1,28E+73",jpr_dados,M,28.0,GE MEDICAL SYSTEMS,174.0,1.25,0.458984,1.0,1.0,-1024.0,True,,,,/home/neuro-source/main_source/datasets/sprap_2024_03/id_spr01524/id_spr01524_master_image.nii.gz,Normal,,,,,,,,D:/Backup/Mestrado/dados/JPR/dataset_jpr_train/dataset_jpr_train/2/001524
840,"1,28E+73",jpr_dados,M,39.0,GE MEDICAL SYSTEMS,148.0,1.25,0.513672,1.25,1.0,-1024.0,True,,,,/home/neuro-source/main_source/datasets/sprap_2024_03/id_spr00840/id_spr00840_master_image.nii.gz,Normal,,,,,,,,D:/Backup/Mestrado/dados/JPR/dataset_jpr_train/dataset_jpr_train/3/000840
1065,"1,28E+73",jpr_dados,F,33.0,Canon Medical Systems,166.0,1.0,0.429,1.0,1.0,0.0,True,,,,/home/neuro-source/main_source/datasets/sprap_2024_03/id_spr01065/id_spr01065_master_image.nii.gz,Normal,,,,,,,,D:/Backup/Mestrado/dados/JPR/dataset_jpr_train/dataset_jpr_train/3/001065
814,"1,28E+73",jpr_dados,F,47.0,GE MEDICAL SYSTEMS,125.0,1.25,0.488281,1.25,1.0,-1024.0,True,,,,/home/neuro-source/main_source/datasets/sprap_2024_03/id_spr00814/id_spr00814_master_image.nii.gz,Normal,,,,,,,,D:/Backup/Mestrado/dados/JPR/dataset_jpr_train/dataset_jpr_train/3/000814
1017,"1,28E+73",jpr_dados,F,30.0,GE MEDICAL SYSTEMS,145.0,1.25,0.488281,1.25,1.0,-1024.0,True,,,,/home/neuro-source/main_source/datasets/sprap_2024_03/id_spr01017/id_spr01017_master_image.nii.gz,Normal,,,,,,,,D:/Backup/Mestrado/dados/JPR/dataset_jpr_train/dataset_jpr_train/3/001017
1136,"1,28E+73",jpr_dados,M,38.0,Canon Medical Systems,171.0,2.0,0.429,1.0,1.0,0.0,True,,,,/home/neuro-source/main_source/datasets/sprap_2024_03/id_spr01136/id_spr01136_master_image.nii.gz,Normal,,,,,,,,D:/Backup/Mestrado/dados/JPR/dataset_jpr_train/dataset_jpr_train/3/001136
1746,"1,28E+73",jpr_dados,M,51.0,TOSHIBA,213.0,1.0,0.388,0.8000000000000002,1.0,0.0,True,,,,/home/neuro-source/main_source/datasets/sprap_2024_03/id_spr01746/id_spr01746_master_image.nii.gz,Normal,,,,,,,,D:/Backup/Mestrado/dados/JPR/dataset_jpr_train/dataset_jpr_train/2/001746
867,"1,28E+73",jpr_dados,F,40.0,GE MEDICAL SYSTEMS,145.0,1.25,0.488281,1.25,1.0,-1024.0,True,,,,/home/neuro-source/main_source/datasets/sprap_2024_03/id_spr00867/id_spr00867_master_image.nii.gz,Normal,,,,,,,,D:/Backup/Mestrado/dados/JPR/dataset_jpr_train/dataset_jpr_train/3/000867
2237,"1,28E+72",jpr_dados,F,21.0,GE MEDICAL SYSTEMS,142.0,1.25,0.488281,1.25,1.0,-1024.0,True,,,,/home/neuro-source/main_source/datasets/sprap_2024_03/id_spr02237/id_spr02237_master_image.nii.gz,Normal,,,,,,,,D:/Backup/Mestrado/dados/JPR/dataset_jpr_train/dataset_jpr_train/2/002237
2595,"1,28E+73",jpr_dados,F,77.0,GE MEDICAL SYSTEMS,269.0,1.25,0.419921994209,0.625,1.0,-1024.0,True,,,,/home/neuro-source/main_source/datasets/sprap_2024_03/id_spr02595/id_spr02595_master_image.nii.gz,Normal,,,,,,,,D:/Backup/Mestrado/dados/JPR/dataset_jpr_train/dataset_jpr_train/1/002595
719,"1,28E+73",jpr_dados,M,52.0,GE MEDICAL SYSTEMS,135.0,1.25,0.488281,1.25,1.0,-1024.0,True,,,,/home/neuro-source/main_source/datasets/sprap_2024_03/id_spr00719/id_spr00719_master_image.nii.gz,Normal,,,,,,,,D:/Backup/Mestrado/dados/JPR/dataset_jpr_train/dataset_jpr_train/3/000719
1401,"1,28E+73",jpr_dados,F,48.0,SIEMENS,257.0,1.0,0.46875,0.7000000000000001,1.0,-1024.0,True,,,,/home/neuro-source/main_source/datasets/sprap_2024_03/id_spr01401/id_spr01401_master_image.nii.gz,Normal,,,,,,,,D:/Backup/Mestrado/dados/JPR/dataset_jpr_train/dataset_jpr_train/2/001401
1144,"1,28E+73",jpr_dados,F,34.0,Canon Medical Systems,171.0,2.0,0.454,1.0,1.0,0.0,True,,,,/home/neuro-source/main_source/datasets/sprap_2024_03/id_spr01144/id_spr01144_master_image.nii.gz,Normal,,,,,,,,D:/Backup/Mestrado/dados/JPR/dataset_jpr_train/dataset_jpr_train/3/001144
2340,"1,28E+73",jpr_dados,M,33.0,GE MEDICAL SYSTEMS,265.0,1.25,0.46875,0.625,1.0,-1024.0,True,,,,/home/neuro-source/main_source/datasets/sprap_2024_03/id_spr02340/id_spr02340_master_image.nii.gz,Normal,,,,,,,,D:/Backup/Mestrado/dados/JPR/dataset_jpr_train/dataset_jpr_train/2/002340
1958,"1,28E+72",jpr_dados,F,36.0,TOSHIBA,251.0,1.0,0.413,0.8,1.0,0.0,True,,,,/home/neuro-source/main_source/datasets/sprap_2024_03/id_spr01958/id_spr01958_master_image.nii.gz,Normal,,,,,,,,D:/Backup/Mestrado/dados/JPR/dataset_jpr_train/dataset_jpr_train/2/001958
2534,"1,28E+73",jpr_dados,F,73.0,GE MEDICAL SYSTEMS,273.0,1.25,0.414061993361,0.625,1.0,-1024.0,True,,,,/home/neuro-source/main_source/datasets/sprap_2024_03/id_spr02534/id_spr02534_master_image.nii.gz,Normal,,,,,,,,D:/Backup/Mestrado/dados/JPR/dataset_jpr_train/dataset_jpr_train/1/002534
1147,"1,28E+73",jpr_dados,F,42.0,GE MEDICAL SYSTEMS,141.0,1.25,0.488281,1.25,1.0,-1024.0,True,,,,/home/neuro-source/main_source/datasets/sprap_2024_03/id_spr01147/id_spr01147_master_image.nii.gz,Normal,,,,,,,,D:/Backup/Mestrado/dados/JPR/dataset_jpr_train/dataset_jpr_train/3/001147
859,"1,28E+73",jpr_dados,M,54.0,Philips,232.0,1.5,0.48828125,0.7500000008658008,1.0,-1024.0,True,,,,/home/neuro-source/main_source/datasets/sprap_2024_03/id_spr00859/id_spr00859_master_image.nii.gz,Normal,,,,,,,,D:/Backup/Mestrado/dados/JPR/dataset_jpr_train/dataset_jpr_train/3/000859
1643,"1,28E+73",jpr_dados,M,29.0,GE MEDICAL SYSTEMS,136.0,1.25,0.431641,1.25,1.0,-1024.0,True,,,,/home/neuro-source/main_source/datasets/sprap_2024_03/id_spr01643/id_spr01643_master_image.nii.gz,Normal,,,,,,,,D:/Backup/Mestrado/dados/JPR/dataset_jpr_train/dataset_jpr_train/2/001643
2345,"1,28E+73",jpr_dados,F,49.0,GE MEDICAL SYSTEMS,123.0,1.25,0.384766,1.25,1.0,-1024.0,True,,,,/home/neuro-source/main_source/datasets/sprap_2024_03/id_spr02345/id_spr02345_master_image.nii.gz,Normal,,,,,,,,D:/Backup/Mestrado/dados/JPR/dataset_jpr_train/dataset_jpr_train/2/002345
2376,"1,28E+70",jpr_dados,F,43.0,GE MEDICAL SYSTEMS,261.0,1.25,0.488281011581,0.625,1.0,-1024.0,True,,,,/home/neuro-source/main_source/datasets/sprap_2024_03/id_spr02376/id_spr02376_master_image.nii.gz,Normal,,,,,,,,D:/Backup/Mestrado/dados/JPR/dataset_jpr_train/dataset_jpr_train/1/002376
543,"1,28E+73",jpr_dados,M,61.0,GE MEDICAL SYSTEMS,161.0,1.25,0.488281,1.25,1.0,-1024.0,True,,,,/home/neuro-source/main_source/datasets/sprap_2024_03/id_spr00543/id_spr00543_master_image.nii.gz,Normal,,,,,,,,D:/Backup/Mestrado/dados/JPR/dataset_jpr_train/dataset_jpr_train/3/000543
538,"1,28E+73",jpr_dados,M,33.0,GE MEDICAL SYSTEMS,153.0,1.25,0.488281,1.25,1.0,-1024.0,True,,,,/home/neuro-source/main_source/datasets/sprap_2024_03/id_spr00538/id_spr00538_master_image.nii.gz,Normal,,,,,,,,D:/Backup/Mestrado/dados/JPR/dataset_jpr_train/dataset_jpr_train/3/000538
927,"1,28E+73",jpr_dados,F,49.0,GE MEDICAL SYSTEMS,145.0,1.25,0.455078,1.25,1.0,-1024.0,True,,,,/home/neuro-source/main_source/datasets/sprap_2024_03/id_spr00927/id_spr00927_master_image.nii.gz,Normal,,,,,,,,D:/Backup/Mestrado/dados/JPR/dataset_jpr_train/dataset_jpr_train/3/000927
384,"1,28E+73",jpr_dados,M,28.0,GE MEDICAL SYSTEMS,140.0,1.25,0.443359,1.25,1.0,-1024.0,True,,,,/home/neuro-source/main_source/datasets/sprap_2024_03/id_spr00384/id_spr00384_master_image.nii.gz,Normal,,,,,,,,D:/Backup/Mestrado/dados/JPR/dataset_jpr_train/dataset_jpr_train/3/000384
1860,"1,28E+73",jpr_dados,M,30.0,GE MEDICAL SYSTEMS,147.0,1.25,0.466797,1.25,1.0,-1024.0,True,,,,/home/neuro-source/main_source/datasets/sprap_2024_03/id_spr01860/id_spr01860_master_image.nii.gz,Normal,,,,,,,,D:/Backup/Mestrado/dados/JPR/dataset_jpr_train/dataset_jpr_train/2/001860
2443,"1,28E+73",jpr_dados,M,18.0,TOSHIBA,232.0,1.0,0.470999985933,0.7999999999999998,1.0,0.0,True,,,,/home/neuro-source/main_source/datasets/sprap_2024_03/id_spr02443/id_spr02443_master_image.nii.gz,Normal,,,,,,,,
2561,"1,28E+73",jpr_dados,M,79.0,GE MEDICAL SYSTEMS,138.0,5.0,0.449218988419,0.9306569343065694,1.0,-1024.0,True,,,,/home/neuro-source/main_source/datasets/sprap_2024_03/id_spr02561/id_spr02561_master_image.nii.gz,Normal,,,,,,,,D:/Backup/Mestrado/dados/JPR/dataset_jpr_train/dataset_jpr_train/1/002561
995,"1,28E+73",jpr_dados,F,57.0,GE MEDICAL SYSTEMS,137.0,1.25,0.488281,1.25,1.0,-1024.0,True,,,,/home/neuro-source/main_source/datasets/sprap_2024_03/id_spr00995/id_spr00995_master_image.nii.gz,Normal,,,,,,,,D:/Backup/Mestrado/dados/JPR/dataset_jpr_train/dataset_jpr_train/3/000995
2367,"1,28E+73",jpr_dados,M,50.0,GE MEDICAL SYSTEMS,329.0,1.25,0.488281011581,0.625,1.0,-1024.0,True,,,,/home/neuro-source/main_source/datasets/sprap_2024_03/id_spr02367/id_spr02367_master_image.nii.gz,Normal,,,,,,,,D:/Backup/Mestrado/dados/JPR/dataset_jpr_train/dataset_jpr_train/1/002367
380,"1,28E+73",jpr_dados,F,44.0,GE MEDICAL SYSTEMS,125.0,1.25,0.488281,1.25,1.0,-1024.0,True,,,,/home/neuro-source/main_source/datasets/sprap_2024_03/id_spr00380/id_spr00380_master_image.nii.gz,Normal,,,,,,,,D:/Backup/Mestrado/dados/JPR/dataset_jpr_train/dataset_jpr_train/3/000380
834,"1,28E+73",jpr_dados,M,39.0,Philips,193.0,2.0,0.48828125,0.9999999989583334,1.0,-1024.0,True,,,,/home/neuro-source/main_source/datasets/sprap_2024_03/id_spr00834/id_spr00834_master_image.nii.gz,Normal,,,,,,,,D:/Backup/Mestrado/dados/JPR/dataset_jpr_train/dataset_jpr_train/3/000834
2472,"1,28E+73",jpr_dados,F,49.0,GE MEDICAL SYSTEMS,241.0,1.25,0.488281011581,0.625,1.0,-1024.0,True,,,,/home/neuro-source/main_source/datasets/sprap_2024_03/id_spr02472/id_spr02472_master_image.nii.gz,Normal,,,,,,,,D:/Backup/Mestrado/dados/JPR/dataset_jpr_train/dataset_jpr_train/1/002472
1265,"1,28E+73",jpr_dados,F,30.0,GE MEDICAL SYSTEMS,145.0,1.25,0.488281,1.25,1.0,-1024.0,True,,,,/home/neuro-source/main_source/datasets/sprap_2024_03/id_spr01265/id_spr01265_master_image.nii.gz,Normal,,,,,,,,D:/Backup/Mestrado/dados/JPR/dataset_jpr_train/dataset_jpr_train/3/001265
1026,"1,28E+73",jpr_dados,M,36.0,GE MEDICAL SYSTEMS,161.0,1.25,0.488281,1.25,1.0,-1024.0,True,,,,/home/neuro-source/main_source/datasets/sprap_2024_03/id_spr01026/id_spr01026_master_image.nii.gz,Normal,,,,,,,,D:/Backup/Mestrado/dados/JPR/dataset_jpr_train/dataset_jpr_train/3/001026
1741,"1,28E+73",jpr_dados,F,54.0,GE MEDICAL SYSTEMS,143.0,1.25,0.462891,1.25,1.0,-1024.0,True,,,,/home/neuro-source/main_source/datasets/sprap_2024_03/id_spr01741/id_spr01741_master_image.nii.gz,Normal,,,,,,,,D:/Backup/Mestrado/dados/JPR/dataset_jpr_train/dataset_jpr_train/2/001741
1608,"1,28E+73",jpr_dados,F,21.0,GE MEDICAL SYSTEMS,157.0,1.25,0.488281,1.0,1.0,-1024.0,True,,,,/home/neuro-source/main_source/datasets/sprap_2024_03/id_spr01608/id_spr01608_master_image.nii.gz,Normal,,,,,,,,D:/Backup/Mestrado/dados/JPR/dataset_jpr_train/dataset_jpr_train/2/001608
997,"1,28E+73",jpr_dados,F,40.0,GE MEDICAL SYSTEMS,157.0,1.25,0.564453,1.25,1.0,-1024.0,True,,,,/home/neuro-source/main_source/datasets/sprap_2024_03/id_spr00997/id_spr00997_master_image.nii.gz,Normal,,,,,,,,D:/Backup/Mestrado/dados/JPR/dataset_jpr_train/dataset_jpr_train/3/000997
1361,"1,28E+73",jpr_dados,M,43.0,GE MEDICAL SYSTEMS,171.0,1.25,0.488281,1.0,1.0,-1024.0,True,,,,/home/neuro-source/main_source/datasets/sprap_2024_03/id_spr01361/id_spr01361_master_image.nii.gz,Normal,,,,,,,,D:/Backup/Mestrado/dados/JPR/dataset_jpr_train/dataset_jpr_train/2/001361
2515,"1,28E+73",jpr_dados,F,61.0,GE MEDICAL SYSTEMS,289.0,1.25,0.488281011581,0.625,1.0,-1024.0,True,,,,/home/neuro-source/main_source/datasets/sprap_2024_03/id_spr02515/id_spr02515_master_image.nii.gz,Normal,,,,,,,,D:/Backup/Mestrado/dados/JPR/dataset_jpr_train/dataset_jpr_train/1/002515
1930,"1,28E+72",jpr_dados,F,55.0,TOSHIBA,151.0,2.0,0.402,1.0,1.0,0.0,True,,,,/home/neuro-source/main_source/datasets/sprap_2024_03/id_spr01930/id_spr01930_master_image.nii.gz,Normal,,,,,,,,D:/Backup/Mestrado/dados/JPR/dataset_jpr_train/dataset_jpr_train/2/001930
2170,"1,28E+73",jpr_dados,M,26.0,SIEMENS,271.0,1.0,0.482421875,0.7,1.0,-1024.0,True,,,,/home/neuro-source/main_source/datasets/sprap_2024_03/id_spr02170/id_spr02170_master_image.nii.gz,Normal,,,,,,,,D:/Backup/Mestrado/dados/JPR/dataset_jpr_train/dataset_jpr_train/2/002170
1694,"1,28E+73",jpr_dados,F,32.0,GE MEDICAL SYSTEMS,331.0,0.625,0.429688,0.5,1.0,-1024.0,True,,,,/home/neuro-source/main_source/datasets/sprap_2024_03/id_spr01694/id_spr01694_master_image.nii.gz,Normal,,,,,,,,D:/Backup/Mestrado/dados/JPR/dataset_jpr_train/dataset_jpr_train/2/001694
2176,"1,28E+73",jpr_dados,M,33.0,GE MEDICAL SYSTEMS,148.0,1.25,0.488281,1.25,1.0,-1024.0,True,,,,/home/neuro-source/main_source/datasets/sprap_2024_03/id_spr02176/id_spr02176_master_image.nii.gz,Normal,,,,,,,,D:/Backup/Mestrado/dados/JPR/dataset_jpr_train/dataset_jpr_train/2/002176
1910,"1,28E+73",jpr_dados,F,28.0,Philips,242.0,1.5,0.417969,0.75,1.0,-1024.0,True,,,,/home/neuro-source/main_source/datasets/sprap_2024_03/id_spr01910/id_spr01910_master_image.nii.gz,Normal,,,,,,,,D:/Backup/Mestrado/dados/JPR/dataset_jpr_train/dataset_jpr_train/2/001910
1213,"1,28E+73",jpr_dados,F,36.0,GE MEDICAL SYSTEMS,141.0,1.25,0.429688,1.25,1.0,-1024.0,True,,,,/home/neuro-source/main_source/datasets/sprap_2024_03/id_spr01213/id_spr01213_master_image.nii.gz,Normal,,,,,,,,D:/Backup/Mestrado/dados/JPR/dataset_jpr_train/dataset_jpr_train/3/001213
2197,"1,28E+71",jpr_dados,F,39.0,TOSHIBA,182.0,1.0,0.373,0.8,1.0,0.0,True,,,,/home/neuro-source/main_source/datasets/sprap_2024_03/id_spr02197/id_spr02197_master_image.nii.gz,Normal,,,,,,,,D:/Backup/Mestrado/dados/JPR/dataset_jpr_train/dataset_jpr_train/2/002197
1254,"1,28E+73",jpr_dados,F,39.0,GE MEDICAL SYSTEMS,281.0,1.25,0.488281,0.625,1.0,-1024.0,True,,,,/home/neuro-source/main_source/datasets/sprap_2024_03/id_spr01254/id_spr01254_master_image.nii.gz,Normal,,,,,,,,D:/Backup/Mestrado/dados/JPR/dataset_jpr_train/dataset_jpr_train/3/001254
1475,"1,28E+73",jpr_dados,M,52.0,GE MEDICAL SYSTEMS,141.0,1.25,0.488281,1.25,1.0,-1024.0,True,,,,/home/neuro-source/main_source/datasets/sprap_2024_03/id_spr01475/id_spr01475_master_image.nii.gz,Normal,,,,,,,,D:/Backup/Mestrado/dados/JPR/dataset_jpr_train/dataset_jpr_train/2/001475
1217,"1,28E+73",jpr_dados,F,43.0,GE MEDICAL SYSTEMS,133.0,1.25,0.625,1.25,1.0,-1024.0,True,,,,/home/neuro-source/main_source/datasets/sprap_2024_03/id_spr01217/id_spr01217_master_image.nii.gz,Normal,,,,,,,,D:/Backup/Mestrado/dados/JPR/dataset_jpr_train/dataset_jpr_train/3/001217
827,"1,28E+73",jpr_dados,F,46.0,Canon Medical Systems,216.0,1.0,0.473,1.0,1.0,0.0,True,,,,/home/neuro-source/main_source/datasets/sprap_2024_03/id_spr00827/id_spr00827_master_image.nii.gz,Normal,,,,,,,,D:/Backup/Mestrado/dados/JPR/dataset_jpr_train/dataset_jpr_train/3/000827
2451,"1,28E+73",jpr_dados,F,59.0,GE MEDICAL SYSTEMS,265.0,1.25,0.421875,0.625,1.0,-1024.0,True,,,,/home/neuro-source/main_source/datasets/sprap_2024_03/id_spr02451/id_spr02451_master_image.nii.gz,Normal,,,,,,,,D:/Backup/Mestrado/dados/JPR/dataset_jpr_train/dataset_jpr_train/1/002451
1460,"1,28E+73",jpr_dados,F,57.0,GE MEDICAL SYSTEMS,281.0,0.625,0.441406,0.625,1.0,-1024.0,True,,,,/home/neuro-source/main_source/datasets/sprap_2024_03/id_spr01460/id_spr01460_master_image.nii.gz,Normal,,,,,,,,D:/Backup/Mestrado/dados/JPR/dataset_jpr_train/dataset_jpr_train/2/001460
546,"1,28E+73",jpr_dados,M,39.0,GE MEDICAL SYSTEMS,157.0,1.25,0.488281,1.25,1.0,-1024.0,True,,,,/home/neuro-source/main_source/datasets/sprap_2024_03/id_spr00546/id_spr00546_master_image.nii.gz,Normal,,,,,,,,D:/Backup/Mestrado/dados/JPR/dataset_jpr_train/dataset_jpr_train/3/000546
2455,"1,28E+73",jpr_dados,M,74.0,GE MEDICAL SYSTEMS,301.0,1.25,0.47851601243,0.625,1.0,-1024.0,True,,,,/home/neuro-source/main_source/datasets/sprap_2024_03/id_spr02455/id_spr02455_master_image.nii.gz,Normal,,,,,,,,D:/Backup/Mestrado/dados/JPR/dataset_jpr_train/dataset_jpr_train/1/002455
1916,"1,28E+72",jpr_dados,F,25.0,TOSHIBA,256.0,1.0,0.429,0.8,1.0,0.0,True,,,,/home/neuro-source/main_source/datasets/sprap_2024_03/id_spr01916/id_spr01916_master_image.nii.gz,Normal,,,,,,,,D:/Backup/Mestrado/dados/JPR/dataset_jpr_train/dataset_jpr_train/2/001916
990,"1,28E+72",jpr_dados,F,22.0,GE MEDICAL SYSTEMS,149.0,1.25,0.46875,1.25,1.0,-1024.0,True,,,,/home/neuro-source/main_source/datasets/sprap_2024_03/id_spr00990/id_spr00990_master_image.nii.gz,Normal,,,,,,,,D:/Backup/Mestrado/dados/JPR/dataset_jpr_train/dataset_jpr_train/3/000990
1202,"1,28E+73",jpr_dados,F,32.0,Canon Medical Systems,211.0,2.0,0.507,1.0,1.0,0.0,True,,,,/home/neuro-source/main_source/datasets/sprap_2024_03/id_spr01202/id_spr01202_master_image.nii.gz,Normal,,,,,,,,D:/Backup/Mestrado/dados/JPR/dataset_jpr_train/dataset_jpr_train/3/001202
2618,"1,28E+73",jpr_dados,F,43.0,GE MEDICAL SYSTEMS,145.0,2.5,0.488281011581,1.25,1.0,-1024.0,True,,,,/home/neuro-source/main_source/datasets/sprap_2024_03/id_spr02618/id_spr02618_master_image.nii.gz,Normal,,,,,,,,D:/Backup/Mestrado/dados/JPR/dataset_jpr_train/dataset_jpr_train/1/002618
653,"1,28E+73",jpr_dados,F,40.0,GE MEDICAL SYSTEMS,137.0,1.25,0.46875,1.25,1.0,-1024.0,True,,,,/home/neuro-source/main_source/datasets/sprap_2024_03/id_spr00653/id_spr00653_master_image.nii.gz,Normal,,,,,,,,D:/Backup/Mestrado/dados/JPR/dataset_jpr_train/dataset_jpr_train/3/000653
625,"1,28E+73",jpr_dados,F,37.0,Canon Medical Systems,216.0,2.0,0.429,1.0,1.0,0.0,True,,,,/home/neuro-source/main_source/datasets/sprap_2024_03/id_spr00625/id_spr00625_master_image.nii.gz,Normal,,,,,,,,D:/Backup/Mestrado/dados/JPR/dataset_jpr_train/dataset_jpr_train/3/000625
409,"1,28E+73",jpr_dados,F,31.0,GE MEDICAL SYSTEMS,137.0,1.25,0.429688,1.25,1.0,-1024.0,True,,,,/home/neuro-source/main_source/datasets/sprap_2024_03/id_spr00409/id_spr00409_master_image.nii.gz,Normal,,,,,,,,D:/Backup/Mestrado/dados/JPR/dataset_jpr_train/dataset_jpr_train/3/000409
920,"1,28E+73",jpr_dados,F,34.0,GE MEDICAL SYSTEMS,145.0,1.25,0.488281,1.25,1.0,-1024.0,True,,,,/home/neuro-source/main_source/datasets/sprap_2024_03/id_spr00920/id_spr00920_master_image.nii.gz,Normal,,,,,,,,D:/Backup/Mestrado/dados/JPR/dataset_jpr_train/dataset_jpr_train/3/000920
427,"1,28E+73",jpr_dados,M,34.0,GE MEDICAL SYSTEMS,153.0,1.25,0.457031,1.25,1.0,-1024.0,True,,,,/home/neuro-source/main_source/datasets/sprap_2024_03/id_spr00427/id_spr00427_master_image.nii.gz,Normal,,,,,,,,D:/Backup/Mestrado/dados/JPR/dataset_jpr_train/dataset_jpr_train/3/000427
2537,"1,28E+73",jpr_dados,F,49.0,GE MEDICAL SYSTEMS,289.0,1.25,0.464843988419,0.625,1.0,-1024.0,True,,,,/home/neuro-source/main_source/datasets/sprap_2024_03/id_spr02537/id_spr02537_master_image.nii.gz,Normal,,,,,,,,D:/Backup/Mestrado/dados/JPR/dataset_jpr_train/dataset_jpr_train/1/002537
877,"1,28E+73",jpr_dados,F,20.0,Canon Medical Systems,186.0,2.0,0.429,1.0,1.0,0.0,True,,,,/home/neuro-source/main_source/datasets/sprap_2024_03/id_spr00877/id_spr00877_master_image.nii.gz,Normal,,,,,,,,D:/Backup/Mestrado/dados/JPR/dataset_jpr_train/dataset_jpr_train/3/000877
2345,"1,28E+73",jpr_dados,F,49.0,GE MEDICAL SYSTEMS,123.0,1.25,0.408203,1.25,1.0,-1024.0,True,,,,/home/neuro-source/main_source/datasets/sprap_2024_03/id_spr02345/id_spr02345_master_image.nii.gz,Normal,,,,,,,,D:/Backup/Mestrado/dados/JPR/dataset_jpr_train/dataset_jpr_train/2/002345
1654,"1,28E+72",jpr_dados,M,45.0,GE MEDICAL SYSTEMS,129.0,1.25,0.460938,1.25,1.0,-1024.0,True,,,,/home/neuro-source/main_source/datasets/sprap_2024_03/id_spr01654/id_spr01654_master_image.nii.gz,Normal,,,,,,,,D:/Backup/Mestrado/dados/JPR/dataset_jpr_train/dataset_jpr_train/2/001654
2369,"1,28E+73",jpr_dados,F,67.0,GE MEDICAL SYSTEMS,293.0,1.25,0.453125,0.625,1.0,-1024.0,True,,,,/home/neuro-source/main_source/datasets/sprap_2024_03/id_spr02369/id_spr02369_master_image.nii.gz,Normal,,,,,,,,D:/Backup/Mestrado/dados/JPR/dataset_jpr_train/dataset_jpr_train/1/002369
1353,"1,28E+73",jpr_dados,F,49.0,TOSHIBA,226.0,1.0,0.452,0.8,1.0,0.0,True,,,,/home/neuro-source/main_source/datasets/sprap_2024_03/id_spr01353/id_spr01353_master_image.nii.gz,Normal,,,,,,,,D:/Backup/Mestrado/dados/JPR/dataset_jpr_train/dataset_jpr_train/2/001353
405,"1,28E+73",jpr_dados,F,24.0,GE MEDICAL SYSTEMS,129.0,1.25,0.488281,1.25,1.0,-1024.0,True,,,,/home/neuro-source/main_source/datasets/sprap_2024_03/id_spr00405/id_spr00405_master_image.nii.gz,Normal,,,,,,,,D:/Backup/Mestrado/dados/JPR/dataset_jpr_train/dataset_jpr_train/3/000405
1165,"1,28E+73",jpr_dados,F,28.0,GE MEDICAL SYSTEMS,145.0,1.25,0.488281,1.25,1.0,-1024.0,True,,,,/home/neuro-source/main_source/datasets/sprap_2024_03/id_spr01165/id_spr01165_master_image.nii.gz,Normal,,,,,,,,D:/Backup/Mestrado/dados/JPR/dataset_jpr_train/dataset_jpr_train/3/001165
1803,"1,28E+73",jpr_dados,M,29.0,TOSHIBA,232.0,1.0,0.412,0.8,1.0,0.0,True,,,,/home/neuro-source/main_source/datasets/sprap_2024_03/id_spr01803/id_spr01803_master_image.nii.gz,Normal,,,,,,,,D:/Backup/Mestrado/dados/JPR/dataset_jpr_train/dataset_jpr_train/2/001803
2625,"1,28E+72",jpr_dados,F,79.0,GE MEDICAL SYSTEMS,143.0,2.5,0.488281011581,1.25,1.0,-1024.0,True,,,,/home/neuro-source/main_source/datasets/sprap_2024_03/id_spr02625/id_spr02625_master_image.nii.gz,Normal,,,,,,,,D:/Backup/Mestrado/dados/JPR/dataset_jpr_train/dataset_jpr_train/1/002625
664,"1,28E+73",jpr_dados,F,21.0,Siemens Healthineers,204.0,2.0,0.361538715,0.9999989457394526,1.0,-8192.0,True,,,,/home/neuro-source/main_source/datasets/sprap_2024_03/id_spr00664/id_spr00664_master_image.nii.gz,Normal,,,,,,,,D:/Backup/Mestrado/dados/JPR/dataset_jpr_train/dataset_jpr_train/3/000664
1125,"1,28E+73",jpr_dados,M,39.0,GE MEDICAL SYSTEMS,133.0,1.25,0.548828,1.25,1.0,-1024.0,True,,,,/home/neuro-source/main_source/datasets/sprap_2024_03/id_spr01125/id_spr01125_master_image.nii.gz,Normal,,,,,,,,D:/Backup/Mestrado/dados/JPR/dataset_jpr_train/dataset_jpr_train/3/001125
1559,"1,28E+73",jpr_dados,F,26.0,TOSHIBA,219.0,1.0,0.43,0.7999999999999999,1.0,0.0,True,,,,/home/neuro-source/main_source/datasets/sprap_2024_03/id_spr01559/id_spr01559_master_image.nii.gz,Normal,,,,,,,,D:/Backup/Mestrado/dados/JPR/dataset_jpr_train/dataset_jpr_train/2/001559
1219,"1,28E+73",jpr_dados,F,28.0,GE MEDICAL SYSTEMS,129.0,1.25,0.488281,1.25,1.0,-1024.0,True,,,,/home/neuro-source/main_source/datasets/sprap_2024_03/id_spr01219/id_spr01219_master_image.nii.gz,Normal,,,,,,,,D:/Backup/Mestrado/dados/JPR/dataset_jpr_train/dataset_jpr_train/3/001219
2174,"1,28E+73",jpr_dados,M,34.0,GE MEDICAL SYSTEMS,139.0,1.25,0.453125,1.25,1.0,-1024.0,True,,,,/home/neuro-source/main_source/datasets/sprap_2024_03/id_spr02174/id_spr02174_master_image.nii.gz,Normal,,,,,,,,D:/Backup/Mestrado/dados/JPR/dataset_jpr_train/dataset_jpr_train/2/002174
1948,"1,28E+73",jpr_dados,F,33.0,GE MEDICAL SYSTEMS,141.0,1.25,0.423828,1.25,1.0,-1024.0,True,,,,/home/neuro-source/main_source/datasets/sprap_2024_03/id_spr01948/id_spr01948_master_image.nii.gz,Normal,,,,,,,,D:/Backup/Mestrado/dados/JPR/dataset_jpr_train/dataset_jpr_train/2/001948
2406,"1,28E+73",jpr_dados,F,37.0,TOSHIBA,166.0,2.0,0.546000003815,1.0,1.0,0.0,True,,,,/home/neuro-source/main_source/datasets/sprap_2024_03/id_spr02406/id_spr02406_master_image.nii.gz,Normal,,,,,,,,D:/Backup/Mestrado/dados/JPR/dataset_jpr_train/dataset_jpr_train/1/002406
2238,"1,28E+73",jpr_dados,F,25.0,GE MEDICAL SYSTEMS,122.0,1.25,0.408203,1.25,1.0,-1024.0,True,,,,/home/neuro-source/main_source/datasets/sprap_2024_03/id_spr02238/id_spr02238_master_image.nii.gz,Normal,,,,,,,,D:/Backup/Mestrado/dados/JPR/dataset_jpr_train/dataset_jpr_train/2/002238
1975,"1,28E+73",jpr_dados,F,20.0,GE MEDICAL SYSTEMS,145.0,1.25,0.464844,1.25,1.0,-1024.0,True,,,,/home/neuro-source/main_source/datasets/sprap_2024_03/id_spr01975/id_spr01975_master_image.nii.gz,Normal,,,,,,,,D:/Backup/Mestrado/dados/JPR/dataset_jpr_train/dataset_jpr_train/2/001975
484,"1,28E+73",jpr_dados,F,60.0,GE MEDICAL SYSTEMS,129.0,1.25,0.451172,1.25,1.0,-1024.0,True,,,,/home/neuro-source/main_source/datasets/sprap_2024_03/id_spr00484/id_spr00484_master_image.nii.gz,Normal,,,,,,,,D:/Backup/Mestrado/dados/JPR/dataset_jpr_train/dataset_jpr_train/3/000484
980,"1,28E+73",jpr_dados,F,40.0,GE MEDICAL SYSTEMS,133.0,1.25,0.488281,1.25,1.0,-1024.0,True,,,,/home/neuro-source/main_source/datasets/sprap_2024_03/id_spr00980/id_spr00980_master_image.nii.gz,Normal,,,,,,,,D:/Backup/Mestrado/dados/JPR/dataset_jpr_train/dataset_jpr_train/3/000980
368,"1,28E+73",jpr_dados,F,21.0,GE MEDICAL SYSTEMS,133.0,1.25,0.513672,1.25,1.0,-1024.0,True,,,,/home/neuro-source/main_source/datasets/sprap_2024_03/id_spr00368/id_spr00368_master_image.nii.gz,Normal,,,,,,,,
966,"1,28E+73",jpr_dados,F,28.0,GE MEDICAL SYSTEMS,141.0,1.25,0.488281,1.25,1.0,-1024.0,True,,,,/home/neuro-source/main_source/datasets/sprap_2024_03/id_spr00966/id_spr00966_master_image.nii.gz,Normal,,,,,,,,D:/Backup/Mestrado/dados/JPR/dataset_jpr_train/dataset_jpr_train/3/000966
1767,"1,28E+73",jpr_dados,M,50.0,GE MEDICAL SYSTEMS,166.0,1.25,0.445312,1.0,1.0,-1024.0,True,,,,/home/neuro-source/main_source/datasets/sprap_2024_03/id_spr01767/id_spr01767_master_image.nii.gz,Normal,,,,,,,,D:/Backup/Mestrado/dados/JPR/dataset_jpr_train/dataset_jpr_train/2/001767
1753,"1,28E+73",jpr_dados,M,59.0,TOSHIBA,213.0,1.0,0.473,0.8000000000000002,1.0,0.0,True,,,,/home/neuro-source/main_source/datasets/sprap_2024_03/id_spr01753/id_spr01753_master_image.nii.gz,Normal,,,,,,,,D:/Backup/Mestrado/dados/JPR/dataset_jpr_train/dataset_jpr_train/2/001753
1277,"1,28E+73",jpr_dados,M,41.0,GE MEDICAL SYSTEMS,136.0,1.25,0.572266,1.25,1.0,-1024.0,True,,,,/home/neuro-source/main_source/datasets/sprap_2024_03/id_spr01277/id_spr01277_master_image.nii.gz,Normal,,,,,,,,D:/Backup/Mestrado/dados/JPR/dataset_jpr_train/dataset_jpr_train/3/001277
1383,"1,28E+73",jpr_dados,F,39.0,GE MEDICAL SYSTEMS,137.0,1.25,0.429688,1.25,1.0,-1024.0,True,,,,/home/neuro-source/main_source/datasets/sprap_2024_03/id_spr01383/id_spr01383_master_image.nii.gz,Normal,,,,,,,,D:/Backup/Mestrado/dados/JPR/dataset_jpr_train/dataset_jpr_train/2/001383
443,"1,28E+73",jpr_dados,F,44.0,GE MEDICAL SYSTEMS,145.0,1.25,0.488281,1.25,1.0,-1024.0,True,,,,/home/neuro-source/main_source/datasets/sprap_2024_03/id_spr00443/id_spr00443_master_image.nii.gz,Normal,,,,,,,,D:/Backup/Mestrado/dados/JPR/dataset_jpr_train/dataset_jpr_train/3/000443
394,"1,28E+73",jpr_dados,F,37.0,TOSHIBA,171.0,1.0,0.429,1.0,1.0,0.0,True,,,,/home/neuro-source/main_source/datasets/sprap_2024_03/id_spr00394/id_spr00394_master_image.nii.gz,Normal,,,,,,,,D:/Backup/Mestrado/dados/JPR/dataset_jpr_train/dataset_jpr_train/3/000394
2039,"1,28E+73",jpr_dados,M,42.0,TOSHIBA,191.0,2.0,0.478,1.0,1.0,0.0,True,,,,/home/neuro-source/main_source/datasets/sprap_2024_03/id_spr02039/id_spr02039_master_image.nii.gz,Normal,,,,,,,,D:/Backup/Mestrado/dados/JPR/dataset_jpr_train/dataset_jpr_train/2/002039
1464,"1,28E+73",jpr_dados,F,42.0,TOSHIBA,219.0,1.0,0.443,0.7999999999999999,1.0,0.0,True,,,,/home/neuro-source/main_source/datasets/sprap_2024_03/id_spr01464/id_spr01464_master_image.nii.gz,Normal,,,,,,,,D:/Backup/Mestrado/dados/JPR/dataset_jpr_train/dataset_jpr_train/2/001464
1853,"1,28E+73",jpr_dados,F,51.0,TOSHIBA,213.0,1.0,0.43,0.8000000000000002,1.0,0.0,True,,,,/home/neuro-source/main_source/datasets/sprap_2024_03/id_spr01853/id_spr01853_master_image.nii.gz,Normal,,,,,,,,D:/Backup/Mestrado/dados/JPR/dataset_jpr_train/dataset_jpr_train/2/001853
1406,"1,28E+73",jpr_dados,F,54.0,GE MEDICAL SYSTEMS,180.0,1.25,0.457031,0.9,1.0,-1024.0,True,,,,/home/neuro-source/main_source/datasets/sprap_2024_03/id_spr01406/id_spr01406_master_image.nii.gz,Normal,,,,,,,,D:/Backup/Mestrado/dados/JPR/dataset_jpr_train/dataset_jpr_train/2/001406
1800,"1,28E+73",jpr_dados,M,46.0,GE MEDICAL SYSTEMS,305.0,0.625,0.46875,0.625,1.0,-1024.0,True,,,,/home/neuro-source/main_source/datasets/sprap_2024_03/id_spr01800/id_spr01800_master_image.nii.gz,Normal,,,,,,,,D:/Backup/Mestrado/dados/JPR/dataset_jpr_train/dataset_jpr_train/2/001800
2563,"1,28E+73",jpr_dados,F,73.0,GE MEDICAL SYSTEMS,277.0,1.25,0.460938006639,0.625,1.0,-1024.0,True,,,,/home/neuro-source/main_source/datasets/sprap_2024_03/id_spr02563/id_spr02563_master_image.nii.gz,Normal,,,,,,,,D:/Backup/Mestrado/dados/JPR/dataset_jpr_train/dataset_jpr_train/1/002563
737,"1,28E+73",jpr_dados,M,41.0,Canon Medical Systems,181.0,2.0,0.429,1.0,1.0,0.0,True,,,,/home/neuro-source/main_source/datasets/sprap_2024_03/id_spr00737/id_spr00737_master_image.nii.gz,Normal,,,,,,,,D:/Backup/Mestrado/dados/JPR/dataset_jpr_train/dataset_jpr_train/3/000737
1232,"1,28E+73",jpr_dados,M,39.0,Canon Medical Systems,171.0,2.0,0.429,1.0,1.0,0.0,True,,,,/home/neuro-source/main_source/datasets/sprap_2024_03/id_spr01232/id_spr01232_master_image.nii.gz,Normal,,,,,,,,D:/Backup/Mestrado/dados/JPR/dataset_jpr_train/dataset_jpr_train/3/001232
2588,"1,28E+73",jpr_dados,F,77.0,GE MEDICAL SYSTEMS,133.0,2.5,0.488281011581,1.25,1.0,-1024.0,True,,,,/home/neuro-source/main_source/datasets/sprap_2024_03/id_spr02588/id_spr02588_master_image.nii.gz,Normal,,,,,,,,D:/Backup/Mestrado/dados/JPR/dataset_jpr_train/dataset_jpr_train/1/002588
1534,"1,28E+73",jpr_dados,F,25.0,GE MEDICAL SYSTEMS,176.0,1.25,0.439453,1.0,1.0,-1024.0,True,,,,/home/neuro-source/main_source/datasets/sprap_2024_03/id_spr01534/id_spr01534_master_image.nii.gz,Normal,,,,,,,,D:/Backup/Mestrado/dados/JPR/dataset_jpr_train/dataset_jpr_train/2/001534
1630,"1,28E+72",jpr_dados,F,36.0,GE MEDICAL SYSTEMS,167.0,1.25,0.488281,1.25,1.0,-1024.0,True,,,,/home/neuro-source/main_source/datasets/sprap_2024_03/id_spr01630/id_spr01630_master_image.nii.gz,Normal,,,,,,,,D:/Backup/Mestrado/dados/JPR/dataset_jpr_train/dataset_jpr_train/2/001630
1508,"1,28E+73",jpr_dados,M,24.0,TOSHIBA,222.0,1.0,0.461,0.8,1.0,0.0,True,,,,/home/neuro-source/main_source/datasets/sprap_2024_03/id_spr01508/id_spr01508_master_image.nii.gz,Normal,,,,,,,,D:/Backup/Mestrado/dados/JPR/dataset_jpr_train/dataset_jpr_train/2/001508
946,"1,28E+73",jpr_dados,F,29.0,GE MEDICAL SYSTEMS,173.0,1.25,0.488281,1.25,1.0,-1024.0,True,,,,/home/neuro-source/main_source/datasets/sprap_2024_03/id_spr00946/id_spr00946_master_image.nii.gz,Normal,,,,,,,,D:/Backup/Mestrado/dados/JPR/dataset_jpr_train/dataset_jpr_train/3/000946
2630,"1,28E+73",jpr_dados,F,52.0,GE MEDICAL SYSTEMS,281.0,1.25,0.4375,0.625,1.0,-1024.0,True,,,,/home/neuro-source/main_source/datasets/sprap_2024_03/id_spr02630/id_spr02630_master_image.nii.gz,Normal,,,,,,,,D:/Backup/Mestrado/dados/JPR/dataset_jpr_train/dataset_jpr_train/1/002630
1500,"1,28E+73",jpr_dados,M,41.0,GE MEDICAL SYSTEMS,148.0,1.25,0.457031,1.25,1.0,-1024.0,True,,,,/home/neuro-source/main_source/datasets/sprap_2024_03/id_spr01500/id_spr01500_master_image.nii.gz,Normal,,,,,,,,D:/Backup/Mestrado/dados/JPR/dataset_jpr_train/dataset_jpr_train/2/001500
2071,"1,28E+73",jpr_dados,M,37.0,GE MEDICAL SYSTEMS,166.0,1.25,0.423828,1.0,1.0,-1024.0,True,,,,/home/neuro-source/main_source/datasets/sprap_2024_03/id_spr02071/id_spr02071_master_image.nii.gz,Normal,,,,,,,,D:/Backup/Mestrado/dados/JPR/dataset_jpr_train/dataset_jpr_train/2/002071
1013,"1,28E+73",jpr_dados,F,46.0,GE MEDICAL SYSTEMS,133.0,1.25,0.427734,1.25,1.0,-1024.0,True,,,,/home/neuro-source/main_source/datasets/sprap_2024_03/id_spr01013/id_spr01013_master_image.nii.gz,Normal,,,,,,,,D:/Backup/Mestrado/dados/JPR/dataset_jpr_train/dataset_jpr_train/3/001013
741,"1,28E+73",jpr_dados,F,28.0,GE MEDICAL SYSTEMS,133.0,1.25,0.488281,1.25,1.0,-1024.0,True,,,,/home/neuro-source/main_source/datasets/sprap_2024_03/id_spr00741/id_spr00741_master_image.nii.gz,Normal,,,,,,,,D:/Backup/Mestrado/dados/JPR/dataset_jpr_train/dataset_jpr_train/3/000741
2635,"1,28E+73",jpr_dados,F,68.0,GE MEDICAL SYSTEMS,139.0,2.5,0.40625,1.25,1.0,-1024.0,True,,,,/home/neuro-source/main_source/datasets/sprap_2024_03/id_spr02635/id_spr02635_master_image.nii.gz,Normal,,,,,,,,D:/Backup/Mestrado/dados/JPR/dataset_jpr_train/dataset_jpr_train/1/002635
796,"1,28E+73",jpr_dados,F,33.0,GE MEDICAL SYSTEMS,157.0,1.25,0.474609,1.25,1.0,-1024.0,True,,,,/home/neuro-source/main_source/datasets/sprap_2024_03/id_spr00796/id_spr00796_master_image.nii.gz,Normal,,,,,,,,D:/Backup/Mestrado/dados/JPR/dataset_jpr_train/dataset_jpr_train/3/000796
783,"1,28E+73",jpr_dados,F,48.0,GE MEDICAL SYSTEMS,153.0,1.25,0.488281,1.25,1.0,-1024.0,True,,,,/home/neuro-source/main_source/datasets/sprap_2024_03/id_spr00783/id_spr00783_master_image.nii.gz,Normal,,,,,,,,D:/Backup/Mestrado/dados/JPR/dataset_jpr_train/dataset_jpr_train/3/000783
2068,"1,28E+73",jpr_dados,M,24.0,GE MEDICAL SYSTEMS,191.0,1.25,0.455078,1.0,1.0,-1024.0,True,,,,/home/neuro-source/main_source/datasets/sprap_2024_03/id_spr02068/id_spr02068_master_image.nii.gz,Normal,,,,,,,,D:/Backup/Mestrado/dados/JPR/dataset_jpr_train/dataset_jpr_train/2/002068
1106,"1,28E+73",jpr_dados,M,27.0,GE MEDICAL SYSTEMS,141.0,1.25,0.488281,1.25,1.0,-1024.0,True,,,,/home/neuro-source/main_source/datasets/sprap_2024_03/id_spr01106/id_spr01106_master_image.nii.gz,Normal,,,,,,,,D:/Backup/Mestrado/dados/JPR/dataset_jpr_train/dataset_jpr_train/3/001106
1957,"1,28E+73",jpr_dados,M,40.0,TOSHIBA,269.0,1.0,0.547,0.8000000000000004,1.0,0.0,True,,,,/home/neuro-source/main_source/datasets/sprap_2024_03/id_spr01957/id_spr01957_master_image.nii.gz,Normal,,,,,,,,D:/Backup/Mestrado/dados/JPR/dataset_jpr_train/dataset_jpr_train/2/001957
2159,"1,28E+73",jpr_dados,F,34.0,GE MEDICAL SYSTEMS,140.0,1.25,0.441406,1.25,1.0,-1024.0,True,,,,/home/neuro-source/main_source/datasets/sprap_2024_03/id_spr02159/id_spr02159_master_image.nii.gz,Normal,,,,,,,,D:/Backup/Mestrado/dados/JPR/dataset_jpr_train/dataset_jpr_train/2/002159
2072,"1,28E+73",jpr_dados,F,28.0,GE MEDICAL SYSTEMS,166.0,1.25,0.427734,1.0,1.0,-1024.0,True,,,,/home/neuro-source/main_source/datasets/sprap_2024_03/id_spr02072/id_spr02072_master_image.nii.gz,Normal,,,,,,,,D:/Backup/Mestrado/dados/JPR/dataset_jpr_train/dataset_jpr_train/2/002072
729,"1,28E+72",jpr_dados,F,39.0,Canon Medical Systems,176.0,2.0,0.429,1.0,1.0,0.0,True,,,,/home/neuro-source/main_source/datasets/sprap_2024_03/id_spr00729/id_spr00729_master_image.nii.gz,Normal,,,,,,,,D:/Backup/Mestrado/dados/JPR/dataset_jpr_train/dataset_jpr_train/3/000729
939,"1,28E+73",jpr_dados,M,52.0,GE MEDICAL SYSTEMS,145.0,1.25,0.574219,1.25,1.0,-1024.0,True,,,,/home/neuro-source/main_source/datasets/sprap_2024_03/id_spr00939/id_spr00939_master_image.nii.gz,Normal,,,,,,,,D:/Backup/Mestrado/dados/JPR/dataset_jpr_train/dataset_jpr_train/3/000939
1535,"1,28E+73",jpr_dados,M,39.0,GE MEDICAL SYSTEMS,166.0,1.25,0.443359,1.0,1.0,-1024.0,True,,,,/home/neuro-source/main_source/datasets/sprap_2024_03/id_spr01535/id_spr01535_master_image.nii.gz,Normal,,,,,,,,D:/Backup/Mestrado/dados/JPR/dataset_jpr_train/dataset_jpr_train/2/001535
2608,"1,28E+73",jpr_dados,F,22.0,GE MEDICAL SYSTEMS,123.0,2.5,0.4375,1.25,1.0,-1024.0,True,,,,/home/neuro-source/main_source/datasets/sprap_2024_03/id_spr02608/id_spr02608_master_image.nii.gz,Normal,,,,,,,,D:/Backup/Mestrado/dados/JPR/dataset_jpr_train/dataset_jpr_train/1/002608
2339,"1,28E+73",jpr_dados,F,51.0,GE MEDICAL SYSTEMS,250.0,1.25,0.445312,0.625,1.0,-1024.0,True,,,,/home/neuro-source/main_source/datasets/sprap_2024_03/id_spr02339/id_spr02339_master_image.nii.gz,Normal,,,,,,,,D:/Backup/Mestrado/dados/JPR/dataset_jpr_train/dataset_jpr_train/2/002339
1236,"1,28E+73",jpr_dados,F,32.0,GE MEDICAL SYSTEMS,165.0,1.25,0.472656,1.25,1.0,-1024.0,True,,,,/home/neuro-source/main_source/datasets/sprap_2024_03/id_spr01236/id_spr01236_master_image.nii.gz,Normal,,,,,,,,D:/Backup/Mestrado/dados/JPR/dataset_jpr_train/dataset_jpr_train/3/001236
2104,"1,28E+73",jpr_dados,F,48.0,GE MEDICAL SYSTEMS,151.0,1.25,0.488281,1.25,1.0,-1024.0,True,,,,/home/neuro-source/main_source/datasets/sprap_2024_03/id_spr02104/id_spr02104_master_image.nii.gz,Normal,,,,,,,,D:/Backup/Mestrado/dados/JPR/dataset_jpr_train/dataset_jpr_train/2/002104
2520,"1,28E+73",jpr_dados,F,50.0,GE MEDICAL SYSTEMS,141.0,2.5,0.488281011581,1.25,1.0,-1024.0,True,,,,/home/neuro-source/main_source/datasets/sprap_2024_03/id_spr02520/id_spr02520_master_image.nii.gz,Normal,,,,,,,,D:/Backup/Mestrado/dados/JPR/dataset_jpr_train/dataset_jpr_train/1/002520
383,"1,28E+73",jpr_dados,M,44.0,GE MEDICAL SYSTEMS,124.0,1.25,0.488281,1.25,1.0,-1024.0,True,,,,/home/neuro-source/main_source/datasets/sprap_2024_03/id_spr00383/id_spr00383_master_image.nii.gz,Normal,,,,,,,,D:/Backup/Mestrado/dados/JPR/dataset_jpr_train/dataset_jpr_train/3/000383
2572,"1,28E+73",jpr_dados,F,74.0,GE MEDICAL SYSTEMS,143.0,2.5,0.408203005791,1.25,1.0,-1024.0,True,,,,/home/neuro-source/main_source/datasets/sprap_2024_03/id_spr02572/id_spr02572_master_image.nii.gz,Normal,,,,,,,,D:/Backup/Mestrado/dados/JPR/dataset_jpr_train/dataset_jpr_train/1/002572
1855,"1,28E+73",jpr_dados,F,31.0,GE MEDICAL SYSTEMS,166.0,1.25,0.429688,1.0,1.0,-1024.0,True,,,,/home/neuro-source/main_source/datasets/sprap_2024_03/id_spr01855/id_spr01855_master_image.nii.gz,Normal,,,,,,,,D:/Backup/Mestrado/dados/JPR/dataset_jpr_train/dataset_jpr_train/2/001855
1286,"1,28E+73",jpr_dados,M,52.0,GE MEDICAL SYSTEMS,133.0,1.25,0.488281,1.25,1.0,-1024.0,True,,,,/home/neuro-source/main_source/datasets/sprap_2024_03/id_spr01286/id_spr01286_master_image.nii.gz,Normal,,,,,,,,D:/Backup/Mestrado/dados/JPR/dataset_jpr_train/dataset_jpr_train/3/001286
977,"1,28E+73",jpr_dados,F,18.0,Philips,170.0,2.0,0.48828125,0.999999997633136,1.0,-1024.0,True,,,,/home/neuro-source/main_source/datasets/sprap_2024_03/id_spr00977/id_spr00977_master_image.nii.gz,Normal,,,,,,,,D:/Backup/Mestrado/dados/JPR/dataset_jpr_train/dataset_jpr_train/3/000977
2328,"1,28E+73",jpr_dados,M,29.0,SIEMENS,215.0,2.0,0.58203125,1.0,1.0,-1024.0,True,,,,/home/neuro-source/main_source/datasets/sprap_2024_03/id_spr02328/id_spr02328_master_image.nii.gz,Normal,,,,,,,,D:/Backup/Mestrado/dados/JPR/dataset_jpr_train/dataset_jpr_train/2/002328
1343,"1,28E+73",jpr_dados,F,18.0,TOSHIBA,181.0,2.0,0.51,1.0,1.0,0.0,True,,,,/home/neuro-source/main_source/datasets/sprap_2024_03/id_spr01343/id_spr01343_master_image.nii.gz,Normal,,,,,,,,D:/Backup/Mestrado/dados/JPR/dataset_jpr_train/dataset_jpr_train/2/001343
2171,"1,28E+73",jpr_dados,F,31.0,SIEMENS,242.0,1.0,0.404296875,0.7000000000000002,1.0,-1024.0,True,,,,/home/neuro-source/main_source/datasets/sprap_2024_03/id_spr02171/id_spr02171_master_image.nii.gz,Normal,,,,,,,,D:/Backup/Mestrado/dados/JPR/dataset_jpr_train/dataset_jpr_train/2/002171
2522,"1,28E+73",jpr_dados,F,36.0,GE MEDICAL SYSTEMS,265.0,1.25,0.5625,0.625,1.0,-1024.0,True,,,,/home/neuro-source/main_source/datasets/sprap_2024_03/id_spr02522/id_spr02522_master_image.nii.gz,Normal,,,,,,,,D:/Backup/Mestrado/dados/JPR/dataset_jpr_train/dataset_jpr_train/1/002522
379,"1,28E+73",jpr_dados,F,24.0,GE MEDICAL SYSTEMS,133.0,1.25,0.488281,1.25,1.0,-1024.0,True,,,,/home/neuro-source/main_source/datasets/sprap_2024_03/id_spr00379/id_spr00379_master_image.nii.gz,Normal,,,,,,,,D:/Backup/Mestrado/dados/JPR/dataset_jpr_train/dataset_jpr_train/3/000379
771,"1,28E+73",jpr_dados,F,25.0,TOSHIBA,156.0,1.0,0.41,1.0,1.0,0.0,True,,,,/home/neuro-source/main_source/datasets/sprap_2024_03/id_spr00771/id_spr00771_master_image.nii.gz,Normal,,,,,,,,D:/Backup/Mestrado/dados/JPR/dataset_jpr_train/dataset_jpr_train/3/000771
1790,"1,28E+73",jpr_dados,F,37.0,SIEMENS,234.0,1.0,0.431640625,0.6999999999999998,1.0,-1024.0,True,,,,/home/neuro-source/main_source/datasets/sprap_2024_03/id_spr01790/id_spr01790_master_image.nii.gz,Normal,,,,,,,,D:/Backup/Mestrado/dados/JPR/dataset_jpr_train/dataset_jpr_train/2/001790
2454,"1,28E+73",jpr_dados,M,66.0,GE MEDICAL SYSTEMS,309.0,1.25,0.488281011581,0.625,1.0,-1024.0,True,,,,/home/neuro-source/main_source/datasets/sprap_2024_03/id_spr02454/id_spr02454_master_image.nii.gz,Normal,,,,,,,,D:/Backup/Mestrado/dados/JPR/dataset_jpr_train/dataset_jpr_train/1/002454
535,"1,28E+73",jpr_dados,F,38.0,Canon Medical Systems,161.0,2.0,0.429,1.0,1.0,0.0,True,,,,/home/neuro-source/main_source/datasets/sprap_2024_03/id_spr00535/id_spr00535_master_image.nii.gz,Normal,,,,,,,,D:/Backup/Mestrado/dados/JPR/dataset_jpr_train/dataset_jpr_train/3/000535
813,"1,28E+73",jpr_dados,F,38.0,GE MEDICAL SYSTEMS,141.0,1.25,0.427734,1.25,1.0,-1024.0,True,,,,/home/neuro-source/main_source/datasets/sprap_2024_03/id_spr00813/id_spr00813_master_image.nii.gz,Normal,,,,,,,,D:/Backup/Mestrado/dados/JPR/dataset_jpr_train/dataset_jpr_train/3/000813
2267,"1,28E+73",jpr_dados,M,40.0,TOSHIBA,194.0,2.0,0.534,1.0,1.0,0.0,True,,,,/home/neuro-source/main_source/datasets/sprap_2024_03/id_spr02267/id_spr02267_master_image.nii.gz,Normal,,,,,,,,D:/Backup/Mestrado/dados/JPR/dataset_jpr_train/dataset_jpr_train/2/002267
2558,"1,28E+73",jpr_dados,M,81.0,GE MEDICAL SYSTEMS,305.0,2.5,0.466796994209,0.625,1.0,-1024.0,True,,,,/home/neuro-source/main_source/datasets/sprap_2024_03/id_spr02558/id_spr02558_master_image.nii.gz,Normal,,,,,,,,D:/Backup/Mestrado/dados/JPR/dataset_jpr_train/dataset_jpr_train/1/002558
836,"1,28E+73",jpr_dados,F,47.0,GE MEDICAL SYSTEMS,139.0,1.25,0.488281,1.25,1.0,-1024.0,True,,,,/home/neuro-source/main_source/datasets/sprap_2024_03/id_spr00836/id_spr00836_master_image.nii.gz,Normal,,,,,,,,D:/Backup/Mestrado/dados/JPR/dataset_jpr_train/dataset_jpr_train/3/000836
2107,"1,28E+73",jpr_dados,F,44.0,Philips,238.0,1.5,0.46875,0.75,1.0,-1024.0,True,,,,/home/neuro-source/main_source/datasets/sprap_2024_03/id_spr02107/id_spr02107_master_image.nii.gz,Normal,,,,,,,,D:/Backup/Mestrado/dados/JPR/dataset_jpr_train/dataset_jpr_train/2/002107
1706,"1,28E+73",jpr_dados,M,21.0,TOSHIBA,207.0,1.0,0.393,0.8,1.0,0.0,True,,,,/home/neuro-source/main_source/datasets/sprap_2024_03/id_spr01706/id_spr01706_master_image.nii.gz,Normal,,,,,,,,D:/Backup/Mestrado/dados/JPR/dataset_jpr_train/dataset_jpr_train/2/001706
1580,"1,28E+73",jpr_dados,F,65.0,GE MEDICAL SYSTEMS,134.0,1.25,0.460938,1.25,1.0,-1024.0,True,,,,/home/neuro-source/main_source/datasets/sprap_2024_03/id_spr01580/id_spr01580_master_image.nii.gz,Normal,,,,,,,,D:/Backup/Mestrado/dados/JPR/dataset_jpr_train/dataset_jpr_train/2/001580
2404,"1,28E+73",jpr_dados,F,36.0,GE MEDICAL SYSTEMS,144.0,2.5,0.488281011581,1.25,1.0,-1024.0,True,,,,/home/neuro-source/main_source/datasets/sprap_2024_03/id_spr02404/id_spr02404_master_image.nii.gz,Normal,,,,,,,,D:/Backup/Mestrado/dados/JPR/dataset_jpr_train/dataset_jpr_train/1/002404
974,"1,28E+73",jpr_dados,F,38.0,GE MEDICAL SYSTEMS,137.0,1.25,0.455078,1.25,1.0,-1024.0,True,,,,/home/neuro-source/main_source/datasets/sprap_2024_03/id_spr00974/id_spr00974_master_image.nii.gz,Normal,,,,,,,,D:/Backup/Mestrado/dados/JPR/dataset_jpr_train/dataset_jpr_train/3/000974
1480,"1,28E+73",jpr_dados,F,37.0,SIEMENS,259.0,1.0,0.4140625,0.6999999999999998,1.0,-1024.0,True,,,,/home/neuro-source/main_source/datasets/sprap_2024_03/id_spr01480/id_spr01480_master_image.nii.gz,Normal,,,,,,,,D:/Backup/Mestrado/dados/JPR/dataset_jpr_train/dataset_jpr_train/2/001480
1622,"1,28E+73",jpr_dados,M,55.0,GE MEDICAL SYSTEMS,137.0,1.25,0.488281,1.25,1.0,-1024.0,True,,,,/home/neuro-source/main_source/datasets/sprap_2024_03/id_spr01622/id_spr01622_master_image.nii.gz,Normal,,,,,,,,D:/Backup/Mestrado/dados/JPR/dataset_jpr_train/dataset_jpr_train/2/001622
2121,"1,28E+73",jpr_dados,F,49.0,Philips,176.0,2.0,0.431640625,1.0,1.0,-1024.0,True,,,,/home/neuro-source/main_source/datasets/sprap_2024_03/id_spr02121/id_spr02121_master_image.nii.gz,Normal,,,,,,,,D:/Backup/Mestrado/dados/JPR/dataset_jpr_train/dataset_jpr_train/2/002121
1008,"1,28E+72",jpr_dados,M,21.0,TOSHIBA,161.0,1.0,0.448,1.0,1.0,0.0,True,,,,/home/neuro-source/main_source/datasets/sprap_2024_03/id_spr01008/id_spr01008_master_image.nii.gz,Normal,,,,,,,,D:/Backup/Mestrado/dados/JPR/dataset_jpr_train/dataset_jpr_train/3/001008
1071,"1,28E+73",jpr_dados,M,45.0,Philips,224.0,1.5,0.44921875,0.7500000008968609,1.0,-1024.0,True,,,,/home/neuro-source/main_source/datasets/sprap_2024_03/id_spr01071/id_spr01071_master_image.nii.gz,Normal,,,,,,,,D:/Backup/Mestrado/dados/JPR/dataset_jpr_train/dataset_jpr_train/3/001071
2523,"1,28E+72",jpr_dados,F,66.0,GE MEDICAL SYSTEMS,149.0,2.5,0.488281011581,1.25,1.0,-1024.0,True,,,,/home/neuro-source/main_source/datasets/sprap_2024_03/id_spr02523/id_spr02523_master_image.nii.gz,Normal,,,,,,,,D:/Backup/Mestrado/dados/JPR/dataset_jpr_train/dataset_jpr_train/1/002523
1064,"1,28E+73",jpr_dados,F,52.0,GE MEDICAL SYSTEMS,145.0,1.25,0.486328,1.25,1.0,-1024.0,True,,,,/home/neuro-source/main_source/datasets/sprap_2024_03/id_spr01064/id_spr01064_master_image.nii.gz,Normal,,,,,,,,D:/Backup/Mestrado/dados/JPR/dataset_jpr_train/dataset_jpr_train/3/001064
1231,"1,28E+73",jpr_dados,F,54.0,GE MEDICAL SYSTEMS,157.0,1.25,0.488281,1.25,1.0,-1024.0,True,,,,/home/neuro-source/main_source/datasets/sprap_2024_03/id_spr01231/id_spr01231_master_image.nii.gz,Normal,,,,,,,,D:/Backup/Mestrado/dados/JPR/dataset_jpr_train/dataset_jpr_train/3/001231
1289,"1,28E+73",jpr_dados,F,27.0,GE MEDICAL SYSTEMS,141.0,1.25,0.517578,1.25,1.0,-1024.0,True,,,,/home/neuro-source/main_source/datasets/sprap_2024_03/id_spr01289/id_spr01289_master_image.nii.gz,Normal,,,,,,,,D:/Backup/Mestrado/dados/JPR/dataset_jpr_train/dataset_jpr_train/3/001289
1121,"1,28E+73",jpr_dados,F,33.0,GE MEDICAL SYSTEMS,137.0,1.25,0.488281,1.25,1.0,-1024.0,True,,,,/home/neuro-source/main_source/datasets/sprap_2024_03/id_spr01121/id_spr01121_master_image.nii.gz,Normal,,,,,,,,D:/Backup/Mestrado/dados/JPR/dataset_jpr_train/dataset_jpr_train/3/001121
2225,"1,28E+73",jpr_dados,F,34.0,GE MEDICAL SYSTEMS,133.0,1.25,0.429688,1.25,1.0,-1024.0,True,,,,/home/neuro-source/main_source/datasets/sprap_2024_03/id_spr02225/id_spr02225_master_image.nii.gz,Normal,,,,,,,,D:/Backup/Mestrado/dados/JPR/dataset_jpr_train/dataset_jpr_train/2/002225
1068,"1,28E+73",jpr_dados,F,31.0,GE MEDICAL SYSTEMS,154.0,1.25,0.488281,1.25,1.0,-1024.0,True,,,,/home/neuro-source/main_source/datasets/sprap_2024_03/id_spr01068/id_spr01068_master_image.nii.gz,Normal,,,,,,,,D:/Backup/Mestrado/dados/JPR/dataset_jpr_train/dataset_jpr_train/3/001068
398,"1,28E+73",jpr_dados,F,24.0,GE MEDICAL SYSTEMS,133.0,1.25,0.488281,1.25,1.0,-1024.0,True,,,,/home/neuro-source/main_source/datasets/sprap_2024_03/id_spr00398/id_spr00398_master_image.nii.gz,Normal,,,,,,,,D:/Backup/Mestrado/dados/JPR/dataset_jpr_train/dataset_jpr_train/3/000398
908,"1,28E+72",jpr_dados,F,37.0,Philips,248.0,2.0,0.48828125,0.9999999983805667,1.0,-1024.0,True,,,,/home/neuro-source/main_source/datasets/sprap_2024_03/id_spr00908/id_spr00908_master_image.nii.gz,Normal,,,,,,,,D:/Backup/Mestrado/dados/JPR/dataset_jpr_train/dataset_jpr_train/3/000908
2083,"1,28E+73",jpr_dados,F,34.0,GE MEDICAL SYSTEMS,138.0,1.25,0.453125,1.25,1.0,-1024.0,True,,,,/home/neuro-source/main_source/datasets/sprap_2024_03/id_spr02083/id_spr02083_master_image.nii.gz,Normal,,,,,,,,D:/Backup/Mestrado/dados/JPR/dataset_jpr_train/dataset_jpr_train/2/002083
680,"1,28E+73",jpr_dados,M,36.0,GE MEDICAL SYSTEMS,129.0,1.25,0.488281,1.25,1.0,-1024.0,True,,,,/home/neuro-source/main_source/datasets/sprap_2024_03/id_spr00680/id_spr00680_master_image.nii.gz,Normal,,,,,,,,D:/Backup/Mestrado/dados/JPR/dataset_jpr_train/dataset_jpr_train/3/000680
1514,"1,28E+73",jpr_dados,F,64.0,TOSHIBA,206.0,2.0,0.384,1.0,1.0,0.0,True,,,,/home/neuro-source/main_source/datasets/sprap_2024_03/id_spr01514/id_spr01514_master_image.nii.gz,Normal,,,,,,,,D:/Backup/Mestrado/dados/JPR/dataset_jpr_train/dataset_jpr_train/2/001514
1667,"1,28E+73",jpr_dados,F,28.0,TOSHIBA,171.0,2.0,0.432,1.0,1.0,0.0,True,,,,/home/neuro-source/main_source/datasets/sprap_2024_03/id_spr01667/id_spr01667_master_image.nii.gz,Normal,,,,,,,,D:/Backup/Mestrado/dados/JPR/dataset_jpr_train/dataset_jpr_train/2/001667
888,"1,28E+73",jpr_dados,M,47.0,Canon Medical Systems,201.0,1.0,0.556,1.0,1.0,0.0,True,,,,/home/neuro-source/main_source/datasets/sprap_2024_03/id_spr00888/id_spr00888_master_image.nii.gz,Normal,,,,,,,,D:/Backup/Mestrado/dados/JPR/dataset_jpr_train/dataset_jpr_train/3/000888
945,"1,28E+73",jpr_dados,M,38.0,GE MEDICAL SYSTEMS,157.0,1.25,0.53125,1.25,1.0,-1024.0,True,,,,/home/neuro-source/main_source/datasets/sprap_2024_03/id_spr00945/id_spr00945_master_image.nii.gz,Normal,,,,,,,,D:/Backup/Mestrado/dados/JPR/dataset_jpr_train/dataset_jpr_train/3/000945
553,"1,28E+73",jpr_dados,M,41.0,GE MEDICAL SYSTEMS,149.0,1.25,0.488281,1.25,1.0,-1024.0,True,,,,/home/neuro-source/main_source/datasets/sprap_2024_03/id_spr00553/id_spr00553_master_image.nii.gz,Normal,,,,,,,,D:/Backup/Mestrado/dados/JPR/dataset_jpr_train/dataset_jpr_train/3/000553
2065,"1,28E+72",jpr_dados,F,54.0,TOSHIBA,232.0,1.0,0.471,0.8,1.0,0.0,True,,,,/home/neuro-source/main_source/datasets/sprap_2024_03/id_spr02065/id_spr02065_master_image.nii.gz,Normal,,,,,,,,D:/Backup/Mestrado/dados/JPR/dataset_jpr_train/dataset_jpr_train/2/002065
2540,"1,28E+73",jpr_dados,M,75.0,GE MEDICAL SYSTEMS,143.0,2.5,0.488281011581,1.25,1.0,-1024.0,True,,,,/home/neuro-source/main_source/datasets/sprap_2024_03/id_spr02540/id_spr02540_master_image.nii.gz,Normal,,,,,,,,D:/Backup/Mestrado/dados/JPR/dataset_jpr_train/dataset_jpr_train/1/002540
585,"1,28E+73",jpr_dados,M,39.0,Philips,186.0,2.0,0.48828125,0.9999999978378378,1.0,-1024.0,True,,,,/home/neuro-source/main_source/datasets/sprap_2024_03/id_spr00585/id_spr00585_master_image.nii.gz,Normal,,,,,,,,D:/Backup/Mestrado/dados/JPR/dataset_jpr_train/dataset_jpr_train/3/000585
1303,"1,28E+73",jpr_dados,F,55.0,GE MEDICAL SYSTEMS,139.0,1.25,0.46875,1.25,1.0,-1024.0,True,,,,/home/neuro-source/main_source/datasets/sprap_2024_03/id_spr01303/id_spr01303_master_image.nii.gz,Normal,,,,,,,,D:/Backup/Mestrado/dados/JPR/dataset_jpr_train/dataset_jpr_train/3/001303
2581,"1,28E+73",jpr_dados,M,73.0,GE MEDICAL SYSTEMS,253.0,1.25,0.625,0.625,1.0,-1024.0,True,,,,/home/neuro-source/main_source/datasets/sprap_2024_03/id_spr02581/id_spr02581_master_image.nii.gz,Normal,,,,,,,,D:/Backup/Mestrado/dados/JPR/dataset_jpr_train/dataset_jpr_train/1/002581
645,"1,28E+73",jpr_dados,F,28.0,GE MEDICAL SYSTEMS,149.0,1.25,0.488281,1.25,1.0,-1024.0,True,,,,/home/neuro-source/main_source/datasets/sprap_2024_03/id_spr00645/id_spr00645_master_image.nii.gz,Normal,,,,,,,,D:/Backup/Mestrado/dados/JPR/dataset_jpr_train/dataset_jpr_train/3/000645
2240,"1,28E+73",jpr_dados,F,56.0,GE MEDICAL SYSTEMS,161.0,1.25,0.488281,1.25,1.0,-1024.0,True,,,,/home/neuro-source/main_source/datasets/sprap_2024_03/id_spr02240/id_spr02240_master_image.nii.gz,Normal,,,,,,,,D:/Backup/Mestrado/dados/JPR/dataset_jpr_train/dataset_jpr_train/2/002240
949,"1,28E+72",jpr_dados,F,27.0,GE MEDICAL SYSTEMS,145.0,1.25,0.457031,1.25,1.0,-1024.0,True,,,,/home/neuro-source/main_source/datasets/sprap_2024_03/id_spr00949/id_spr00949_master_image.nii.gz,Normal,,,,,,,,D:/Backup/Mestrado/dados/JPR/dataset_jpr_train/dataset_jpr_train/3/000949
1035,"1,28E+73",jpr_dados,M,51.0,TOSHIBA,213.0,1.0,0.435,0.8000004716981132,1.0,0.0,True,,,,/home/neuro-source/main_source/datasets/sprap_2024_03/id_spr01035/id_spr01035_master_image.nii.gz,Normal,,,,,,,,D:/Backup/Mestrado/dados/JPR/dataset_jpr_train/dataset_jpr_train/3/001035
2177,"1,28E+73",jpr_dados,M,20.0,GE MEDICAL SYSTEMS,305.0,0.625,0.476562,0.625,1.0,-1024.0,True,,,,/home/neuro-source/main_source/datasets/sprap_2024_03/id_spr02177/id_spr02177_master_image.nii.gz,Normal,,,,,,,,D:/Backup/Mestrado/dados/JPR/dataset_jpr_train/dataset_jpr_train/2/002177
1669,"1,28E+73",jpr_dados,M,46.0,GE MEDICAL SYSTEMS,186.0,1.25,0.488281,1.0,1.0,-1024.0,True,,,,/home/neuro-source/main_source/datasets/sprap_2024_03/id_spr01669/id_spr01669_master_image.nii.gz,Normal,,,,,,,,D:/Backup/Mestrado/dados/JPR/dataset_jpr_train/dataset_jpr_train/2/001669
2052,"1,28E+73",jpr_dados,F,23.0,TOSHIBA,307.0,1.0,0.429,0.8,1.0,0.0,True,,,,/home/neuro-source/main_source/datasets/sprap_2024_03/id_spr02052/id_spr02052_master_image.nii.gz,Normal,,,,,,,,D:/Backup/Mestrado/dados/JPR/dataset_jpr_train/dataset_jpr_train/2/002052
539,"1,28E+73",jpr_dados,F,26.0,GE MEDICAL SYSTEMS,142.0,1.25,0.458984,1.25,1.0,-1024.0,True,,,,/home/neuro-source/main_source/datasets/sprap_2024_03/id_spr00539/id_spr00539_master_image.nii.gz,Normal,,,,,,,,D:/Backup/Mestrado/dados/JPR/dataset_jpr_train/dataset_jpr_train/3/000539
618,"1,28E+73",jpr_dados,F,22.0,GE MEDICAL SYSTEMS,145.0,1.25,0.488281,1.25,1.0,-1024.0,True,,,,/home/neuro-source/main_source/datasets/sprap_2024_03/id_spr00618/id_spr00618_master_image.nii.gz,Normal,,,,,,,,D:/Backup/Mestrado/dados/JPR/dataset_jpr_train/dataset_jpr_train/3/000618
2486,"1,28E+73",jpr_dados,M,59.0,GE MEDICAL SYSTEMS,309.0,1.25,0.488281011581,0.625,1.0,-1024.0,True,,,,/home/neuro-source/main_source/datasets/sprap_2024_03/id_spr02486/id_spr02486_master_image.nii.gz,Normal,,,,,,,,D:/Backup/Mestrado/dados/JPR/dataset_jpr_train/dataset_jpr_train/1/002486
2123,"1,28E+73",jpr_dados,F,25.0,Philips,184.0,2.0,0.43359375,1.0,1.0,-1024.0,True,,,,/home/neuro-source/main_source/datasets/sprap_2024_03/id_spr02123/id_spr02123_master_image.nii.gz,Normal,,,,,,,,D:/Backup/Mestrado/dados/JPR/dataset_jpr_train/dataset_jpr_train/2/002123
2510,"1,28E+73",jpr_dados,F,69.0,GE MEDICAL SYSTEMS,149.0,2.5,0.43164101243,1.25,1.0,-1024.0,True,,,,/home/neuro-source/main_source/datasets/sprap_2024_03/id_spr02510/id_spr02510_master_image.nii.gz,Normal,,,,,,,,D:/Backup/Mestrado/dados/JPR/dataset_jpr_train/dataset_jpr_train/1/002510
1279,"1,28E+73",jpr_dados,F,39.0,GE MEDICAL SYSTEMS,141.0,1.25,0.488281,1.25,1.0,-1024.0,True,,,,/home/neuro-source/main_source/datasets/sprap_2024_03/id_spr01279/id_spr01279_master_image.nii.gz,Normal,,,,,,,,D:/Backup/Mestrado/dados/JPR/dataset_jpr_train/dataset_jpr_train/3/001279
1100,"1,28E+73",jpr_dados,M,32.0,Canon Medical Systems,231.0,1.0,0.512,1.0,1.0,0.0,True,,,,/home/neuro-source/main_source/datasets/sprap_2024_03/id_spr01100/id_spr01100_master_image.nii.gz,Normal,,,,,,,,D:/Backup/Mestrado/dados/JPR/dataset_jpr_train/dataset_jpr_train/3/001100
1454,"1,28E+73",jpr_dados,M,42.0,TOSHIBA,238.0,1.0,0.424,0.8,1.0,0.0,True,,,,/home/neuro-source/main_source/datasets/sprap_2024_03/id_spr01454/id_spr01454_master_image.nii.gz,Normal,,,,,,,,D:/Backup/Mestrado/dados/JPR/dataset_jpr_train/dataset_jpr_train/2/001454
1187,"1,28E+73",jpr_dados,F,22.0,GE MEDICAL SYSTEMS,145.0,1.25,0.488281,1.25,1.0,-1024.0,True,,,,/home/neuro-source/main_source/datasets/sprap_2024_03/id_spr01187/id_spr01187_master_image.nii.gz,Normal,,,,,,,,D:/Backup/Mestrado/dados/JPR/dataset_jpr_train/dataset_jpr_train/3/001187
1740,"1,28E+73",jpr_dados,F,27.0,GE MEDICAL SYSTEMS,202.0,1.25,0.458984,0.9,1.0,-1024.0,True,,,,/home/neuro-source/main_source/datasets/sprap_2024_03/id_spr01740/id_spr01740_master_image.nii.gz,Normal,,,,,,,,D:/Backup/Mestrado/dados/JPR/dataset_jpr_train/dataset_jpr_train/2/001740
795,"1,28E+73",jpr_dados,F,33.0,Canon Medical Systems,186.0,2.0,0.473,1.0,1.0,0.0,True,,,,/home/neuro-source/main_source/datasets/sprap_2024_03/id_spr00795/id_spr00795_master_image.nii.gz,Normal,,,,,,,,D:/Backup/Mestrado/dados/JPR/dataset_jpr_train/dataset_jpr_train/3/000795
1330,"1,28E+73",jpr_dados,F,55.0,TOSHIBA,207.0,1.0,0.382,0.8,1.0,0.0,True,,,,/home/neuro-source/main_source/datasets/sprap_2024_03/id_spr01330/id_spr01330_master_image.nii.gz,Normal,,,,,,,,D:/Backup/Mestrado/dados/JPR/dataset_jpr_train/dataset_jpr_train/2/001330
1550,"1,28E+73",jpr_dados,F,40.0,TOSHIBA,207.0,1.0,0.429,0.8,1.0,0.0,True,,,,/home/neuro-source/main_source/datasets/sprap_2024_03/id_spr01550/id_spr01550_master_image.nii.gz,Normal,,,,,,,,D:/Backup/Mestrado/dados/JPR/dataset_jpr_train/dataset_jpr_train/2/001550
1451,"1,28E+73",jpr_dados,F,45.0,GE MEDICAL SYSTEMS,186.0,1.25,0.429688,1.0,1.0,-1024.0,True,,,,/home/neuro-source/main_source/datasets/sprap_2024_03/id_spr01451/id_spr01451_master_image.nii.gz,Normal,,,,,,,,D:/Backup/Mestrado/dados/JPR/dataset_jpr_train/dataset_jpr_train/2/001451
1238,"1,28E+73",jpr_dados,F,30.0,GE MEDICAL SYSTEMS,321.0,0.625,0.548828,0.625,1.0,-1024.0,True,,,,/home/neuro-source/main_source/datasets/sprap_2024_03/id_spr01238/id_spr01238_master_image.nii.gz,Normal,,,,,,,,D:/Backup/Mestrado/dados/JPR/dataset_jpr_train/dataset_jpr_train/3/001238
2639,"1,28E+73",jpr_dados,F,74.0,GE MEDICAL SYSTEMS,137.0,2.5,0.455078005791,1.25,1.0,-1024.0,True,,,,/home/neuro-source/main_source/datasets/sprap_2024_03/id_spr02639/id_spr02639_master_image.nii.gz,Normal,,,,,,,,D:/Backup/Mestrado/dados/JPR/dataset_jpr_train/dataset_jpr_train/1/002639
507,"1,28E+73",jpr_dados,F,30.0,TOSHIBA,166.0,1.0,0.429,1.0,1.0,0.0,True,,,,/home/neuro-source/main_source/datasets/sprap_2024_03/id_spr00507/id_spr00507_master_image.nii.gz,Normal,,,,,,,,D:/Backup/Mestrado/dados/JPR/dataset_jpr_train/dataset_jpr_train/3/000507
2259,"1,28E+73",jpr_dados,F,23.0,Philips,162.0,2.0,0.369140625,1.0,1.0,-1024.0,True,,,,/home/neuro-source/main_source/datasets/sprap_2024_03/id_spr02259/id_spr02259_master_image.nii.gz,Normal,,,,,,,,D:/Backup/Mestrado/dados/JPR/dataset_jpr_train/dataset_jpr_train/2/002259
1857,"1,28E+73",jpr_dados,F,31.0,SIEMENS,244.0,1.0,0.404296875,0.6999999999999996,1.0,-1024.0,True,,,,/home/neuro-source/main_source/datasets/sprap_2024_03/id_spr01857/id_spr01857_master_image.nii.gz,Normal,,,,,,,,D:/Backup/Mestrado/dados/JPR/dataset_jpr_train/dataset_jpr_train/2/001857
1184,"1,28E+72",jpr_dados,F,36.0,GE MEDICAL SYSTEMS,149.0,1.25,0.488281,1.25,1.0,-1024.0,True,,,,/home/neuro-source/main_source/datasets/sprap_2024_03/id_spr01184/id_spr01184_master_image.nii.gz,Normal,,,,,,,,D:/Backup/Mestrado/dados/JPR/dataset_jpr_train/dataset_jpr_train/3/001184
870,"1,28E+73",jpr_dados,F,31.0,GE MEDICAL SYSTEMS,157.0,1.25,0.605469,1.25,1.0,-1024.0,True,,,,/home/neuro-source/main_source/datasets/sprap_2024_03/id_spr00870/id_spr00870_master_image.nii.gz,Normal,,,,,,,,D:/Backup/Mestrado/dados/JPR/dataset_jpr_train/dataset_jpr_train/3/000870
429,"1,28E+73",jpr_dados,M,58.0,Philips,225.0,2.0,0.48828125,0.9999999982142856,1.0,-1024.0,True,,,,/home/neuro-source/main_source/datasets/sprap_2024_03/id_spr00429/id_spr00429_master_image.nii.gz,Normal,,,,,,,,D:/Backup/Mestrado/dados/JPR/dataset_jpr_train/dataset_jpr_train/3/000429
1561,"1,28E+73",jpr_dados,F,25.0,GE MEDICAL SYSTEMS,151.0,1.25,0.472656,1.25,1.0,-1024.0,True,,,,/home/neuro-source/main_source/datasets/sprap_2024_03/id_spr01561/id_spr01561_master_image.nii.gz,Normal,,,,,,,,D:/Backup/Mestrado/dados/JPR/dataset_jpr_train/dataset_jpr_train/2/001561
1959,"1,28E+73",jpr_dados,F,40.0,TOSHIBA,251.0,1.0,0.449,0.8,1.0,0.0,True,,,,/home/neuro-source/main_source/datasets/sprap_2024_03/id_spr01959/id_spr01959_master_image.nii.gz,Normal,,,,,,,,D:/Backup/Mestrado/dados/JPR/dataset_jpr_train/dataset_jpr_train/2/001959
1249,"1,28E+73",jpr_dados,M,54.0,GE MEDICAL SYSTEMS,153.0,1.25,0.486328,1.25,1.0,-1024.0,True,,,,/home/neuro-source/main_source/datasets/sprap_2024_03/id_spr01249/id_spr01249_master_image.nii.gz,Normal,,,,,,,,D:/Backup/Mestrado/dados/JPR/dataset_jpr_train/dataset_jpr_train/3/001249
1935,"1,28E+71",jpr_dados,F,21.0,GE MEDICAL SYSTEMS,142.0,1.25,0.457031,1.25,1.0,-1024.0,True,,,,/home/neuro-source/main_source/datasets/sprap_2024_03/id_spr01935/id_spr01935_master_image.nii.gz,Normal,,,,,,,,D:/Backup/Mestrado/dados/JPR/dataset_jpr_train/dataset_jpr_train/2/001935
897,"1,28E+72",jpr_dados,F,47.0,GE MEDICAL SYSTEMS,149.0,1.25,0.503906,1.25,1.0,-1024.0,True,,,,/home/neuro-source/main_source/datasets/sprap_2024_03/id_spr00897/id_spr00897_master_image.nii.gz,Normal,,,,,,,,D:/Backup/Mestrado/dados/JPR/dataset_jpr_train/dataset_jpr_train/3/000897
1701,"1,28E+73",jpr_dados,F,38.0,SIEMENS,272.0,1.0,0.44921875,0.7,1.0,-1024.0,True,,,,/home/neuro-source/main_source/datasets/sprap_2024_03/id_spr01701/id_spr01701_master_image.nii.gz,Normal,,,,,,,,D:/Backup/Mestrado/dados/JPR/dataset_jpr_train/dataset_jpr_train/2/001701
744,"1,28E+73",jpr_dados,F,40.0,GE MEDICAL SYSTEMS,137.0,1.25,0.441406,1.25,1.0,-1024.0,True,,,,/home/neuro-source/main_source/datasets/sprap_2024_03/id_spr00744/id_spr00744_master_image.nii.gz,Normal,,,,,,,,D:/Backup/Mestrado/dados/JPR/dataset_jpr_train/dataset_jpr_train/3/000744
1627,"1,28E+73",jpr_dados,F,28.0,SIEMENS,234.0,1.0,0.42578125,0.6999999999999996,1.0,-1024.0,True,,,,/home/neuro-source/main_source/datasets/sprap_2024_03/id_spr01627/id_spr01627_master_image.nii.gz,Normal,,,,,,,,D:/Backup/Mestrado/dados/JPR/dataset_jpr_train/dataset_jpr_train/2/001627
985,"1,28E+73",jpr_dados,M,20.0,Philips,244.0,1.5,0.478515625,0.75,1.0,-1024.0,True,,,,/home/neuro-source/main_source/datasets/sprap_2024_03/id_spr00985/id_spr00985_master_image.nii.gz,Normal,,,,,,,,D:/Backup/Mestrado/dados/JPR/dataset_jpr_train/dataset_jpr_train/3/000985
773,"1,28E+72",jpr_dados,F,31.0,GE MEDICAL SYSTEMS,153.0,1.25,0.46875,1.25,1.0,-1024.0,True,,,,/home/neuro-source/main_source/datasets/sprap_2024_03/id_spr00773/id_spr00773_master_image.nii.gz,Normal,,,,,,,,D:/Backup/Mestrado/dados/JPR/dataset_jpr_train/dataset_jpr_train/3/000773
2565,"1,28E+73",jpr_dados,M,71.0,GE MEDICAL SYSTEMS,137.0,2.5,0.488281011581,1.25,1.0,-1024.0,True,,,,/home/neuro-source/main_source/datasets/sprap_2024_03/id_spr02565/id_spr02565_master_image.nii.gz,Normal,,,,,,,,D:/Backup/Mestrado/dados/JPR/dataset_jpr_train/dataset_jpr_train/1/002565
2084,"1,28E+73",jpr_dados,F,23.0,GE MEDICAL SYSTEMS,136.0,1.25,0.488281,1.25,1.0,-1024.0,True,,,,/home/neuro-source/main_source/datasets/sprap_2024_03/id_spr02084/id_spr02084_master_image.nii.gz,Normal,,,,,,,,D:/Backup/Mestrado/dados/JPR/dataset_jpr_train/dataset_jpr_train/2/002084
1350,"1,28E+73",jpr_dados,F,56.0,TOSHIBA,171.0,2.0,0.449,1.0,1.0,0.0,True,,,,/home/neuro-source/main_source/datasets/sprap_2024_03/id_spr01350/id_spr01350_master_image.nii.gz,Normal,,,,,,,,D:/Backup/Mestrado/dados/JPR/dataset_jpr_train/dataset_jpr_train/2/001350
1429,"1,28E+73",jpr_dados,F,39.0,GE MEDICAL SYSTEMS,129.0,1.25,0.40625,1.25,1.0,-1024.0,True,,,,/home/neuro-source/main_source/datasets/sprap_2024_03/id_spr01429/id_spr01429_master_image.nii.gz,Normal,,,,,,,,D:/Backup/Mestrado/dados/JPR/dataset_jpr_train/dataset_jpr_train/2/001429
702,"1,28E+72",jpr_dados,F,42.0,Canon Medical Systems,181.0,2.0,0.429,1.0,1.0,0.0,True,,,,/home/neuro-source/main_source/datasets/sprap_2024_03/id_spr00702/id_spr00702_master_image.nii.gz,Normal,,,,,,,,D:/Backup/Mestrado/dados/JPR/dataset_jpr_train/dataset_jpr_train/3/000702
1676,"1,28E+73",jpr_dados,M,20.0,TOSHIBA,238.0,1.0,0.449,0.8,1.0,0.0,True,,,,/home/neuro-source/main_source/datasets/sprap_2024_03/id_spr01676/id_spr01676_master_image.nii.gz,Normal,,,,,,,,D:/Backup/Mestrado/dados/JPR/dataset_jpr_train/dataset_jpr_train/2/001676
1840,"1,28E+73",jpr_dados,M,51.0,GE MEDICAL SYSTEMS,385.0,0.625,0.488281,0.625,1.0,-1024.0,True,,,,/home/neuro-source/main_source/datasets/sprap_2024_03/id_spr01840/id_spr01840_master_image.nii.gz,Normal,,,,,,,,D:/Backup/Mestrado/dados/JPR/dataset_jpr_train/dataset_jpr_train/2/001840
613,"1,28E+73",jpr_dados,F,24.0,GE MEDICAL SYSTEMS,133.0,1.25,0.548828,1.25,1.0,-1024.0,True,,,,/home/neuro-source/main_source/datasets/sprap_2024_03/id_spr00613/id_spr00613_master_image.nii.gz,Normal,,,,,,,,D:/Backup/Mestrado/dados/JPR/dataset_jpr_train/dataset_jpr_train/3/000613
1774,"1,28E+73",jpr_dados,F,57.0,GE MEDICAL SYSTEMS,145.0,1.25,0.439453,1.25,1.0,-1024.0,True,,,,/home/neuro-source/main_source/datasets/sprap_2024_03/id_spr01774/id_spr01774_master_image.nii.gz,Normal,,,,,,,,D:/Backup/Mestrado/dados/JPR/dataset_jpr_train/dataset_jpr_train/2/001774
1410,"1,28E+73",jpr_dados,F,40.0,GE MEDICAL SYSTEMS,186.0,1.25,0.478516,1.0,1.0,-1024.0,True,,,,/home/neuro-source/main_source/datasets/sprap_2024_03/id_spr01410/id_spr01410_master_image.nii.gz,Normal,,,,,,,,D:/Backup/Mestrado/dados/JPR/dataset_jpr_train/dataset_jpr_train/2/001410
1731,"1,28E+73",jpr_dados,M,28.0,GE MEDICAL SYSTEMS,149.0,1.25,0.480469,1.25,1.0,-1024.0,True,,,,/home/neuro-source/main_source/datasets/sprap_2024_03/id_spr01731/id_spr01731_master_image.nii.gz,Normal,,,,,,,,D:/Backup/Mestrado/dados/JPR/dataset_jpr_train/dataset_jpr_train/2/001731
2420,"1,28E+73",jpr_dados,F,39.0,GE MEDICAL SYSTEMS,135.0,2.5,0.421875,1.25,1.0,-1024.0,True,,,,/home/neuro-source/main_source/datasets/sprap_2024_03/id_spr02420/id_spr02420_master_image.nii.gz,Normal,,,,,,,,D:/Backup/Mestrado/dados/JPR/dataset_jpr_train/dataset_jpr_train/1/002420
1005,"1,28E+73",jpr_dados,F,33.0,GE MEDICAL SYSTEMS,127.0,1.25,0.488281,1.25,1.0,-1024.0,True,,,,/home/neuro-source/main_source/datasets/sprap_2024_03/id_spr01005/id_spr01005_master_image.nii.gz,Normal,,,,,,,,D:/Backup/Mestrado/dados/JPR/dataset_jpr_train/dataset_jpr_train/3/001005
916,"1,28E+73",jpr_dados,M,24.0,GE MEDICAL SYSTEMS,141.0,1.25,0.625,1.25,1.0,-1024.0,True,,,,/home/neuro-source/main_source/datasets/sprap_2024_03/id_spr00916/id_spr00916_master_image.nii.gz,Normal,,,,,,,,D:/Backup/Mestrado/dados/JPR/dataset_jpr_train/dataset_jpr_train/3/000916
2153,"1,28E+73",jpr_dados,F,32.0,GE MEDICAL SYSTEMS,153.0,1.25,0.433594,1.25,1.0,-1024.0,True,,,,/home/neuro-source/main_source/datasets/sprap_2024_03/id_spr02153/id_spr02153_master_image.nii.gz,Normal,,,,,,,,D:/Backup/Mestrado/dados/JPR/dataset_jpr_train/dataset_jpr_train/2/002153
2610,"1,28E+73",jpr_dados,F,61.0,TOSHIBA,171.0,2.0,0.488000005484,1.0,1.0,0.0,True,,,,/home/neuro-source/main_source/datasets/sprap_2024_03/id_spr02610/id_spr02610_master_image.nii.gz,Normal,,,,,,,,D:/Backup/Mestrado/dados/JPR/dataset_jpr_train/dataset_jpr_train/1/002610
441,"1,28E+73",jpr_dados,F,59.0,GE MEDICAL SYSTEMS,141.0,1.25,0.488281,1.25,1.0,-1024.0,True,,,,/home/neuro-source/main_source/datasets/sprap_2024_03/id_spr00441/id_spr00441_master_image.nii.gz,Normal,,,,,,,,D:/Backup/Mestrado/dados/JPR/dataset_jpr_train/dataset_jpr_train/3/000441
2604,"1,28E+73",jpr_dados,F,84.0,GE MEDICAL SYSTEMS,265.0,1.25,0.625,0.625,1.0,-1024.0,True,,,,/home/neuro-source/main_source/datasets/sprap_2024_03/id_spr02604/id_spr02604_master_image.nii.gz,Normal,,,,,,,,D:/Backup/Mestrado/dados/JPR/dataset_jpr_train/dataset_jpr_train/1/002604
2310,"1,28E+73",jpr_dados,F,22.0,TOSHIBA,176.0,2.0,0.41,1.0,1.0,0.0,True,,,,/home/neuro-source/main_source/datasets/sprap_2024_03/id_spr02310/id_spr02310_master_image.nii.gz,Normal,,,,,,,,D:/Backup/Mestrado/dados/JPR/dataset_jpr_train/dataset_jpr_train/2/002310
1031,"1,28E+72",jpr_dados,F,43.0,GE MEDICAL SYSTEMS,149.0,1.25,0.488281,1.25,1.0,-1024.0,True,,,,/home/neuro-source/main_source/datasets/sprap_2024_03/id_spr01031/id_spr01031_master_image.nii.gz,Normal,,,,,,,,D:/Backup/Mestrado/dados/JPR/dataset_jpr_train/dataset_jpr_train/3/001031
2439,"1,28E+73",jpr_dados,F,42.0,GE MEDICAL SYSTEMS,293.0,1.25,0.47460898757,0.625,1.0,-1024.0,True,,,,/home/neuro-source/main_source/datasets/sprap_2024_03/id_spr02439/id_spr02439_master_image.nii.gz,Normal,,,,,,,,D:/Backup/Mestrado/dados/JPR/dataset_jpr_train/dataset_jpr_train/1/002439
853,"1,28E+72",jpr_dados,F,37.0,GE MEDICAL SYSTEMS,133.0,1.25,0.488281,1.25,1.0,-1024.0,True,,,,/home/neuro-source/main_source/datasets/sprap_2024_03/id_spr00853/id_spr00853_master_image.nii.gz,Normal,,,,,,,,D:/Backup/Mestrado/dados/JPR/dataset_jpr_train/dataset_jpr_train/3/000853
1856,"1,28E+73",jpr_dados,M,19.0,GE MEDICAL SYSTEMS,138.0,1.25,0.443359,1.25,1.0,-1024.0,True,,,,/home/neuro-source/main_source/datasets/sprap_2024_03/id_spr01856/id_spr01856_master_image.nii.gz,Normal,,,,,,,,D:/Backup/Mestrado/dados/JPR/dataset_jpr_train/dataset_jpr_train/2/001856
1016,"1,28E+72",jpr_dados,F,44.0,GE MEDICAL SYSTEMS,133.0,1.25,0.478516,1.25,1.0,-1024.0,True,,,,/home/neuro-source/main_source/datasets/sprap_2024_03/id_spr01016/id_spr01016_master_image.nii.gz,Normal,,,,,,,,D:/Backup/Mestrado/dados/JPR/dataset_jpr_train/dataset_jpr_train/3/001016
2624,"1,28E+73",jpr_dados,F,79.0,GE MEDICAL SYSTEMS,159.0,2.5,0.488281011581,1.25,1.0,-1024.0,True,,,,/home/neuro-source/main_source/datasets/sprap_2024_03/id_spr02624/id_spr02624_master_image.nii.gz,Normal,,,,,,,,D:/Backup/Mestrado/dados/JPR/dataset_jpr_train/dataset_jpr_train/1/002624
1315,"1,28E+73",jpr_dados,M,54.0,GE MEDICAL SYSTEMS,281.0,0.625,0.451172,0.625,1.0,-1024.0,True,,,,/home/neuro-source/main_source/datasets/sprap_2024_03/id_spr01315/id_spr01315_master_image.nii.gz,Normal,,,,,,,,D:/Backup/Mestrado/dados/JPR/dataset_jpr_train/dataset_jpr_train/3/001315
1386,"1,28E+73",jpr_dados,F,39.0,GE MEDICAL SYSTEMS,139.0,1.25,0.455078,1.25,1.0,-1024.0,True,,,,/home/neuro-source/main_source/datasets/sprap_2024_03/id_spr01386/id_spr01386_master_image.nii.gz,Normal,,,,,,,,D:/Backup/Mestrado/dados/JPR/dataset_jpr_train/dataset_jpr_train/2/001386
1714,"1,28E+73",jpr_dados,F,44.0,GE MEDICAL SYSTEMS,138.0,1.25,0.402344,1.25,1.0,-1024.0,True,,,,/home/neuro-source/main_source/datasets/sprap_2024_03/id_spr01714/id_spr01714_master_image.nii.gz,Normal,,,,,,,,D:/Backup/Mestrado/dados/JPR/dataset_jpr_train/dataset_jpr_train/2/001714
2412,"1,28E+73",jpr_dados,F,51.0,GE MEDICAL SYSTEMS,159.0,2.5,0.488281011581,1.25,1.0,-1024.0,True,,,,/home/neuro-source/main_source/datasets/sprap_2024_03/id_spr02412/id_spr02412_master_image.nii.gz,Normal,,,,,,,,D:/Backup/Mestrado/dados/JPR/dataset_jpr_train/dataset_jpr_train/1/002412
1268,"1,28E+73",jpr_dados,F,31.0,GE MEDICAL SYSTEMS,136.0,1.25,0.53125,1.25,1.0,-1024.0,True,,,,/home/neuro-source/main_source/datasets/sprap_2024_03/id_spr01268/id_spr01268_master_image.nii.gz,Normal,,,,,,,,D:/Backup/Mestrado/dados/JPR/dataset_jpr_train/dataset_jpr_train/3/001268
1971,"1,28E+73",jpr_dados,M,29.0,TOSHIBA,176.0,2.0,0.449,1.0,1.0,0.0,True,,,,/home/neuro-source/main_source/datasets/sprap_2024_03/id_spr01971/id_spr01971_master_image.nii.gz,Normal,,,,,,,,D:/Backup/Mestrado/dados/JPR/dataset_jpr_train/dataset_jpr_train/2/001971
2325,"1,28E+73",jpr_dados,M,37.0,TOSHIBA,181.0,2.0,0.439,1.0,1.0,0.0,True,,,,/home/neuro-source/main_source/datasets/sprap_2024_03/id_spr02325/id_spr02325_master_image.nii.gz,Normal,,,,,,,,D:/Backup/Mestrado/dados/JPR/dataset_jpr_train/dataset_jpr_train/2/002325
1284,"1,28E+73",jpr_dados,M,23.0,Philips,183.0,2.0,0.50390625,1.0,1.0,-1024.0,True,,,,/home/neuro-source/main_source/datasets/sprap_2024_03/id_spr01284/id_spr01284_master_image.nii.gz,Normal,,,,,,,,D:/Backup/Mestrado/dados/JPR/dataset_jpr_train/dataset_jpr_train/3/001284
1293,"1,28E+73",jpr_dados,M,33.0,GE MEDICAL SYSTEMS,157.0,1.25,0.595703,1.25,1.0,-1024.0,True,,,,/home/neuro-source/main_source/datasets/sprap_2024_03/id_spr01293/id_spr01293_master_image.nii.gz,Normal,,,,,,,,D:/Backup/Mestrado/dados/JPR/dataset_jpr_train/dataset_jpr_train/3/001293
1392,"1,28E+73",jpr_dados,M,55.0,GE MEDICAL SYSTEMS,135.0,1.25,0.488281,1.25,1.0,-1024.0,True,,,,/home/neuro-source/main_source/datasets/sprap_2024_03/id_spr01392/id_spr01392_master_image.nii.gz,Normal,,,,,,,,D:/Backup/Mestrado/dados/JPR/dataset_jpr_train/dataset_jpr_train/2/001392
1801,"1,28E+73",jpr_dados,F,24.0,SIEMENS,251.0,1.0,0.40625,0.7,1.0,-1024.0,True,,,,/home/neuro-source/main_source/datasets/sprap_2024_03/id_spr01801/id_spr01801_master_image.nii.gz,Normal,,,,,,,,D:/Backup/Mestrado/dados/JPR/dataset_jpr_train/dataset_jpr_train/2/001801
419,"1,28E+73",jpr_dados,F,61.0,GE MEDICAL SYSTEMS,133.0,1.25,0.476562,1.25,1.0,-1024.0,True,,,,/home/neuro-source/main_source/datasets/sprap_2024_03/id_spr00419/id_spr00419_master_image.nii.gz,Normal,,,,,,,,D:/Backup/Mestrado/dados/JPR/dataset_jpr_train/dataset_jpr_train/3/000419
526,"1,28E+73",jpr_dados,F,27.0,GE MEDICAL SYSTEMS,145.0,1.25,0.539062,1.25,1.0,-1024.0,True,,,,/home/neuro-source/main_source/datasets/sprap_2024_03/id_spr00526/id_spr00526_master_image.nii.gz,Normal,,,,,,,,D:/Backup/Mestrado/dados/JPR/dataset_jpr_train/dataset_jpr_train/3/000526
1723,"1,28E+73",jpr_dados,M,41.0,GE MEDICAL SYSTEMS,297.0,0.625,0.507812,0.625,1.0,-1024.0,True,,,,/home/neuro-source/main_source/datasets/sprap_2024_03/id_spr01723/id_spr01723_master_image.nii.gz,Normal,,,,,,,,D:/Backup/Mestrado/dados/JPR/dataset_jpr_train/dataset_jpr_train/2/001723
2272,"1,28E+73",jpr_dados,F,54.0,TOSHIBA,166.0,2.0,0.43,1.0,1.0,0.0,True,,,,/home/neuro-source/main_source/datasets/sprap_2024_03/id_spr02272/id_spr02272_master_image.nii.gz,Normal,,,,,,,,D:/Backup/Mestrado/dados/JPR/dataset_jpr_train/dataset_jpr_train/2/002272
1379,"1,28E+73",jpr_dados,F,54.0,GE MEDICAL SYSTEMS,136.0,1.25,0.410156,1.25,1.0,-1024.0,True,,,,/home/neuro-source/main_source/datasets/sprap_2024_03/id_spr01379/id_spr01379_master_image.nii.gz,Normal,,,,,,,,D:/Backup/Mestrado/dados/JPR/dataset_jpr_train/dataset_jpr_train/2/001379
661,"1,28E+73",jpr_dados,M,60.0,GE MEDICAL SYSTEMS,151.0,1.25,0.488281,1.25,1.0,-1024.0,True,,,,/home/neuro-source/main_source/datasets/sprap_2024_03/id_spr00661/id_spr00661_master_image.nii.gz,Normal,,,,,,,,D:/Backup/Mestrado/dados/JPR/dataset_jpr_train/dataset_jpr_train/3/000661
634,"1,28E+73",jpr_dados,F,57.0,Philips,195.0,2.0,0.462890625,10.000.000.010.309.200,1.0,-1024.0,True,,,,/home/neuro-source/main_source/datasets/sprap_2024_03/id_spr00634/id_spr00634_master_image.nii.gz,Normal,,,,,,,,D:/Backup/Mestrado/dados/JPR/dataset_jpr_train/dataset_jpr_train/3/000634
817,"1,28E+73",jpr_dados,M,45.0,GE MEDICAL SYSTEMS,149.0,1.25,0.488281,1.25,1.0,-1024.0,True,,,,/home/neuro-source/main_source/datasets/sprap_2024_03/id_spr00817/id_spr00817_master_image.nii.gz,Normal,,,,,,,,D:/Backup/Mestrado/dados/JPR/dataset_jpr_train/dataset_jpr_train/3/000817
1047,"1,28E+73",jpr_dados,M,37.0,GE MEDICAL SYSTEMS,157.0,1.25,0.488281,1.25,1.0,-1024.0,True,,,,/home/neuro-source/main_source/datasets/sprap_2024_03/id_spr01047/id_spr01047_master_image.nii.gz,Normal,,,,,,,,D:/Backup/Mestrado/dados/JPR/dataset_jpr_train/dataset_jpr_train/3/001047
497,"1,28E+73",jpr_dados,M,52.0,GE MEDICAL SYSTEMS,160.0,1.25,0.488281,1.25,1.0,-1024.0,True,,,,/home/neuro-source/main_source/datasets/sprap_2024_03/id_spr00497/id_spr00497_master_image.nii.gz,Normal,,,,,,,,D:/Backup/Mestrado/dados/JPR/dataset_jpr_train/dataset_jpr_train/3/000497
2205,"1,28E+73",jpr_dados,F,36.0,GE MEDICAL SYSTEMS,144.0,1.25,0.439453,1.25,1.0,-1024.0,True,,,,/home/neuro-source/main_source/datasets/sprap_2024_03/id_spr02205/id_spr02205_master_image.nii.gz,Normal,,,,,,,,D:/Backup/Mestrado/dados/JPR/dataset_jpr_train/dataset_jpr_train/2/002205
1645,"1,28E+73",jpr_dados,F,32.0,GE MEDICAL SYSTEMS,144.0,1.25,0.425781,1.25,1.0,-1024.0,True,,,,/home/neuro-source/main_source/datasets/sprap_2024_03/id_spr01645/id_spr01645_master_image.nii.gz,Normal,,,,,,,,D:/Backup/Mestrado/dados/JPR/dataset_jpr_train/dataset_jpr_train/2/001645
378,"1,28E+73",jpr_dados,M,40.0,Canon Medical Systems,181.0,2.0,0.478,1.0,1.0,0.0,True,,,,/home/neuro-source/main_source/datasets/sprap_2024_03/id_spr00378/id_spr00378_master_image.nii.gz,Normal,,,,,,,,D:/Backup/Mestrado/dados/JPR/dataset_jpr_train/dataset_jpr_train/3/000378
816,"1,28E+73",jpr_dados,F,33.0,Canon Medical Systems,201.0,2.0,0.527,1.0,1.0,0.0,True,,,,/home/neuro-source/main_source/datasets/sprap_2024_03/id_spr00816/id_spr00816_master_image.nii.gz,Normal,,,,,,,,D:/Backup/Mestrado/dados/JPR/dataset_jpr_train/dataset_jpr_train/3/000816
811,"1,28E+73",jpr_dados,M,35.0,Canon Medical Systems,206.0,2.0,0.553,1.0,1.0,0.0,True,,,,/home/neuro-source/main_source/datasets/sprap_2024_03/id_spr00811/id_spr00811_master_image.nii.gz,Normal,,,,,,,,D:/Backup/Mestrado/dados/JPR/dataset_jpr_train/dataset_jpr_train/3/000811
1922,"1,28E+72",jpr_dados,F,61.0,Philips,244.0,1.5,0.431641,0.75,1.0,-1024.0,True,,,,/home/neuro-source/main_source/datasets/sprap_2024_03/id_spr01922/id_spr01922_master_image.nii.gz,Normal,,,,,,,,D:/Backup/Mestrado/dados/JPR/dataset_jpr_train/dataset_jpr_train/2/001922
947,"1,28E+73",jpr_dados,F,46.0,GE MEDICAL SYSTEMS,145.0,1.25,0.488281,1.25,1.0,-1024.0,True,,,,/home/neuro-source/main_source/datasets/sprap_2024_03/id_spr00947/id_spr00947_master_image.nii.gz,Normal,,,,,,,,D:/Backup/Mestrado/dados/JPR/dataset_jpr_train/dataset_jpr_train/3/000947
1619,"1,28E+73",jpr_dados,F,45.0,GE MEDICAL SYSTEMS,187.0,1.25,0.449219,0.9,1.0,-1024.0,True,,,,/home/neuro-source/main_source/datasets/sprap_2024_03/id_spr01619/id_spr01619_master_image.nii.gz,Normal,,,,,,,,D:/Backup/Mestrado/dados/JPR/dataset_jpr_train/dataset_jpr_train/2/001619
1679,"1,28E+73",jpr_dados,M,36.0,GE MEDICAL SYSTEMS,129.0,1.25,0.439453,1.25,1.0,-1024.0,True,,,,/home/neuro-source/main_source/datasets/sprap_2024_03/id_spr01679/id_spr01679_master_image.nii.gz,Normal,,,,,,,,D:/Backup/Mestrado/dados/JPR/dataset_jpr_train/dataset_jpr_train/2/001679
2127,"1,28E+73",jpr_dados,M,67.0,Philips,178.0,2.0,0.427734375,1.0,1.0,-1024.0,True,,,,/home/neuro-source/main_source/datasets/sprap_2024_03/id_spr02127/id_spr02127_master_image.nii.gz,Normal,,,,,,,,D:/Backup/Mestrado/dados/JPR/dataset_jpr_train/dataset_jpr_train/2/002127
2359,"1,28E+73",jpr_dados,M,68.0,GE MEDICAL SYSTEMS,323.0,1.25,0.466796994209,0.625,1.0,-1024.0,True,,,,/home/neuro-source/main_source/datasets/sprap_2024_03/id_spr02359/id_spr02359_master_image.nii.gz,Normal,,,,,,,,D:/Backup/Mestrado/dados/JPR/dataset_jpr_train/dataset_jpr_train/2/002359
1665,"1,28E+73",jpr_dados,M,32.0,SIEMENS,269.0,1.0,0.46875,0.7000000000000001,1.0,-1024.0,True,,,,/home/neuro-source/main_source/datasets/sprap_2024_03/id_spr01665/id_spr01665_master_image.nii.gz,Normal,,,,,,,,D:/Backup/Mestrado/dados/JPR/dataset_jpr_train/dataset_jpr_train/2/001665
1708,"1,28E+73",jpr_dados,M,41.0,TOSHIBA,191.0,2.0,0.429,1.0,1.0,0.0,True,,,,/home/neuro-source/main_source/datasets/sprap_2024_03/id_spr01708/id_spr01708_master_image.nii.gz,Normal,,,,,,,,D:/Backup/Mestrado/dados/JPR/dataset_jpr_train/dataset_jpr_train/2/001708
1904,"1,28E+73",jpr_dados,F,46.0,Philips,236.0,1.5,0.421875,0.7500041574468084,1.0,-1024.0,True,,,,/home/neuro-source/main_source/datasets/sprap_2024_03/id_spr01904/id_spr01904_master_image.nii.gz,Normal,,,,,,,,D:/Backup/Mestrado/dados/JPR/dataset_jpr_train/dataset_jpr_train/2/001904
2542,"1,28E+73",jpr_dados,F,77.0,GE MEDICAL SYSTEMS,287.0,1.25,0.425781011581,0.625,1.0,-1024.0,True,,,,/home/neuro-source/main_source/datasets/sprap_2024_03/id_spr02542/id_spr02542_master_image.nii.gz,Normal,,,,,,,,D:/Backup/Mestrado/dados/JPR/dataset_jpr_train/dataset_jpr_train/1/002542
2199,"1,28E+73",jpr_dados,M,41.0,TOSHIBA,219.0,1.0,0.468,0.7999999999999999,1.0,0.0,True,,,,/home/neuro-source/main_source/datasets/sprap_2024_03/id_spr02199/id_spr02199_master_image.nii.gz,Normal,,,,,,,,D:/Backup/Mestrado/dados/JPR/dataset_jpr_train/dataset_jpr_train/2/002199
1621,"1,28E+73",jpr_dados,F,45.0,TOSHIBA,201.0,1.0,0.393,0.8,1.0,0.0,True,,,,/home/neuro-source/main_source/datasets/sprap_2024_03/id_spr01621/id_spr01621_master_image.nii.gz,Normal,,,,,,,,D:/Backup/Mestrado/dados/JPR/dataset_jpr_train/dataset_jpr_train/2/001621
1397,"1,28E+73",jpr_dados,F,45.0,SIEMENS,274.0,1.0,0.46875,0.6999999999999996,1.0,-1024.0,True,,,,/home/neuro-source/main_source/datasets/sprap_2024_03/id_spr01397/id_spr01397_master_image.nii.gz,Normal,,,,,,,,D:/Backup/Mestrado/dados/JPR/dataset_jpr_train/dataset_jpr_train/2/001397
1893,"1,28E+73",jpr_dados,F,34.0,GE MEDICAL SYSTEMS,143.0,1.25,0.447266,1.25,1.0,-1024.0,True,,,,/home/neuro-source/main_source/datasets/sprap_2024_03/id_spr01893/id_spr01893_master_image.nii.gz,Normal,,,,,,,,D:/Backup/Mestrado/dados/JPR/dataset_jpr_train/dataset_jpr_train/2/001893
1207,"1,28E+73",jpr_dados,M,48.0,GE MEDICAL SYSTEMS,161.0,1.25,0.537109,1.25,1.0,-1024.0,True,,,,/home/neuro-source/main_source/datasets/sprap_2024_03/id_spr01207/id_spr01207_master_image.nii.gz,Normal,,,,,,,,D:/Backup/Mestrado/dados/JPR/dataset_jpr_train/dataset_jpr_train/3/001207
561,"1,28E+73",jpr_dados,F,40.0,GE MEDICAL SYSTEMS,157.0,1.25,0.488281,1.25,1.0,-1024.0,True,,,,/home/neuro-source/main_source/datasets/sprap_2024_03/id_spr00561/id_spr00561_master_image.nii.gz,Normal,,,,,,,,D:/Backup/Mestrado/dados/JPR/dataset_jpr_train/dataset_jpr_train/3/000561
606,"1,28E+73",jpr_dados,M,26.0,Philips,170.0,2.0,0.462890625,1.0,1.0,-1024.0,True,,,,/home/neuro-source/main_source/datasets/sprap_2024_03/id_spr00606/id_spr00606_master_image.nii.gz,Normal,,,,,,,,D:/Backup/Mestrado/dados/JPR/dataset_jpr_train/dataset_jpr_train/3/000606
1505,"1,28E+72",jpr_dados,F,42.0,GE MEDICAL SYSTEMS,166.0,1.25,0.429688,1.0,1.0,-1024.0,True,,,,/home/neuro-source/main_source/datasets/sprap_2024_03/id_spr01505/id_spr01505_master_image.nii.gz,Normal,,,,,,,,D:/Backup/Mestrado/dados/JPR/dataset_jpr_train/dataset_jpr_train/2/001505
1896,"1,28E+73",jpr_dados,M,28.0,Canon Medical Systems,213.0,1.0,0.404,0.8000000000000002,1.0,0.0,True,,,,/home/neuro-source/main_source/datasets/sprap_2024_03/id_spr01896/id_spr01896_master_image.nii.gz,Normal,,,,,,,,D:/Backup/Mestrado/dados/JPR/dataset_jpr_train/dataset_jpr_train/2/001896
2283,"1,28E+72",jpr_dados,M,41.0,TOSHIBA,186.0,2.0,0.507,1.0,1.0,0.0,True,,,,/home/neuro-source/main_source/datasets/sprap_2024_03/id_spr02283/id_spr02283_master_image.nii.gz,Normal,,,,,,,,D:/Backup/Mestrado/dados/JPR/dataset_jpr_train/dataset_jpr_train/2/002283
1104,"1,28E+73",jpr_dados,F,22.0,Philips,170.0,2.0,0.404296875,1.000.000.002.366.860,1.0,-1024.0,True,,,,/home/neuro-source/main_source/datasets/sprap_2024_03/id_spr01104/id_spr01104_master_image.nii.gz,Normal,,,,,,,,D:/Backup/Mestrado/dados/JPR/dataset_jpr_train/dataset_jpr_train/3/001104
1530,"1,28E+73",jpr_dados,F,19.0,GE MEDICAL SYSTEMS,177.0,1.25,0.4375,1.0,1.0,-1024.0,True,,,,/home/neuro-source/main_source/datasets/sprap_2024_03/id_spr01530/id_spr01530_master_image.nii.gz,Normal,,,,,,,,D:/Backup/Mestrado/dados/JPR/dataset_jpr_train/dataset_jpr_train/2/001530
2006,"1,28E+73",jpr_dados,M,37.0,TOSHIBA,232.0,1.0,0.43,0.8,1.0,0.0,True,,,,/home/neuro-source/main_source/datasets/sprap_2024_03/id_spr02006/id_spr02006_master_image.nii.gz,Normal,,,,,,,,D:/Backup/Mestrado/dados/JPR/dataset_jpr_train/dataset_jpr_train/2/002006
1238,"1,28E+73",jpr_dados,F,30.0,GE MEDICAL SYSTEMS,321.0,0.625,0.548828,0.625,1.0,-1024.0,True,,,,/home/neuro-source/main_source/datasets/sprap_2024_03/id_spr01238/id_spr01238_master_image.nii.gz,Normal,,,,,,,,D:/Backup/Mestrado/dados/JPR/dataset_jpr_train/dataset_jpr_train/3/001238
401,"1,28E+73",jpr_dados,F,42.0,Canon Medical Systems,176.0,1.0,0.481,1.0,1.0,0.0,True,,,,/home/neuro-source/main_source/datasets/sprap_2024_03/id_spr00401/id_spr00401_master_image.nii.gz,Normal,,,,,,,,D:/Backup/Mestrado/dados/JPR/dataset_jpr_train/dataset_jpr_train/3/000401
752,"1,28E+73",jpr_dados,F,38.0,Canon Medical Systems,176.0,1.0,0.429,1.0,1.0,0.0,True,,,,/home/neuro-source/main_source/datasets/sprap_2024_03/id_spr00752/id_spr00752_master_image.nii.gz,Normal,,,,,,,,D:/Backup/Mestrado/dados/JPR/dataset_jpr_train/dataset_jpr_train/3/000752
373,"1,28E+73",jpr_dados,F,24.0,GE MEDICAL SYSTEMS,121.0,1.25,0.488281,1.25,1.0,-1024.0,True,,,,/home/neuro-source/main_source/datasets/sprap_2024_03/id_spr00373/id_spr00373_master_image.nii.gz,Normal,,,,,,,,
1003,"1,28E+73",jpr_dados,F,35.0,Canon Medical Systems,181.0,1.0,0.429,1.0,1.0,0.0,True,,,,/home/neuro-source/main_source/datasets/sprap_2024_03/id_spr01003/id_spr01003_master_image.nii.gz,Normal,,,,,,,,D:/Backup/Mestrado/dados/JPR/dataset_jpr_train/dataset_jpr_train/3/001003
1215,"1,28E+73",jpr_dados,M,36.0,GE MEDICAL SYSTEMS,206.0,2.5,0.582031,1.0,1.0,-1024.0,True,,,,/home/neuro-source/main_source/datasets/sprap_2024_03/id_spr01215/id_spr01215_master_image.nii.gz,Normal,,,,,,,,D:/Backup/Mestrado/dados/JPR/dataset_jpr_train/dataset_jpr_train/3/001215
823,"1,28E+73",jpr_dados,F,37.0,GE MEDICAL SYSTEMS,158.0,1.25,0.505859,1.25,1.0,-1024.0,True,,,,/home/neuro-source/main_source/datasets/sprap_2024_03/id_spr00823/id_spr00823_master_image.nii.gz,Normal,,,,,,,,D:/Backup/Mestrado/dados/JPR/dataset_jpr_train/dataset_jpr_train/3/000823
1683,"1,28E+73",jpr_dados,F,30.0,GE MEDICAL SYSTEMS,126.0,1.25,0.427734,1.25,1.0,-1024.0,True,,,,/home/neuro-source/main_source/datasets/sprap_2024_03/id_spr01683/id_spr01683_master_image.nii.gz,Normal,,,,,,,,D:/Backup/Mestrado/dados/JPR/dataset_jpr_train/dataset_jpr_train/2/001683
1509,"1,28E+73",jpr_dados,F,33.0,TOSHIBA,176.0,2.0,0.449,1.0,1.0,0.0,True,,,,/home/neuro-source/main_source/datasets/sprap_2024_03/id_spr01509/id_spr01509_master_image.nii.gz,Normal,,,,,,,,D:/Backup/Mestrado/dados/JPR/dataset_jpr_train/dataset_jpr_train/2/001509
914,"1,28E+73",jpr_dados,M,48.0,GE MEDICAL SYSTEMS,156.0,1.25,0.525391,1.25,1.0,-1024.0,True,,,,/home/neuro-source/main_source/datasets/sprap_2024_03/id_spr00914/id_spr00914_master_image.nii.gz,Normal,,,,,,,,D:/Backup/Mestrado/dados/JPR/dataset_jpr_train/dataset_jpr_train/3/000914
1836,"1,28E+72",jpr_dados,M,35.0,TOSHIBA,226.0,1.0,0.456,0.8,1.0,0.0,True,,,,/home/neuro-source/main_source/datasets/sprap_2024_03/id_spr01836/id_spr01836_master_image.nii.gz,Normal,,,,,,,,D:/Backup/Mestrado/dados/JPR/dataset_jpr_train/dataset_jpr_train/2/001836
2629,"1,28E+73",jpr_dados,F,52.0,GE MEDICAL SYSTEMS,133.0,2.5,0.404296994209,1.25,1.0,-1024.0,True,,,,/home/neuro-source/main_source/datasets/sprap_2024_03/id_spr02629/id_spr02629_master_image.nii.gz,Normal,,,,,,,,D:/Backup/Mestrado/dados/JPR/dataset_jpr_train/dataset_jpr_train/1/002629
2082,"1,28E+73",jpr_dados,F,57.0,GE MEDICAL SYSTEMS,147.0,1.25,0.443359,1.25,1.0,-1024.0,True,,,,/home/neuro-source/main_source/datasets/sprap_2024_03/id_spr02082/id_spr02082_master_image.nii.gz,Normal,,,,,,,,D:/Backup/Mestrado/dados/JPR/dataset_jpr_train/dataset_jpr_train/2/002082
2398,"1,28E+73",jpr_dados,M,64.0,GE MEDICAL SYSTEMS,277.0,1.25,0.625,0.625,1.0,-1024.0,True,,,,/home/neuro-source/main_source/datasets/sprap_2024_03/id_spr02398/id_spr02398_master_image.nii.gz,Normal,,,,,,,,D:/Backup/Mestrado/dados/JPR/dataset_jpr_train/dataset_jpr_train/1/002398
1869,"1,28E+73",jpr_dados,M,26.0,TOSHIBA,234.0,1.0,0.448,0.7999999999999999,1.0,0.0,True,,,,/home/neuro-source/main_source/datasets/sprap_2024_03/id_spr01869/id_spr01869_master_image.nii.gz,Normal,,,,,,,,D:/Backup/Mestrado/dados/JPR/dataset_jpr_train/dataset_jpr_train/2/001869
1015,"1,28E+73",jpr_dados,F,28.0,GE MEDICAL SYSTEMS,157.0,1.25,0.488281,1.25,1.0,-1024.0,True,,,,/home/neuro-source/main_source/datasets/sprap_2024_03/id_spr01015/id_spr01015_master_image.nii.gz,Normal,,,,,,,,D:/Backup/Mestrado/dados/JPR/dataset_jpr_train/dataset_jpr_train/3/001015
563,"1,28E+73",jpr_dados,F,61.0,GE MEDICAL SYSTEMS,145.0,1.25,0.488281,1.25,1.0,-1024.0,True,,,,/home/neuro-source/main_source/datasets/sprap_2024_03/id_spr00563/id_spr00563_master_image.nii.gz,Normal,,,,,,,,D:/Backup/Mestrado/dados/JPR/dataset_jpr_train/dataset_jpr_train/3/000563
1076,"1,28E+73",jpr_dados,M,32.0,Canon Medical Systems,226.0,1.0,0.556,1.0,1.0,0.0,True,,,,/home/neuro-source/main_source/datasets/sprap_2024_03/id_spr01076/id_spr01076_master_image.nii.gz,Normal,,,,,,,,D:/Backup/Mestrado/dados/JPR/dataset_jpr_train/dataset_jpr_train/3/001076
1252,"1,28E+73",jpr_dados,M,52.0,GE MEDICAL SYSTEMS,193.0,1.25,0.488281,1.25,1.0,-1024.0,True,,,,/home/neuro-source/main_source/datasets/sprap_2024_03/id_spr01252/id_spr01252_master_image.nii.gz,Normal,,,,,,,,D:/Backup/Mestrado/dados/JPR/dataset_jpr_train/dataset_jpr_train/3/001252
2424,"1,28E+73",jpr_dados,M,55.0,GE MEDICAL SYSTEMS,145.0,2.5,0.451171994209,1.25,1.0,-1024.0,True,,,,/home/neuro-source/main_source/datasets/sprap_2024_03/id_spr02424/id_spr02424_master_image.nii.gz,Normal,,,,,,,,D:/Backup/Mestrado/dados/JPR/dataset_jpr_train/dataset_jpr_train/1/002424
1520,"1,28E+72",jpr_dados,M,37.0,GE MEDICAL SYSTEMS,180.0,1.25,0.488281,1.0,1.0,-1024.0,True,,,,/home/neuro-source/main_source/datasets/sprap_2024_03/id_spr01520/id_spr01520_master_image.nii.gz,Normal,,,,,,,,D:/Backup/Mestrado/dados/JPR/dataset_jpr_train/dataset_jpr_train/2/001520
713,"1,28E+73",jpr_dados,M,25.0,GE MEDICAL SYSTEMS,149.0,1.25,0.496094,1.25,1.0,-1024.0,True,,,,/home/neuro-source/main_source/datasets/sprap_2024_03/id_spr00713/id_spr00713_master_image.nii.gz,Normal,,,,,,,,D:/Backup/Mestrado/dados/JPR/dataset_jpr_train/dataset_jpr_train/3/000713
1603,"1,28E+73",jpr_dados,F,44.0,GE MEDICAL SYSTEMS,131.0,1.25,0.40625,1.25,1.0,-1024.0,True,,,,/home/neuro-source/main_source/datasets/sprap_2024_03/id_spr01603/id_spr01603_master_image.nii.gz,Normal,,,,,,,,D:/Backup/Mestrado/dados/JPR/dataset_jpr_train/dataset_jpr_train/2/001603
717,"1,28E+73",jpr_dados,M,35.0,GE MEDICAL SYSTEMS,141.0,1.25,0.488281,1.25,1.0,-1024.0,True,,,,/home/neuro-source/main_source/datasets/sprap_2024_03/id_spr00717/id_spr00717_master_image.nii.gz,Normal,,,,,,,,D:/Backup/Mestrado/dados/JPR/dataset_jpr_train/dataset_jpr_train/3/000717
1413,"1,28E+73",jpr_dados,F,37.0,GE MEDICAL SYSTEMS,143.0,1.25,0.488281,1.25,1.0,-1024.0,True,,,,/home/neuro-source/main_source/datasets/sprap_2024_03/id_spr01413/id_spr01413_master_image.nii.gz,Normal,,,,,,,,D:/Backup/Mestrado/dados/JPR/dataset_jpr_train/dataset_jpr_train/2/001413
1542,"1,28E+73",jpr_dados,M,35.0,GE MEDICAL SYSTEMS,165.0,1.25,0.488281,1.0,1.0,-1024.0,True,,,,/home/neuro-source/main_source/datasets/sprap_2024_03/id_spr01542/id_spr01542_master_image.nii.gz,Normal,,,,,,,,D:/Backup/Mestrado/dados/JPR/dataset_jpr_train/dataset_jpr_train/2/001542
1631,"1,28E+73",jpr_dados,F,45.0,GE MEDICAL SYSTEMS,143.0,1.25,0.488281,1.25,1.0,-1024.0,True,,,,/home/neuro-source/main_source/datasets/sprap_2024_03/id_spr01631/id_spr01631_master_image.nii.gz,Normal,,,,,,,,D:/Backup/Mestrado/dados/JPR/dataset_jpr_train/dataset_jpr_train/2/001631
1283,"1,28E+73",jpr_dados,M,60.0,Philips,170.0,2.0,0.48828125,1.0,1.0,-1024.0,True,,,,/home/neuro-source/main_source/datasets/sprap_2024_03/id_spr01283/id_spr01283_master_image.nii.gz,Normal,,,,,,,,D:/Backup/Mestrado/dados/JPR/dataset_jpr_train/dataset_jpr_train/3/001283
509,"1,28E+72",jpr_dados,M,18.0,GE MEDICAL SYSTEMS,173.0,1.25,0.488281,1.25,1.0,-1024.0,True,,,,/home/neuro-source/main_source/datasets/sprap_2024_03/id_spr00509/id_spr00509_master_image.nii.gz,Normal,,,,,,,,D:/Backup/Mestrado/dados/JPR/dataset_jpr_train/dataset_jpr_train/3/000509
1795,"1,28E+73",jpr_dados,F,19.0,TOSHIBA,226.0,1.0,0.437,0.8,1.0,0.0,True,,,,/home/neuro-source/main_source/datasets/sprap_2024_03/id_spr01795/id_spr01795_master_image.nii.gz,Normal,,,,,,,,D:/Backup/Mestrado/dados/JPR/dataset_jpr_train/dataset_jpr_train/2/001795
2637,"1,28E+72",jpr_dados,M,80.0,GE MEDICAL SYSTEMS,149.0,2.5,0.488281011581,1.25,1.0,-1024.0,True,,,,/home/neuro-source/main_source/datasets/sprap_2024_03/id_spr02637/id_spr02637_master_image.nii.gz,Normal,,,,,,,,D:/Backup/Mestrado/dados/JPR/dataset_jpr_train/dataset_jpr_train/1/002637
2112,"1,28E+73",jpr_dados,F,36.0,Philips,168.0,2.0,0.435546875,1.0,1.0,-1024.0,True,,,,/home/neuro-source/main_source/datasets/sprap_2024_03/id_spr02112/id_spr02112_master_image.nii.gz,Normal,,,,,,,,D:/Backup/Mestrado/dados/JPR/dataset_jpr_train/dataset_jpr_train/2/002112
2442,"1,28E+73",jpr_dados,M,30.0,GE MEDICAL SYSTEMS,161.0,2.5,0.455078005791,1.25,1.0,-1024.0,True,,,,/home/neuro-source/main_source/datasets/sprap_2024_03/id_spr02442/id_spr02442_master_image.nii.gz,Normal,,,,,,,,D:/Backup/Mestrado/dados/JPR/dataset_jpr_train/dataset_jpr_train/1/002442
1863,"1,28E+73",jpr_dados,F,21.0,TOSHIBA,213.0,1.0,0.41,0.7999999999999998,1.0,0.0,True,,,,/home/neuro-source/main_source/datasets/sprap_2024_03/id_spr01863/id_spr01863_master_image.nii.gz,Normal,,,,,,,,D:/Backup/Mestrado/dados/JPR/dataset_jpr_train/dataset_jpr_train/2/001863
2467,"1,28E+73",jpr_dados,F,57.0,GE MEDICAL SYSTEMS,299.0,1.25,0.433593988419,0.625,1.0,-1024.0,True,,,,/home/neuro-source/main_source/datasets/sprap_2024_03/id_spr02467/id_spr02467_master_image.nii.gz,Normal,,,,,,,,D:/Backup/Mestrado/dados/JPR/dataset_jpr_train/dataset_jpr_train/1/002467
2452,"1,28E+73",jpr_dados,F,71.0,GE MEDICAL SYSTEMS,277.0,1.25,0.45898398757,0.625,1.0,-1024.0,True,,,,/home/neuro-source/main_source/datasets/sprap_2024_03/id_spr02452/id_spr02452_master_image.nii.gz,Normal,,,,,,,,D:/Backup/Mestrado/dados/JPR/dataset_jpr_train/dataset_jpr_train/1/002452
1057,"1,28E+72",jpr_dados,F,38.0,GE MEDICAL SYSTEMS,117.0,1.25,0.380859,1.25,1.0,-1024.0,True,,,,/home/neuro-source/main_source/datasets/sprap_2024_03/id_spr01057/id_spr01057_master_image.nii.gz,Normal,,,,,,,,D:/Backup/Mestrado/dados/JPR/dataset_jpr_train/dataset_jpr_train/3/001057
2231,"1,28E+73",jpr_dados,F,36.0,GE MEDICAL SYSTEMS,140.0,1.25,0.410156,1.25,1.0,-1024.0,True,,,,/home/neuro-source/main_source/datasets/sprap_2024_03/id_spr02231/id_spr02231_master_image.nii.gz,Normal,,,,,,,,D:/Backup/Mestrado/dados/JPR/dataset_jpr_train/dataset_jpr_train/2/002231
1356,"1,28E+73",jpr_dados,F,35.0,TOSHIBA,161.0,2.0,0.429,1.0,1.0,0.0,True,,,,/home/neuro-source/main_source/datasets/sprap_2024_03/id_spr01356/id_spr01356_master_image.nii.gz,Normal,,,,,,,,D:/Backup/Mestrado/dados/JPR/dataset_jpr_train/dataset_jpr_train/2/001356
2115,"1,28E+73",jpr_dados,F,46.0,Philips,158.0,2.0,0.404296875,1.0,1.0,-1024.0,True,,,,/home/neuro-source/main_source/datasets/sprap_2024_03/id_spr02115/id_spr02115_master_image.nii.gz,Normal,,,,,,,,D:/Backup/Mestrado/dados/JPR/dataset_jpr_train/dataset_jpr_train/2/002115
671,"1,28E+72",jpr_dados,F,37.0,Canon Medical Systems,186.0,2.0,0.498,1.0,1.0,0.0,True,,,,/home/neuro-source/main_source/datasets/sprap_2024_03/id_spr00671/id_spr00671_master_image.nii.gz,Normal,,,,,,,,D:/Backup/Mestrado/dados/JPR/dataset_jpr_train/dataset_jpr_train/3/000671
655,"1,28E+72",jpr_dados,F,49.0,GE MEDICAL SYSTEMS,157.0,1.25,0.490234,1.25,1.0,-1024.0,True,,,,/home/neuro-source/main_source/datasets/sprap_2024_03/id_spr00655/id_spr00655_master_image.nii.gz,Normal,,,,,,,,D:/Backup/Mestrado/dados/JPR/dataset_jpr_train/dataset_jpr_train/3/000655
1898,"1,28E+73",jpr_dados,F,46.0,Philips,231.0,1.5,0.457031,0.75,1.0,-1024.0,True,,,,/home/neuro-source/main_source/datasets/sprap_2024_03/id_spr01898/id_spr01898_master_image.nii.gz,Normal,,,,,,,,D:/Backup/Mestrado/dados/JPR/dataset_jpr_train/dataset_jpr_train/2/001898
1434,"1,28E+73",jpr_dados,M,56.0,TOSHIBA,238.0,1.0,0.459,0.8,1.0,0.0,True,,,,/home/neuro-source/main_source/datasets/sprap_2024_03/id_spr01434/id_spr01434_master_image.nii.gz,Normal,,,,,,,,D:/Backup/Mestrado/dados/JPR/dataset_jpr_train/dataset_jpr_train/2/001434
2114,"1,28E+73",jpr_dados,F,39.0,Philips,166.0,2.0,0.4453125,1.0,1.0,-1024.0,True,,,,/home/neuro-source/main_source/datasets/sprap_2024_03/id_spr02114/id_spr02114_master_image.nii.gz,Normal,,,,,,,,D:/Backup/Mestrado/dados/JPR/dataset_jpr_train/dataset_jpr_train/2/002114
1162,"1,28E+73",jpr_dados,M,20.0,GE MEDICAL SYSTEMS,145.0,1.25,0.488281,1.25,1.0,-1024.0,True,,,,/home/neuro-source/main_source/datasets/sprap_2024_03/id_spr01162/id_spr01162_master_image.nii.gz,Normal,,,,,,,,D:/Backup/Mestrado/dados/JPR/dataset_jpr_train/dataset_jpr_train/3/001162
2268,"1,28E+73",jpr_dados,F,69.0,TOSHIBA,176.0,2.0,0.444,1.0,1.0,0.0,True,,,,/home/neuro-source/main_source/datasets/sprap_2024_03/id_spr02268/id_spr02268_master_image.nii.gz,Normal,,,,,,,,D:/Backup/Mestrado/dados/JPR/dataset_jpr_train/dataset_jpr_train/2/002268
412,"1,28E+73",jpr_dados,M,21.0,GE MEDICAL SYSTEMS,166.0,1.25,0.513672,1.25,1.0,-1024.0,True,,,,/home/neuro-source/main_source/datasets/sprap_2024_03/id_spr00412/id_spr00412_master_image.nii.gz,Normal,,,,,,,,D:/Backup/Mestrado/dados/JPR/dataset_jpr_train/dataset_jpr_train/3/000412
2415,"1,28E+73",jpr_dados,F,54.0,GE MEDICAL SYSTEMS,159.0,2.5,0.445311993361,1.25,1.0,-1024.0,True,,,,/home/neuro-source/main_source/datasets/sprap_2024_03/id_spr02415/id_spr02415_master_image.nii.gz,Normal,,,,,,,,D:/Backup/Mestrado/dados/JPR/dataset_jpr_train/dataset_jpr_train/1/002415
1273,"1,28E+73",jpr_dados,F,48.0,Philips,211.0,2.0,0.48828125,1.0,1.0,-1024.0,True,,,,/home/neuro-source/main_source/datasets/sprap_2024_03/id_spr01273/id_spr01273_master_image.nii.gz,Normal,,,,,,,,D:/Backup/Mestrado/dados/JPR/dataset_jpr_train/dataset_jpr_train/3/001273
808,"1,28E+73",jpr_dados,F,25.0,TOSHIBA,159.0,1.0,0.434,1.0,1.0,0.0,True,,,,/home/neuro-source/main_source/datasets/sprap_2024_03/id_spr00808/id_spr00808_master_image.nii.gz,Normal,,,,,,,,D:/Backup/Mestrado/dados/JPR/dataset_jpr_train/dataset_jpr_train/3/000808
1346,"1,28E+73",jpr_dados,F,22.0,TOSHIBA,186.0,2.0,0.448,1.0,1.0,0.0,True,,,,/home/neuro-source/main_source/datasets/sprap_2024_03/id_spr01346/id_spr01346_master_image.nii.gz,Normal,,,,,,,,D:/Backup/Mestrado/dados/JPR/dataset_jpr_train/dataset_jpr_train/2/001346
2011,"1,28E+73",jpr_dados,M,25.0,TOSHIBA,166.0,2.0,0.449,1.0,1.0,0.0,True,,,,/home/neuro-source/main_source/datasets/sprap_2024_03/id_spr02011/id_spr02011_master_image.nii.gz,Normal,,,,,,,,D:/Backup/Mestrado/dados/JPR/dataset_jpr_train/dataset_jpr_train/2/002011
1763,"1,28E+73",jpr_dados,F,39.0,TOSHIBA,206.0,1.0,0.415,0.8,1.0,0.0,True,,,,/home/neuro-source/main_source/datasets/sprap_2024_03/id_spr01763/id_spr01763_master_image.nii.gz,Normal,,,,,,,,D:/Backup/Mestrado/dados/JPR/dataset_jpr_train/dataset_jpr_train/2/001763
2217,"1,28E+73",jpr_dados,F,44.0,GE MEDICAL SYSTEMS,140.0,1.25,0.4375,1.25,1.0,-1024.0,True,,,,/home/neuro-source/main_source/datasets/sprap_2024_03/id_spr02217/id_spr02217_master_image.nii.gz,Normal,,,,,,,,D:/Backup/Mestrado/dados/JPR/dataset_jpr_train/dataset_jpr_train/2/002217
1609,"1,28E+72",jpr_dados,M,30.0,GE MEDICAL SYSTEMS,156.0,1.25,0.460938,1.25,1.0,-1024.0,True,,,,/home/neuro-source/main_source/datasets/sprap_2024_03/id_spr01609/id_spr01609_master_image.nii.gz,Normal,,,,,,,,D:/Backup/Mestrado/dados/JPR/dataset_jpr_train/dataset_jpr_train/2/001609
1994,"1,28E+73",jpr_dados,F,47.0,GE MEDICAL SYSTEMS,171.0,1.25,0.421875,1.0,1.0,-1024.0,True,,,,/home/neuro-source/main_source/datasets/sprap_2024_03/id_spr01994/id_spr01994_master_image.nii.gz,Normal,,,,,,,,D:/Backup/Mestrado/dados/JPR/dataset_jpr_train/dataset_jpr_train/2/001994
830,"1,28E+73",jpr_dados,F,52.0,GE MEDICAL SYSTEMS,145.0,1.25,0.488281,1.25,1.0,-1024.0,True,,,,/home/neuro-source/main_source/datasets/sprap_2024_03/id_spr00830/id_spr00830_master_image.nii.gz,Normal,,,,,,,,D:/Backup/Mestrado/dados/JPR/dataset_jpr_train/dataset_jpr_train/3/000830
1077,"1,28E+73",jpr_dados,F,38.0,Canon Medical Systems,186.0,2.0,0.468,1.0,1.0,0.0,True,,,,/home/neuro-source/main_source/datasets/sprap_2024_03/id_spr01077/id_spr01077_master_image.nii.gz,Normal,,,,,,,,D:/Backup/Mestrado/dados/JPR/dataset_jpr_train/dataset_jpr_train/3/001077
2497,"1,28E+73",jpr_dados,F,52.0,GE MEDICAL SYSTEMS,149.0,2.5,0.439453005791,1.25,1.0,-1024.0,True,,,,/home/neuro-source/main_source/datasets/sprap_2024_03/id_spr02497/id_spr02497_master_image.nii.gz,Normal,,,,,,,,D:/Backup/Mestrado/dados/JPR/dataset_jpr_train/dataset_jpr_train/1/002497
1334,"1,28E+73",jpr_dados,F,52.0,TOSHIBA,226.0,1.0,0.424,0.8,1.0,0.0,True,,,,/home/neuro-source/main_source/datasets/sprap_2024_03/id_spr01334/id_spr01334_master_image.nii.gz,Normal,,,,,,,,D:/Backup/Mestrado/dados/JPR/dataset_jpr_train/dataset_jpr_train/2/001334
2143,"1,28E+73",jpr_dados,M,23.0,SIEMENS,250.0,0.75,0.435546875,0.7,1.0,-1024.0,True,,,,/home/neuro-source/main_source/datasets/sprap_2024_03/id_spr02143/id_spr02143_master_image.nii.gz,Normal,,,,,,,,D:/Backup/Mestrado/dados/JPR/dataset_jpr_train/dataset_jpr_train/2/002143
2257,"1,28E+73",jpr_dados,M,25.0,Philips,186.0,2.0,0.4453125,1.0,1.0,-1024.0,True,,,,/home/neuro-source/main_source/datasets/sprap_2024_03/id_spr02257/id_spr02257_master_image.nii.gz,Normal,,,,,,,,D:/Backup/Mestrado/dados/JPR/dataset_jpr_train/dataset_jpr_train/2/002257
2333,"1,28E+73",jpr_dados,M,32.0,TOSHIBA,232.0,1.0,0.449,0.8,1.0,0.0,True,,,,/home/neuro-source/main_source/datasets/sprap_2024_03/id_spr02333/id_spr02333_master_image.nii.gz,Normal,,,,,,,,D:/Backup/Mestrado/dados/JPR/dataset_jpr_train/dataset_jpr_train/2/002333
1384,"1,28E+73",jpr_dados,F,41.0,GE MEDICAL SYSTEMS,129.0,1.25,0.457031,1.25,1.0,-1024.0,True,,,,/home/neuro-source/main_source/datasets/sprap_2024_03/id_spr01384/id_spr01384_master_image.nii.gz,Normal,,,,,,,,D:/Backup/Mestrado/dados/JPR/dataset_jpr_train/dataset_jpr_train/2/001384
2576,"1,28E+73",jpr_dados,M,66.0,GE MEDICAL SYSTEMS,143.0,2.5,0.488281011581,1.25,1.0,-1024.0,True,,,,/home/neuro-source/main_source/datasets/sprap_2024_03/id_spr02576/id_spr02576_master_image.nii.gz,Normal,,,,,,,,D:/Backup/Mestrado/dados/JPR/dataset_jpr_train/dataset_jpr_train/1/002576
1033,"1,28E+72",jpr_dados,M,55.0,Canon Medical Systems,201.0,1.0,0.5,1.0,1.0,0.0,True,,,,/home/neuro-source/main_source/datasets/sprap_2024_03/id_spr01033/id_spr01033_master_image.nii.gz,Normal,,,,,,,,D:/Backup/Mestrado/dados/JPR/dataset_jpr_train/dataset_jpr_train/3/001033
1797,"1,28E+73",jpr_dados,F,45.0,GE MEDICAL SYSTEMS,128.0,1.25,0.488281,11.732.204.724.409.400,1.0,-1024.0,True,,,,/home/neuro-source/main_source/datasets/sprap_2024_03/id_spr01797/id_spr01797_master_image.nii.gz,Normal,,,,,,,,D:/Backup/Mestrado/dados/JPR/dataset_jpr_train/dataset_jpr_train/2/001797
640,"1,28E+73",jpr_dados,F,47.0,Canon Medical Systems,186.0,2.0,0.473,1.0,1.0,0.0,True,,,,/home/neuro-source/main_source/datasets/sprap_2024_03/id_spr00640/id_spr00640_master_image.nii.gz,Normal,,,,,,,,D:/Backup/Mestrado/dados/JPR/dataset_jpr_train/dataset_jpr_train/3/000640
992,"1,28E+73",jpr_dados,M,18.0,GE MEDICAL SYSTEMS,145.0,1.25,0.488281,1.25,1.0,-1024.0,True,,,,/home/neuro-source/main_source/datasets/sprap_2024_03/id_spr00992/id_spr00992_master_image.nii.gz,Normal,,,,,,,,D:/Backup/Mestrado/dados/JPR/dataset_jpr_train/dataset_jpr_train/3/000992
2307,"1,28E+73",jpr_dados,F,46.0,TOSHIBA,186.0,2.0,0.43,1.0,1.0,0.0,True,,,,/home/neuro-source/main_source/datasets/sprap_2024_03/id_spr02307/id_spr02307_master_image.nii.gz,Normal,,,,,,,,D:/Backup/Mestrado/dados/JPR/dataset_jpr_train/dataset_jpr_train/2/002307
762,"1,28E+73",jpr_dados,F,40.0,GE MEDICAL SYSTEMS,145.0,1.25,0.488281,1.25,1.0,-1024.0,True,,,,/home/neuro-source/main_source/datasets/sprap_2024_03/id_spr00762/id_spr00762_master_image.nii.gz,Normal,,,,,,,,D:/Backup/Mestrado/dados/JPR/dataset_jpr_train/dataset_jpr_train/3/000762
1296,"1,28E+73",jpr_dados,F,42.0,GE MEDICAL SYSTEMS,149.0,1.25,0.488281,1.25,1.0,-1024.0,True,,,,/home/neuro-source/main_source/datasets/sprap_2024_03/id_spr01296/id_spr01296_master_image.nii.gz,Normal,,,,,,,,D:/Backup/Mestrado/dados/JPR/dataset_jpr_train/dataset_jpr_train/3/001296
430,"1,28E+72",jpr_dados,M,28.0,GE MEDICAL SYSTEMS,141.0,1.25,0.488281,1.25,1.0,-1024.0,True,,,,/home/neuro-source/main_source/datasets/sprap_2024_03/id_spr00430/id_spr00430_master_image.nii.gz,Normal,,,,,,,,D:/Backup/Mestrado/dados/JPR/dataset_jpr_train/dataset_jpr_train/3/000430
511,"1,28E+73",jpr_dados,F,30.0,GE MEDICAL SYSTEMS,129.0,1.25,0.548828,1.25,1.0,-1024.0,True,,,,/home/neuro-source/main_source/datasets/sprap_2024_03/id_spr00511/id_spr00511_master_image.nii.gz,Normal,,,,,,,,D:/Backup/Mestrado/dados/JPR/dataset_jpr_train/dataset_jpr_train/3/000511
1360,"1,28E+73",jpr_dados,F,43.0,GE MEDICAL SYSTEMS,162.0,1.25,0.412109,1.0,1.0,-1024.0,True,,,,/home/neuro-source/main_source/datasets/sprap_2024_03/id_spr01360/id_spr01360_master_image.nii.gz,Normal,,,,,,,,D:/Backup/Mestrado/dados/JPR/dataset_jpr_train/dataset_jpr_train/2/001360
2387,"1,28E+73",jpr_dados,F,45.0,GE MEDICAL SYSTEMS,277.0,1.25,0.42773398757,0.625,1.0,-1024.0,True,,,,/home/neuro-source/main_source/datasets/sprap_2024_03/id_spr02387/id_spr02387_master_image.nii.gz,Normal,,,,,,,,
708,"1,28E+73",jpr_dados,M,41.0,GE MEDICAL SYSTEMS,145.0,1.25,0.480469,1.25,1.0,-1024.0,True,,,,/home/neuro-source/main_source/datasets/sprap_2024_03/id_spr00708/id_spr00708_master_image.nii.gz,Normal,,,,,,,,D:/Backup/Mestrado/dados/JPR/dataset_jpr_train/dataset_jpr_train/3/000708
1839,"1,28E+73",jpr_dados,M,59.0,Philips,228.0,1.5,0.410156,0.75,1.0,-1024.0,True,,,,/home/neuro-source/main_source/datasets/sprap_2024_03/id_spr01839/id_spr01839_master_image.nii.gz,Normal,,,,,,,,D:/Backup/Mestrado/dados/JPR/dataset_jpr_train/dataset_jpr_train/2/001839
1093,"1,28E+73",jpr_dados,F,24.0,GE MEDICAL SYSTEMS,141.0,1.25,0.425781,1.25,1.0,-1024.0,True,,,,/home/neuro-source/main_source/datasets/sprap_2024_03/id_spr01093/id_spr01093_master_image.nii.gz,Normal,,,,,,,,D:/Backup/Mestrado/dados/JPR/dataset_jpr_train/dataset_jpr_train/3/001093
963,"1,28E+73",jpr_dados,F,39.0,GE MEDICAL SYSTEMS,185.0,1.25,0.625,1.25,1.0,-1024.0,True,,,,/home/neuro-source/main_source/datasets/sprap_2024_03/id_spr00963/id_spr00963_master_image.nii.gz,Normal,,,,,,,,D:/Backup/Mestrado/dados/JPR/dataset_jpr_train/dataset_jpr_train/3/000963
1788,"1,28E+73",jpr_dados,F,24.0,Philips,222.0,1.5,0.457031,0.7500001357466065,1.0,-1024.0,True,,,,/home/neuro-source/main_source/datasets/sprap_2024_03/id_spr01788/id_spr01788_master_image.nii.gz,Normal,,,,,,,,D:/Backup/Mestrado/dados/JPR/dataset_jpr_train/dataset_jpr_train/2/001788
1034,"1,28E+73",jpr_dados,M,42.0,GE MEDICAL SYSTEMS,157.0,1.25,0.539062,1.25,1.0,-1024.0,True,,,,/home/neuro-source/main_source/datasets/sprap_2024_03/id_spr01034/id_spr01034_master_image.nii.gz,Normal,,,,,,,,D:/Backup/Mestrado/dados/JPR/dataset_jpr_train/dataset_jpr_train/3/001034
791,"1,28E+73",jpr_dados,F,33.0,GE MEDICAL SYSTEMS,145.0,1.25,0.488281,1.25,1.0,-1024.0,True,,,,/home/neuro-source/main_source/datasets/sprap_2024_03/id_spr00791/id_spr00791_master_image.nii.gz,Normal,,,,,,,,D:/Backup/Mestrado/dados/JPR/dataset_jpr_train/dataset_jpr_train/3/000791
824,"1,28E+73",jpr_dados,F,37.0,GE MEDICAL SYSTEMS,141.0,1.25,0.451172,1.25,1.0,-1024.0,True,,,,/home/neuro-source/main_source/datasets/sprap_2024_03/id_spr00824/id_spr00824_master_image.nii.gz,Normal,,,,,,,,D:/Backup/Mestrado/dados/JPR/dataset_jpr_train/dataset_jpr_train/3/000824
1888,"1,28E+73",jpr_dados,F,33.0,TOSHIBA,232.0,1.0,0.483,0.8,1.0,0.0,True,,,,/home/neuro-source/main_source/datasets/sprap_2024_03/id_spr01888/id_spr01888_master_image.nii.gz,Normal,,,,,,,,D:/Backup/Mestrado/dados/JPR/dataset_jpr_train/dataset_jpr_train/2/001888
439,"1,28E+73",jpr_dados,F,31.0,Canon Medical Systems,161.0,1.0,0.429,1.0,1.0,0.0,True,,,,/home/neuro-source/main_source/datasets/sprap_2024_03/id_spr00439/id_spr00439_master_image.nii.gz,Normal,,,,,,,,D:/Backup/Mestrado/dados/JPR/dataset_jpr_train/dataset_jpr_train/3/000439
583,"1,28E+73",jpr_dados,M,27.0,Canon Medical Systems,181.0,2.0,0.537,1.0,1.0,0.0,True,,,,/home/neuro-source/main_source/datasets/sprap_2024_03/id_spr00583/id_spr00583_master_image.nii.gz,Normal,,,,,,,,D:/Backup/Mestrado/dados/JPR/dataset_jpr_train/dataset_jpr_train/3/000583
1996,"1,28E+73",jpr_dados,F,50.0,TOSHIBA,207.0,1.0,0.449,0.8,1.0,0.0,True,,,,/home/neuro-source/main_source/datasets/sprap_2024_03/id_spr01996/id_spr01996_master_image.nii.gz,Normal,,,,,,,,D:/Backup/Mestrado/dados/JPR/dataset_jpr_train/dataset_jpr_train/2/001996
2546,"1,28E+73",jpr_dados,M,73.0,GE MEDICAL SYSTEMS,317.0,1.25,0.488281011581,0.625,1.0,-1024.0,True,,,,/home/neuro-source/main_source/datasets/sprap_2024_03/id_spr02546/id_spr02546_master_image.nii.gz,Normal,,,,,,,,D:/Backup/Mestrado/dados/JPR/dataset_jpr_train/dataset_jpr_train/1/002546
1577,"1,28E+73",jpr_dados,M,43.0,SIEMENS,284.0,1.0,0.498046875,0.7000000000000001,1.0,-1024.0,True,,,,/home/neuro-source/main_source/datasets/sprap_2024_03/id_spr01577/id_spr01577_master_image.nii.gz,Normal,,,,,,,,D:/Backup/Mestrado/dados/JPR/dataset_jpr_train/dataset_jpr_train/2/001577
1827,"1,28E+73",jpr_dados,M,35.0,Philips,232.0,1.5,0.474609,0.75,1.0,-1024.0,True,,,,/home/neuro-source/main_source/datasets/sprap_2024_03/id_spr01827/id_spr01827_master_image.nii.gz,Normal,,,,,,,,D:/Backup/Mestrado/dados/JPR/dataset_jpr_train/dataset_jpr_train/2/001827
1928,"1,28E+73",jpr_dados,F,36.0,TOSHIBA,219.0,1.0,0.51,0.7999999999999999,1.0,0.0,True,,,,/home/neuro-source/main_source/datasets/sprap_2024_03/id_spr01928/id_spr01928_master_image.nii.gz,Normal,,,,,,,,D:/Backup/Mestrado/dados/JPR/dataset_jpr_train/dataset_jpr_train/2/001928
1312,"1,28E+73",jpr_dados,F,23.0,TOSHIBA,207.0,1.0,0.379,0.8,1.0,0.0,True,,,,/home/neuro-source/main_source/datasets/sprap_2024_03/id_spr01312/id_spr01312_master_image.nii.gz,Normal,,,,,,,,D:/Backup/Mestrado/dados/JPR/dataset_jpr_train/dataset_jpr_train/3/001312
696,"1,28E+73",jpr_dados,M,37.0,Philips,179.0,2.0,0.5,1.0,1.0,-1024.0,True,,,,/home/neuro-source/main_source/datasets/sprap_2024_03/id_spr00696/id_spr00696_master_image.nii.gz,Normal,,,,,,,,D:/Backup/Mestrado/dados/JPR/dataset_jpr_train/dataset_jpr_train/3/000696
604,"1,28E+73",jpr_dados,F,38.0,GE MEDICAL SYSTEMS,129.0,1.25,0.46875,1.25,1.0,-1024.0,True,,,,/home/neuro-source/main_source/datasets/sprap_2024_03/id_spr00604/id_spr00604_master_image.nii.gz,Normal,,,,,,,,D:/Backup/Mestrado/dados/JPR/dataset_jpr_train/dataset_jpr_train/3/000604
2049,"1,28E+73",jpr_dados,F,39.0,TOSHIBA,201.0,1.0,0.43,0.8,1.0,0.0,True,,,,/home/neuro-source/main_source/datasets/sprap_2024_03/id_spr02049/id_spr02049_master_image.nii.gz,Normal,,,,,,,,D:/Backup/Mestrado/dados/JPR/dataset_jpr_train/dataset_jpr_train/2/002049
1967,"1,28E+73",jpr_dados,F,38.0,GE MEDICAL SYSTEMS,166.0,1.25,0.46875,1.0,1.0,-1024.0,True,,,,/home/neuro-source/main_source/datasets/sprap_2024_03/id_spr01967/id_spr01967_master_image.nii.gz,Normal,,,,,,,,D:/Backup/Mestrado/dados/JPR/dataset_jpr_train/dataset_jpr_train/2/001967
938,"1,28E+73",jpr_dados,F,43.0,GE MEDICAL SYSTEMS,133.0,1.25,0.451172,1.25,1.0,-1024.0,True,,,,/home/neuro-source/main_source/datasets/sprap_2024_03/id_spr00938/id_spr00938_master_image.nii.gz,Normal,,,,,,,,D:/Backup/Mestrado/dados/JPR/dataset_jpr_train/dataset_jpr_train/3/000938
2152,"1,28E+73",jpr_dados,M,44.0,GE MEDICAL SYSTEMS,133.0,1.25,0.488281,1.25,1.0,-1024.0,True,,,,/home/neuro-source/main_source/datasets/sprap_2024_03/id_spr02152/id_spr02152_master_image.nii.gz,Normal,,,,,,,,D:/Backup/Mestrado/dados/JPR/dataset_jpr_train/dataset_jpr_train/2/002152
521,"1,28E+73",jpr_dados,M,21.0,GE MEDICAL SYSTEMS,173.0,1.25,0.488281,1.25,1.0,-1024.0,True,,,,/home/neuro-source/main_source/datasets/sprap_2024_03/id_spr00521/id_spr00521_master_image.nii.gz,Normal,,,,,,,,D:/Backup/Mestrado/dados/JPR/dataset_jpr_train/dataset_jpr_train/3/000521
2047,"1,28E+73",jpr_dados,F,33.0,GE MEDICAL SYSTEMS,161.0,1.25,0.480469,1.0,1.0,-1024.0,True,,,,/home/neuro-source/main_source/datasets/sprap_2024_03/id_spr02047/id_spr02047_master_image.nii.gz,Normal,,,,,,,,D:/Backup/Mestrado/dados/JPR/dataset_jpr_train/dataset_jpr_train/2/002047
577,"1,28E+73",jpr_dados,F,51.0,GE MEDICAL SYSTEMS,133.0,1.25,0.488281,1.25,1.0,-1024.0,True,,,,/home/neuro-source/main_source/datasets/sprap_2024_03/id_spr00577/id_spr00577_master_image.nii.gz,Normal,,,,,,,,D:/Backup/Mestrado/dados/JPR/dataset_jpr_train/dataset_jpr_train/3/000577
682,"1,28E+73",jpr_dados,M,36.0,GE MEDICAL SYSTEMS,149.0,1.25,0.488281,1.25,1.0,-1024.0,True,,,,/home/neuro-source/main_source/datasets/sprap_2024_03/id_spr00682/id_spr00682_master_image.nii.gz,Normal,,,,,,,,D:/Backup/Mestrado/dados/JPR/dataset_jpr_train/dataset_jpr_train/3/000682
524,"1,28E+73",jpr_dados,M,41.0,Philips,240.0,1.5,0.48828125,0.7499999983263597,1.0,-1024.0,True,,,,/home/neuro-source/main_source/datasets/sprap_2024_03/id_spr00524/id_spr00524_master_image.nii.gz,Normal,,,,,,,,D:/Backup/Mestrado/dados/JPR/dataset_jpr_train/dataset_jpr_train/3/000524
1089,"1,28E+73",jpr_dados,M,29.0,GE MEDICAL SYSTEMS,157.0,1.25,0.488281,1.25,1.0,-1024.0,True,,,,/home/neuro-source/main_source/datasets/sprap_2024_03/id_spr01089/id_spr01089_master_image.nii.gz,Normal,,,,,,,,D:/Backup/Mestrado/dados/JPR/dataset_jpr_train/dataset_jpr_train/3/001089
2161,"1,28E+73",jpr_dados,F,58.0,GE MEDICAL SYSTEMS,134.0,1.25,0.488281,1.25,1.0,-1024.0,True,,,,/home/neuro-source/main_source/datasets/sprap_2024_03/id_spr02161/id_spr02161_master_image.nii.gz,Normal,,,,,,,,D:/Backup/Mestrado/dados/JPR/dataset_jpr_train/dataset_jpr_train/2/002161
799,"1,28E+72",jpr_dados,M,41.0,Canon Medical Systems,191.0,1.0,0.485,1.0,1.0,0.0,True,,,,/home/neuro-source/main_source/datasets/sprap_2024_03/id_spr00799/id_spr00799_master_image.nii.gz,Normal,,,,,,,,D:/Backup/Mestrado/dados/JPR/dataset_jpr_train/dataset_jpr_train/3/000799
661,"1,28E+73",jpr_dados,M,60.0,GE MEDICAL SYSTEMS,285.0,0.625,0.371094,0.625,1.0,-1024.0,True,,,,/home/neuro-source/main_source/datasets/sprap_2024_03/id_spr00661/id_spr00661_master_image.nii.gz,Normal,,,,,,,,D:/Backup/Mestrado/dados/JPR/dataset_jpr_train/dataset_jpr_train/3/000661
2313,"1,28E+73",jpr_dados,M,48.0,TOSHIBA,201.0,2.0,0.473,1.0,1.0,0.0,True,,,,/home/neuro-source/main_source/datasets/sprap_2024_03/id_spr02313/id_spr02313_master_image.nii.gz,Normal,,,,,,,,D:/Backup/Mestrado/dados/JPR/dataset_jpr_train/dataset_jpr_train/2/002313
1989,"1,28E+73",jpr_dados,F,39.0,TOSHIBA,238.0,1.0,0.481,0.8,1.0,0.0,True,,,,/home/neuro-source/main_source/datasets/sprap_2024_03/id_spr01989/id_spr01989_master_image.nii.gz,Normal,,,,,,,,D:/Backup/Mestrado/dados/JPR/dataset_jpr_train/dataset_jpr_train/2/001989
2418,"1,28E+73",jpr_dados,F,50.0,GE MEDICAL SYSTEMS,151.0,2.5,0.41210898757,1.25,1.0,-1024.0,True,,,,/home/neuro-source/main_source/datasets/sprap_2024_03/id_spr02418/id_spr02418_master_image.nii.gz,Normal,,,,,,,,D:/Backup/Mestrado/dados/JPR/dataset_jpr_train/dataset_jpr_train/1/002418
1027,"1,28E+73",jpr_dados,M,40.0,GE MEDICAL SYSTEMS,149.0,1.25,0.488281,1.25,1.0,-1024.0,True,,,,/home/neuro-source/main_source/datasets/sprap_2024_03/id_spr01027/id_spr01027_master_image.nii.gz,Normal,,,,,,,,D:/Backup/Mestrado/dados/JPR/dataset_jpr_train/dataset_jpr_train/3/001027
815,"1,28E+73",jpr_dados,F,42.0,GE MEDICAL SYSTEMS,149.0,1.25,0.474609,1.25,1.0,-1024.0,True,,,,/home/neuro-source/main_source/datasets/sprap_2024_03/id_spr00815/id_spr00815_master_image.nii.gz,Normal,,,,,,,,D:/Backup/Mestrado/dados/JPR/dataset_jpr_train/dataset_jpr_train/3/000815
1794,"1,28E+73",jpr_dados,F,29.0,SIEMENS,274.0,1.0,0.4765625,0.6999999999999996,1.0,-1024.0,True,,,,/home/neuro-source/main_source/datasets/sprap_2024_03/id_spr01794/id_spr01794_master_image.nii.gz,Normal,,,,,,,,D:/Backup/Mestrado/dados/JPR/dataset_jpr_train/dataset_jpr_train/2/001794
2003,"1,28E+73",jpr_dados,F,57.0,TOSHIBA,207.0,1.0,0.429,0.7999999999999998,1.0,0.0,True,,,,/home/neuro-source/main_source/datasets/sprap_2024_03/id_spr02003/id_spr02003_master_image.nii.gz,Normal,,,,,,,,D:/Backup/Mestrado/dados/JPR/dataset_jpr_train/dataset_jpr_train/2/002003
1604,"1,28E+73",jpr_dados,F,34.0,GE MEDICAL SYSTEMS,134.0,1.25,0.412109,1.25,1.0,-1024.0,True,,,,/home/neuro-source/main_source/datasets/sprap_2024_03/id_spr01604/id_spr01604_master_image.nii.gz,Normal,,,,,,,,D:/Backup/Mestrado/dados/JPR/dataset_jpr_train/dataset_jpr_train/2/001604
710,"1,28E+72",jpr_dados,M,21.0,GE MEDICAL SYSTEMS,157.0,1.25,0.488281,1.25,1.0,-1024.0,True,,,,/home/neuro-source/main_source/datasets/sprap_2024_03/id_spr00710/id_spr00710_master_image.nii.gz,Normal,,,,,,,,D:/Backup/Mestrado/dados/JPR/dataset_jpr_train/dataset_jpr_train/3/000710
1192,"1,28E+72",jpr_dados,F,62.0,GE MEDICAL SYSTEMS,149.0,1.25,0.439453,1.25,1.0,-1024.0,True,,,,/home/neuro-source/main_source/datasets/sprap_2024_03/id_spr01192/id_spr01192_master_image.nii.gz,Normal,,,,,,,,D:/Backup/Mestrado/dados/JPR/dataset_jpr_train/dataset_jpr_train/3/001192
1938,"1,28E+72",jpr_dados,F,33.0,TOSHIBA,219.0,1.0,0.429,0.7999999999999999,1.0,0.0,True,,,,/home/neuro-source/main_source/datasets/sprap_2024_03/id_spr01938/id_spr01938_master_image.nii.gz,Normal,,,,,,,,D:/Backup/Mestrado/dados/JPR/dataset_jpr_train/dataset_jpr_train/2/001938
656,"1,28E+73",jpr_dados,F,22.0,GE MEDICAL SYSTEMS,173.0,1.25,0.488281,1.25,1.0,-1024.0,True,,,,/home/neuro-source/main_source/datasets/sprap_2024_03/id_spr00656/id_spr00656_master_image.nii.gz,Normal,,,,,,,,D:/Backup/Mestrado/dados/JPR/dataset_jpr_train/dataset_jpr_train/3/000656
913,"1,28E+72",jpr_dados,F,38.0,GE MEDICAL SYSTEMS,141.0,1.25,0.488281,1.25,1.0,-1024.0,True,,,,/home/neuro-source/main_source/datasets/sprap_2024_03/id_spr00913/id_spr00913_master_image.nii.gz,Normal,,,,,,,,D:/Backup/Mestrado/dados/JPR/dataset_jpr_train/dataset_jpr_train/3/000913
1257,"1,28E+73",jpr_dados,M,43.0,GE MEDICAL SYSTEMS,141.0,1.25,0.501953,1.25,1.0,-1024.0,True,,,,/home/neuro-source/main_source/datasets/sprap_2024_03/id_spr01257/id_spr01257_master_image.nii.gz,Normal,,,,,,,,D:/Backup/Mestrado/dados/JPR/dataset_jpr_train/dataset_jpr_train/3/001257
871,"1,28E+73",jpr_dados,M,21.0,Philips,219.0,1.5,0.458984375,0.75,1.0,-1024.0,True,,,,/home/neuro-source/main_source/datasets/sprap_2024_03/id_spr00871/id_spr00871_master_image.nii.gz,Normal,,,,,,,,D:/Backup/Mestrado/dados/JPR/dataset_jpr_train/dataset_jpr_train/3/000871
1566,"1,28E+72",jpr_dados,F,40.0,GE MEDICAL SYSTEMS,138.0,1.25,0.447266,1.25,1.0,-1024.0,True,,,,/home/neuro-source/main_source/datasets/sprap_2024_03/id_spr01566/id_spr01566_master_image.nii.gz,Normal,,,,,,,,D:/Backup/Mestrado/dados/JPR/dataset_jpr_train/dataset_jpr_train/2/001566
1142,"1,28E+73",jpr_dados,F,34.0,Philips,176.0,2.0,0.441406,1.0,1.0,-1024.0,True,,,,/home/neuro-source/main_source/datasets/sprap_2024_03/id_spr01142/id_spr01142_master_image.nii.gz,Normal,,,,,,,,D:/Backup/Mestrado/dados/JPR/dataset_jpr_train/dataset_jpr_train/3/001142
2444,"1,28E+73",jpr_dados,M,69.0,TOSHIBA,232.0,1.0,0.470999985933,0.7999999999999998,1.0,0.0,True,,,,/home/neuro-source/main_source/datasets/sprap_2024_03/id_spr02444/id_spr02444_master_image.nii.gz,Normal,,,,,,,,D:/Backup/Mestrado/dados/JPR/dataset_jpr_train/dataset_jpr_train/1/002444
1963,"1,28E+73",jpr_dados,F,32.0,TOSHIBA,238.0,1.0,0.515,0.8,1.0,0.0,True,,,,/home/neuro-source/main_source/datasets/sprap_2024_03/id_spr01963/id_spr01963_master_image.nii.gz,Normal,,,,,,,,D:/Backup/Mestrado/dados/JPR/dataset_jpr_train/dataset_jpr_train/2/001963
1157,"1,28E+73",jpr_dados,F,53.0,GE MEDICAL SYSTEMS,145.0,1.25,0.488281,1.25,1.0,-1024.0,True,,,,/home/neuro-source/main_source/datasets/sprap_2024_03/id_spr01157/id_spr01157_master_image.nii.gz,Normal,,,,,,,,D:/Backup/Mestrado/dados/JPR/dataset_jpr_train/dataset_jpr_train/3/001157
1301,"1,28E+73",jpr_dados,F,35.0,GE MEDICAL SYSTEMS,141.0,1.25,0.447266,1.25,1.0,-1024.0,True,,,,/home/neuro-source/main_source/datasets/sprap_2024_03/id_spr01301/id_spr01301_master_image.nii.gz,Normal,,,,,,,,D:/Backup/Mestrado/dados/JPR/dataset_jpr_train/dataset_jpr_train/3/001301
1174,"1,28E+73",jpr_dados,F,44.0,GE MEDICAL SYSTEMS,153.0,1.25,0.517578,1.25,1.0,-1024.0,True,,,,/home/neuro-source/main_source/datasets/sprap_2024_03/id_spr01174/id_spr01174_master_image.nii.gz,Normal,,,,,,,,D:/Backup/Mestrado/dados/JPR/dataset_jpr_train/dataset_jpr_train/3/001174
1355,"1,28E+73",jpr_dados,F,49.0,Canon Medical Systems,232.0,1.0,0.412,0.7999999999999998,1.0,0.0,True,,,,/home/neuro-source/main_source/datasets/sprap_2024_03/id_spr01355/id_spr01355_master_image.nii.gz,Normal,,,,,,,,D:/Backup/Mestrado/dados/JPR/dataset_jpr_train/dataset_jpr_train/2/001355
502,"1,28E+73",jpr_dados,F,43.0,GE MEDICAL SYSTEMS,145.0,1.25,0.488281,1.25,1.0,-1024.0,True,,,,/home/neuro-source/main_source/datasets/sprap_2024_03/id_spr00502/id_spr00502_master_image.nii.gz,Normal,,,,,,,,D:/Backup/Mestrado/dados/JPR/dataset_jpr_train/dataset_jpr_train/3/000502
1266,"1,28E+73",jpr_dados,F,39.0,Philips,167.0,2.0,0.421875,10.000.000.012.048.100,1.0,-1024.0,True,,,,/home/neuro-source/main_source/datasets/sprap_2024_03/id_spr01266/id_spr01266_master_image.nii.gz,Normal,,,,,,,,D:/Backup/Mestrado/dados/JPR/dataset_jpr_train/dataset_jpr_train/3/001266
802,"1,28E+73",jpr_dados,F,32.0,GE MEDICAL SYSTEMS,141.0,1.25,0.453125,1.25,1.0,-1024.0,True,,,,/home/neuro-source/main_source/datasets/sprap_2024_03/id_spr00802/id_spr00802_master_image.nii.gz,Normal,,,,,,,,D:/Backup/Mestrado/dados/JPR/dataset_jpr_train/dataset_jpr_train/3/000802
874,"1,28E+73",jpr_dados,F,38.0,GE MEDICAL SYSTEMS,178.0,1.25,0.541016,1.25,1.0,-1024.0,True,,,,/home/neuro-source/main_source/datasets/sprap_2024_03/id_spr00874/id_spr00874_master_image.nii.gz,Normal,,,,,,,,D:/Backup/Mestrado/dados/JPR/dataset_jpr_train/dataset_jpr_train/3/000874
705,"1,28E+73",jpr_dados,F,23.0,Philips,235.0,1.5,0.525390625,0.7499999982905983,1.0,-1024.0,True,,,,/home/neuro-source/main_source/datasets/sprap_2024_03/id_spr00705/id_spr00705_master_image.nii.gz,Normal,,,,,,,,D:/Backup/Mestrado/dados/JPR/dataset_jpr_train/dataset_jpr_train/3/000705
1590,"1,28E+73",jpr_dados,F,47.0,GE MEDICAL SYSTEMS,121.0,1.25,0.429688,1.25,1.0,-1024.0,True,,,,/home/neuro-source/main_source/datasets/sprap_2024_03/id_spr01590/id_spr01590_master_image.nii.gz,Normal,,,,,,,,D:/Backup/Mestrado/dados/JPR/dataset_jpr_train/dataset_jpr_train/2/001590
1808,"1,28E+73",jpr_dados,M,23.0,TOSHIBA,226.0,1.0,0.483,0.8,1.0,0.0,True,,,,/home/neuro-source/main_source/datasets/sprap_2024_03/id_spr01808/id_spr01808_master_image.nii.gz,Normal,,,,,,,,D:/Backup/Mestrado/dados/JPR/dataset_jpr_train/dataset_jpr_train/2/001808
1568,"1,28E+73",jpr_dados,M,21.0,Philips,249.0,1.5,0.488281,0.750000120967742,1.0,-1024.0,True,,,,/home/neuro-source/main_source/datasets/sprap_2024_03/id_spr01568/id_spr01568_master_image.nii.gz,Normal,,,,,,,,D:/Backup/Mestrado/dados/JPR/dataset_jpr_train/dataset_jpr_train/2/001568
446,"1,28E+73",jpr_dados,M,28.0,GE MEDICAL SYSTEMS,155.0,1.25,0.541016,1.25,1.0,-1024.0,True,,,,/home/neuro-source/main_source/datasets/sprap_2024_03/id_spr00446/id_spr00446_master_image.nii.gz,Normal,,,,,,,,D:/Backup/Mestrado/dados/JPR/dataset_jpr_train/dataset_jpr_train/3/000446
2242,"1,28E+73",jpr_dados,F,42.0,GE MEDICAL SYSTEMS,141.0,1.25,0.425781,1.25,1.0,-1024.0,True,,,,/home/neuro-source/main_source/datasets/sprap_2024_03/id_spr02242/id_spr02242_master_image.nii.gz,Normal,,,,,,,,D:/Backup/Mestrado/dados/JPR/dataset_jpr_train/dataset_jpr_train/2/002242
1381,"1,28E+73",jpr_dados,M,43.0,GE MEDICAL SYSTEMS,281.0,0.625,0.449219,0.625,1.0,-1024.0,True,,,,/home/neuro-source/main_source/datasets/sprap_2024_03/id_spr01381/id_spr01381_master_image.nii.gz,Normal,,,,,,,,D:/Backup/Mestrado/dados/JPR/dataset_jpr_train/dataset_jpr_train/2/001381
491,"1,28E+73",jpr_dados,F,54.0,GE MEDICAL SYSTEMS,267.0,1.25,0.498047,0.625,1.0,-1024.0,True,,,,/home/neuro-source/main_source/datasets/sprap_2024_03/id_spr00491/id_spr00491_master_image.nii.gz,Normal,,,,,,,,D:/Backup/Mestrado/dados/JPR/dataset_jpr_train/dataset_jpr_train/3/000491
510,"1,28E+73",jpr_dados,F,47.0,GE MEDICAL SYSTEMS,141.0,1.25,0.488281,1.25,1.0,-1024.0,True,,,,/home/neuro-source/main_source/datasets/sprap_2024_03/id_spr00510/id_spr00510_master_image.nii.gz,Normal,,,,,,,,D:/Backup/Mestrado/dados/JPR/dataset_jpr_train/dataset_jpr_train/3/000510
2312,"1,28E+73",jpr_dados,F,43.0,TOSHIBA,181.0,2.0,0.449,1.0,1.0,0.0,True,,,,/home/neuro-source/main_source/datasets/sprap_2024_03/id_spr02312/id_spr02312_master_image.nii.gz,Normal,,,,,,,,D:/Backup/Mestrado/dados/JPR/dataset_jpr_train/dataset_jpr_train/2/002312
953,"1,28E+73",jpr_dados,M,31.0,GE MEDICAL SYSTEMS,173.0,1.25,0.46875,1.25,1.0,-1024.0,True,,,,/home/neuro-source/main_source/datasets/sprap_2024_03/id_spr00953/id_spr00953_master_image.nii.gz,Normal,,,,,,,,D:/Backup/Mestrado/dados/JPR/dataset_jpr_train/dataset_jpr_train/3/000953
941,"1,28E+73",jpr_dados,M,31.0,Canon Medical Systems,186.0,2.0,0.478,1.0,1.0,0.0,True,,,,/home/neuro-source/main_source/datasets/sprap_2024_03/id_spr00941/id_spr00941_master_image.nii.gz,Normal,,,,,,,,D:/Backup/Mestrado/dados/JPR/dataset_jpr_train/dataset_jpr_train/3/000941
481,"1,28E+73",jpr_dados,F,28.0,GE MEDICAL SYSTEMS,129.0,1.25,0.449219,1.25,1.0,-1024.0,True,,,,/home/neuro-source/main_source/datasets/sprap_2024_03/id_spr00481/id_spr00481_master_image.nii.gz,Normal,,,,,,,,D:/Backup/Mestrado/dados/JPR/dataset_jpr_train/dataset_jpr_train/3/000481
951,"1,28E+73",jpr_dados,F,35.0,GE MEDICAL SYSTEMS,145.0,1.25,0.484375,1.25,1.0,-1024.0,True,,,,/home/neuro-source/main_source/datasets/sprap_2024_03/id_spr00951/id_spr00951_master_image.nii.gz,Normal,,,,,,,,D:/Backup/Mestrado/dados/JPR/dataset_jpr_train/dataset_jpr_train/3/000951
2456,"1,28E+73",jpr_dados,M,87.0,GE MEDICAL SYSTEMS,145.0,2.5,0.625,1.25,1.0,-1024.0,True,,,,/home/neuro-source/main_source/datasets/sprap_2024_03/id_spr02456/id_spr02456_master_image.nii.gz,Normal,,,,,,,,D:/Backup/Mestrado/dados/JPR/dataset_jpr_train/dataset_jpr_train/1/002456
1901,"1,28E+73",jpr_dados,F,45.0,GE MEDICAL SYSTEMS,171.0,1.25,0.384766,1.0,1.0,-1024.0,True,,,,/home/neuro-source/main_source/datasets/sprap_2024_03/id_spr01901/id_spr01901_master_image.nii.gz,Normal,,,,,,,,D:/Backup/Mestrado/dados/JPR/dataset_jpr_train/dataset_jpr_train/2/001901
1987,"1,28E+73",jpr_dados,M,25.0,TOSHIBA,251.0,1.0,0.466,0.8,1.0,0.0,True,,,,/home/neuro-source/main_source/datasets/sprap_2024_03/id_spr01987/id_spr01987_master_image.nii.gz,Normal,,,,,,,,D:/Backup/Mestrado/dados/JPR/dataset_jpr_train/dataset_jpr_train/2/001987
1241,"1,28E+73",jpr_dados,M,33.0,GE MEDICAL SYSTEMS,153.0,1.25,0.523438,1.25,1.0,-1024.0,True,,,,/home/neuro-source/main_source/datasets/sprap_2024_03/id_spr01241/id_spr01241_master_image.nii.gz,Normal,,,,,,,,D:/Backup/Mestrado/dados/JPR/dataset_jpr_train/dataset_jpr_train/3/001241
2066,"1,28E+72",jpr_dados,F,23.0,TOSHIBA,238.0,1.0,0.463,0.8,1.0,0.0,True,,,,/home/neuro-source/main_source/datasets/sprap_2024_03/id_spr02066/id_spr02066_master_image.nii.gz,Normal,,,,,,,,D:/Backup/Mestrado/dados/JPR/dataset_jpr_train/dataset_jpr_train/2/002066
1765,"1,28E+73",jpr_dados,M,41.0,GE MEDICAL SYSTEMS,144.0,1.25,0.460938,1.25,1.0,-1024.0,True,,,,/home/neuro-source/main_source/datasets/sprap_2024_03/id_spr01765/id_spr01765_master_image.nii.gz,Normal,,,,,,,,D:/Backup/Mestrado/dados/JPR/dataset_jpr_train/dataset_jpr_train/2/001765
2213,"1,28E+73",jpr_dados,M,32.0,GE MEDICAL SYSTEMS,146.0,1.25,0.400391,1.25,1.0,-1024.0,True,,,,/home/neuro-source/main_source/datasets/sprap_2024_03/id_spr02213/id_spr02213_master_image.nii.gz,Normal,,,,,,,,D:/Backup/Mestrado/dados/JPR/dataset_jpr_train/dataset_jpr_train/2/002213
639,"1,28E+73",jpr_dados,F,35.0,GE MEDICAL SYSTEMS,133.0,1.25,0.488281,1.25,1.0,-1024.0,True,,,,/home/neuro-source/main_source/datasets/sprap_2024_03/id_spr00639/id_spr00639_master_image.nii.gz,Normal,,,,,,,,D:/Backup/Mestrado/dados/JPR/dataset_jpr_train/dataset_jpr_train/3/000639
2010,"1,28E+73",jpr_dados,F,41.0,TOSHIBA,222.0,1.0,0.43,0.8,1.0,0.0,True,,,,/home/neuro-source/main_source/datasets/sprap_2024_03/id_spr02010/id_spr02010_master_image.nii.gz,Normal,,,,,,,,D:/Backup/Mestrado/dados/JPR/dataset_jpr_train/dataset_jpr_train/2/002010
1549,"1,28E+73",jpr_dados,F,27.0,Philips,211.0,1.5,0.417969,0.75,1.0,-1024.0,True,,,,/home/neuro-source/main_source/datasets/sprap_2024_03/id_spr01549/id_spr01549_master_image.nii.gz,Normal,,,,,,,,D:/Backup/Mestrado/dados/JPR/dataset_jpr_train/dataset_jpr_train/2/001549
2371,"1,28E+73",jpr_dados,F,49.0,GE MEDICAL SYSTEMS,245.0,1.25,0.441406011581,0.625,1.0,-1024.0,True,,,,/home/neuro-source/main_source/datasets/sprap_2024_03/id_spr02371/id_spr02371_master_image.nii.gz,Normal,,,,,,,,D:/Backup/Mestrado/dados/JPR/dataset_jpr_train/dataset_jpr_train/1/002371
476,"1,28E+73",jpr_dados,F,31.0,Canon Medical Systems,211.0,1.0,0.549,1.0,1.0,0.0,True,,,,/home/neuro-source/main_source/datasets/sprap_2024_03/id_spr00476/id_spr00476_master_image.nii.gz,Normal,,,,,,,,D:/Backup/Mestrado/dados/JPR/dataset_jpr_train/dataset_jpr_train/3/000476
855,"1,28E+72",jpr_dados,M,37.0,GE MEDICAL SYSTEMS,173.0,1.25,0.613281,1.25,1.0,-1024.0,True,,,,/home/neuro-source/main_source/datasets/sprap_2024_03/id_spr00855/id_spr00855_master_image.nii.gz,Normal,,,,,,,,D:/Backup/Mestrado/dados/JPR/dataset_jpr_train/dataset_jpr_train/3/000855
843,"1,28E+73",jpr_dados,F,36.0,Canon Medical Systems,201.0,2.0,0.551,1.0,1.0,0.0,True,,,,/home/neuro-source/main_source/datasets/sprap_2024_03/id_spr00843/id_spr00843_master_image.nii.gz,Normal,,,,,,,,D:/Backup/Mestrado/dados/JPR/dataset_jpr_train/dataset_jpr_train/3/000843
2137,"1,28E+73",jpr_dados,F,48.0,SIEMENS,261.0,0.75,0.44140625,0.6999999999999997,1.0,-1024.0,True,,,,/home/neuro-source/main_source/datasets/sprap_2024_03/id_spr02137/id_spr02137_master_image.nii.gz,Normal,,,,,,,,D:/Backup/Mestrado/dados/JPR/dataset_jpr_train/dataset_jpr_train/2/002137
1324,"1,28E+73",jpr_dados,F,30.0,GE MEDICAL SYSTEMS,256.0,0.625,0.488281,0.6250039215686274,1.0,-1024.0,True,,,,/home/neuro-source/main_source/datasets/sprap_2024_03/id_spr01324/id_spr01324_master_image.nii.gz,Normal,,,,,,,,D:/Backup/Mestrado/dados/JPR/dataset_jpr_train/dataset_jpr_train/2/001324
2077,"1,28E+73",jpr_dados,F,24.0,GE MEDICAL SYSTEMS,135.0,1.25,0.429688,1.25,1.0,-1024.0,True,,,,/home/neuro-source/main_source/datasets/sprap_2024_03/id_spr02077/id_spr02077_master_image.nii.gz,Normal,,,,,,,,D:/Backup/Mestrado/dados/JPR/dataset_jpr_train/dataset_jpr_train/2/002077
2271,"1,28E+73",jpr_dados,F,43.0,TOSHIBA,181.0,2.0,0.43,1.0,1.0,0.0,True,,,,/home/neuro-source/main_source/datasets/sprap_2024_03/id_spr02271/id_spr02271_master_image.nii.gz,Normal,,,,,,,,D:/Backup/Mestrado/dados/JPR/dataset_jpr_train/dataset_jpr_train/2/002271
1686,"1,28E+73",jpr_dados,F,65.0,GE MEDICAL SYSTEMS,157.0,1.25,0.488281,1.0,1.0,-1024.0,True,,,,/home/neuro-source/main_source/datasets/sprap_2024_03/id_spr01686/id_spr01686_master_image.nii.gz,Normal,,,,,,,,D:/Backup/Mestrado/dados/JPR/dataset_jpr_train/dataset_jpr_train/2/001686
2567,"1,28E+73",jpr_dados,M,77.0,GE MEDICAL SYSTEMS,151.0,2.5,0.404296994209,1.25,1.0,-1024.0,True,,,,/home/neuro-source/main_source/datasets/sprap_2024_03/id_spr02567/id_spr02567_master_image.nii.gz,Normal,,,,,,,,D:/Backup/Mestrado/dados/JPR/dataset_jpr_train/dataset_jpr_train/1/002567
1069,"1,28E+73",jpr_dados,F,43.0,GE MEDICAL SYSTEMS,177.0,1.25,0.625,1.25,1.0,-1024.0,True,,,,/home/neuro-source/main_source/datasets/sprap_2024_03/id_spr01069/id_spr01069_master_image.nii.gz,Normal,,,,,,,,D:/Backup/Mestrado/dados/JPR/dataset_jpr_train/dataset_jpr_train/3/001069
648,"1,28E+73",jpr_dados,F,42.0,GE MEDICAL SYSTEMS,143.0,1.25,0.539062,1.25,1.0,-1024.0,True,,,,/home/neuro-source/main_source/datasets/sprap_2024_03/id_spr00648/id_spr00648_master_image.nii.gz,Normal,,,,,,,,D:/Backup/Mestrado/dados/JPR/dataset_jpr_train/dataset_jpr_train/3/000648
2158,"1,28E+73",jpr_dados,F,61.0,GE MEDICAL SYSTEMS,165.0,1.25,0.476562,1.25,1.0,-1024.0,True,,,,/home/neuro-source/main_source/datasets/sprap_2024_03/id_spr02158/id_spr02158_master_image.nii.gz,Normal,,,,,,,,D:/Backup/Mestrado/dados/JPR/dataset_jpr_train/dataset_jpr_train/2/002158
626,"1,28E+73",jpr_dados,F,44.0,GE MEDICAL SYSTEMS,145.0,1.25,0.453125,1.25,1.0,-1024.0,True,,,,/home/neuro-source/main_source/datasets/sprap_2024_03/id_spr00626/id_spr00626_master_image.nii.gz,Normal,,,,,,,,D:/Backup/Mestrado/dados/JPR/dataset_jpr_train/dataset_jpr_train/3/000626
1962,"1,28E+73",jpr_dados,F,29.0,TOSHIBA,263.0,1.0,0.505,0.8,1.0,0.0,True,,,,/home/neuro-source/main_source/datasets/sprap_2024_03/id_spr01962/id_spr01962_master_image.nii.gz,Normal,,,,,,,,D:/Backup/Mestrado/dados/JPR/dataset_jpr_train/dataset_jpr_train/2/001962
1810,"1,28E+73",jpr_dados,M,31.0,GE MEDICAL SYSTEMS,137.0,1.25,0.46875,1.25,1.0,-1024.0,True,,,,/home/neuro-source/main_source/datasets/sprap_2024_03/id_spr01810/id_spr01810_master_image.nii.gz,Normal,,,,,,,,D:/Backup/Mestrado/dados/JPR/dataset_jpr_train/dataset_jpr_train/2/001810
566,"1,28E+73",jpr_dados,M,37.0,GE MEDICAL SYSTEMS,157.0,1.25,0.5,1.25,1.0,-1024.0,True,,,,/home/neuro-source/main_source/datasets/sprap_2024_03/id_spr00566/id_spr00566_master_image.nii.gz,Normal,,,,,,,,D:/Backup/Mestrado/dados/JPR/dataset_jpr_train/dataset_jpr_train/3/000566
1832,"1,28E+73",jpr_dados,M,32.0,TOSHIBA,301.0,1.0,0.468,0.8,1.0,0.0,True,,,,/home/neuro-source/main_source/datasets/sprap_2024_03/id_spr01832/id_spr01832_master_image.nii.gz,Normal,,,,,,,,D:/Backup/Mestrado/dados/JPR/dataset_jpr_train/dataset_jpr_train/2/001832
2405,"1,28E+73",jpr_dados,F,44.0,GE MEDICAL SYSTEMS,145.0,2.5,0.47851601243,1.25,1.0,-1024.0,True,,,,/home/neuro-source/main_source/datasets/sprap_2024_03/id_spr02405/id_spr02405_master_image.nii.gz,Normal,,,,,,,,
1868,"1,28E+73",jpr_dados,F,29.0,TOSHIBA,166.0,2.0,0.449,1.0,1.0,0.0,True,,,,/home/neuro-source/main_source/datasets/sprap_2024_03/id_spr01868/id_spr01868_master_image.nii.gz,Normal,,,,,,,,D:/Backup/Mestrado/dados/JPR/dataset_jpr_train/dataset_jpr_train/2/001868
1117,"1,28E+73",jpr_dados,F,35.0,GE MEDICAL SYSTEMS,143.0,1.25,0.488281,1.25,1.0,-1024.0,True,,,,/home/neuro-source/main_source/datasets/sprap_2024_03/id_spr01117/id_spr01117_master_image.nii.gz,Normal,,,,,,,,D:/Backup/Mestrado/dados/JPR/dataset_jpr_train/dataset_jpr_train/3/001117
793,"1,28E+73",jpr_dados,M,43.0,GE MEDICAL SYSTEMS,149.0,1.25,0.488281,1.25,1.0,-1024.0,True,,,,/home/neuro-source/main_source/datasets/sprap_2024_03/id_spr00793/id_spr00793_master_image.nii.gz,Normal,,,,,,,,D:/Backup/Mestrado/dados/JPR/dataset_jpr_train/dataset_jpr_train/3/000793
1572,"1,28E+73",jpr_dados,F,33.0,GE MEDICAL SYSTEMS,361.0,0.625,0.486328,0.625,1.0,-1024.0,True,,,,/home/neuro-source/main_source/datasets/sprap_2024_03/id_spr01572/id_spr01572_master_image.nii.gz,Normal,,,,,,,,D:/Backup/Mestrado/dados/JPR/dataset_jpr_train/dataset_jpr_train/2/001572
2362,"1,28E+73",jpr_dados,M,84.0,GE MEDICAL SYSTEMS,285.0,1.25,0.625,0.625,1.0,-1024.0,True,,,,/home/neuro-source/main_source/datasets/sprap_2024_03/id_spr02362/id_spr02362_master_image.nii.gz,Normal,,,,,,,,D:/Backup/Mestrado/dados/JPR/dataset_jpr_train/dataset_jpr_train/1/002362
2079,"1,28E+73",jpr_dados,M,26.0,GE MEDICAL SYSTEMS,140.0,1.25,0.460938,1.25,1.0,-1024.0,True,,,,/home/neuro-source/main_source/datasets/sprap_2024_03/id_spr02079/id_spr02079_master_image.nii.gz,Normal,,,,,,,,D:/Backup/Mestrado/dados/JPR/dataset_jpr_train/dataset_jpr_train/2/002079
1941,"1,28E+73",jpr_dados,F,50.0,TOSHIBA,238.0,1.0,0.43,0.8,1.0,0.0,True,,,,/home/neuro-source/main_source/datasets/sprap_2024_03/id_spr01941/id_spr01941_master_image.nii.gz,Normal,,,,,,,,D:/Backup/Mestrado/dados/JPR/dataset_jpr_train/dataset_jpr_train/2/001941
2524,"1,28E+73",jpr_dados,F,44.0,GE MEDICAL SYSTEMS,293.0,1.25,0.423828005791,0.625,1.0,-1024.0,True,,,,/home/neuro-source/main_source/datasets/sprap_2024_03/id_spr02524/id_spr02524_master_image.nii.gz,Normal,,,,,,,,D:/Backup/Mestrado/dados/JPR/dataset_jpr_train/dataset_jpr_train/1/002524
1544,"1,28E+73",jpr_dados,F,29.0,GE MEDICAL SYSTEMS,143.0,1.25,0.431641,1.25,1.0,-1024.0,True,,,,/home/neuro-source/main_source/datasets/sprap_2024_03/id_spr01544/id_spr01544_master_image.nii.gz,Normal,,,,,,,,D:/Backup/Mestrado/dados/JPR/dataset_jpr_train/dataset_jpr_train/2/001544
2318,"1,28E+73",jpr_dados,F,59.0,TOSHIBA,181.0,2.0,0.485,1.0,1.0,0.0,True,,,,/home/neuro-source/main_source/datasets/sprap_2024_03/id_spr02318/id_spr02318_master_image.nii.gz,Normal,,,,,,,,D:/Backup/Mestrado/dados/JPR/dataset_jpr_train/dataset_jpr_train/2/002318
901,"1,28E+72",jpr_dados,F,54.0,GE MEDICAL SYSTEMS,157.0,1.25,0.488281,1.25,1.0,-1024.0,True,,,,/home/neuro-source/main_source/datasets/sprap_2024_03/id_spr00901/id_spr00901_master_image.nii.gz,Normal,,,,,,,,D:/Backup/Mestrado/dados/JPR/dataset_jpr_train/dataset_jpr_train/3/000901
1527,"1,28E+73",jpr_dados,F,34.0,TOSHIBA,213.0,1.0,0.43,0.8000000000000002,1.0,0.0,True,,,,/home/neuro-source/main_source/datasets/sprap_2024_03/id_spr01527/id_spr01527_master_image.nii.gz,Normal,,,,,,,,D:/Backup/Mestrado/dados/JPR/dataset_jpr_train/dataset_jpr_train/2/001527
404,"1,28E+73",jpr_dados,F,32.0,GE MEDICAL SYSTEMS,153.0,1.25,0.488281,1.25,1.0,-1024.0,True,,,,/home/neuro-source/main_source/datasets/sprap_2024_03/id_spr00404/id_spr00404_master_image.nii.gz,Normal,,,,,,,,D:/Backup/Mestrado/dados/JPR/dataset_jpr_train/dataset_jpr_train/3/000404
731,"1,28E+73",jpr_dados,F,36.0,GE MEDICAL SYSTEMS,145.0,1.25,0.441406,1.25,1.0,-1024.0,True,,,,/home/neuro-source/main_source/datasets/sprap_2024_03/id_spr00731/id_spr00731_master_image.nii.gz,Normal,,,,,,,,D:/Backup/Mestrado/dados/JPR/dataset_jpr_train/dataset_jpr_train/3/000731
2357,"1,28E+73",jpr_dados,F,34.0,GE MEDICAL SYSTEMS,147.0,2.5,0.451171994209,1.25,1.0,-1024.0,True,,,,/home/neuro-source/main_source/datasets/sprap_2024_03/id_spr02357/id_spr02357_master_image.nii.gz,Normal,,,,,,,,D:/Backup/Mestrado/dados/JPR/dataset_jpr_train/dataset_jpr_train/2/002357
1670,"1,28E+73",jpr_dados,F,30.0,GE MEDICAL SYSTEMS,162.0,1.25,0.488281,1.0,1.0,-1024.0,True,,,,/home/neuro-source/main_source/datasets/sprap_2024_03/id_spr01670/id_spr01670_master_image.nii.gz,Normal,,,,,,,,D:/Backup/Mestrado/dados/JPR/dataset_jpr_train/dataset_jpr_train/2/001670
402,"1,28E+73",jpr_dados,F,37.0,Philips,170.0,2.0,0.48828125,0.999999997633136,1.0,-1024.0,True,,,,/home/neuro-source/main_source/datasets/sprap_2024_03/id_spr00402/id_spr00402_master_image.nii.gz,Normal,,,,,,,,D:/Backup/Mestrado/dados/JPR/dataset_jpr_train/dataset_jpr_train/3/000402
1145,"1,28E+73",jpr_dados,F,42.0,GE MEDICAL SYSTEMS,139.0,1.25,0.429688,1.25,1.0,-1024.0,True,,,,/home/neuro-source/main_source/datasets/sprap_2024_03/id_spr01145/id_spr01145_master_image.nii.gz,Normal,,,,,,,,D:/Backup/Mestrado/dados/JPR/dataset_jpr_train/dataset_jpr_train/3/001145
2015,"1,28E+73",jpr_dados,F,28.0,TOSHIBA,232.0,1.0,0.473,0.7999999999999998,1.0,0.0,True,,,,/home/neuro-source/main_source/datasets/sprap_2024_03/id_spr02015/id_spr02015_master_image.nii.gz,Normal,,,,,,,,D:/Backup/Mestrado/dados/JPR/dataset_jpr_train/dataset_jpr_train/2/002015
500,"1,28E+73",jpr_dados,M,47.0,GE MEDICAL SYSTEMS,137.0,1.25,0.488281,1.25,1.0,-1024.0,True,,,,/home/neuro-source/main_source/datasets/sprap_2024_03/id_spr00500/id_spr00500_master_image.nii.gz,Normal,,,,,,,,D:/Backup/Mestrado/dados/JPR/dataset_jpr_train/dataset_jpr_train/3/000500
2560,"1,28E+73",jpr_dados,F,85.0,GE MEDICAL SYSTEMS,267.0,1.25,0.488281011581,0.625,1.0,-1024.0,True,,,,/home/neuro-source/main_source/datasets/sprap_2024_03/id_spr02560/id_spr02560_master_image.nii.gz,Normal,,,,,,,,D:/Backup/Mestrado/dados/JPR/dataset_jpr_train/dataset_jpr_train/1/002560
1730,"1,28E+73",jpr_dados,M,48.0,GE MEDICAL SYSTEMS,147.0,1.25,0.445312,1.25,1.0,-1024.0,True,,,,/home/neuro-source/main_source/datasets/sprap_2024_03/id_spr01730/id_spr01730_master_image.nii.gz,Normal,,,,,,,,D:/Backup/Mestrado/dados/JPR/dataset_jpr_train/dataset_jpr_train/2/001730
787,"1,28E+73",jpr_dados,M,45.0,GE MEDICAL SYSTEMS,165.0,1.25,0.494141,1.25,1.0,-1024.0,True,,,,/home/neuro-source/main_source/datasets/sprap_2024_03/id_spr00787/id_spr00787_master_image.nii.gz,Normal,,,,,,,,D:/Backup/Mestrado/dados/JPR/dataset_jpr_train/dataset_jpr_train/3/000787
1335,"1,28E+73",jpr_dados,M,39.0,TOSHIBA,238.0,1.0,0.478,0.8,1.0,0.0,True,,,,/home/neuro-source/main_source/datasets/sprap_2024_03/id_spr01335/id_spr01335_master_image.nii.gz,Normal,,,,,,,,D:/Backup/Mestrado/dados/JPR/dataset_jpr_train/dataset_jpr_train/2/001335
2087,"1,28E+73",jpr_dados,F,26.0,GE MEDICAL SYSTEMS,147.0,1.25,0.488281,1.25,1.0,-1024.0,True,,,,/home/neuro-source/main_source/datasets/sprap_2024_03/id_spr02087/id_spr02087_master_image.nii.gz,Normal,,,,,,,,D:/Backup/Mestrado/dados/JPR/dataset_jpr_train/dataset_jpr_train/2/002087
1272,"1,28E+73",jpr_dados,F,21.0,Philips,220.0,1.5,0.412109375,0.75,1.0,-1024.0,True,,,,/home/neuro-source/main_source/datasets/sprap_2024_03/id_spr01272/id_spr01272_master_image.nii.gz,Normal,,,,,,,,D:/Backup/Mestrado/dados/JPR/dataset_jpr_train/dataset_jpr_train/3/001272
1280,"1,28E+73",jpr_dados,M,52.0,GE MEDICAL SYSTEMS,239.0,0.625,0.429688,0.625,1.0,-1024.0,True,,,,/home/neuro-source/main_source/datasets/sprap_2024_03/id_spr01280/id_spr01280_master_image.nii.gz,Normal,,,,,,,,D:/Backup/Mestrado/dados/JPR/dataset_jpr_train/dataset_jpr_train/3/001280
1374,"1,28E+72",jpr_dados,F,29.0,GE MEDICAL SYSTEMS,186.0,1.25,0.447266,1.0,1.0,-1024.0,True,,,,/home/neuro-source/main_source/datasets/sprap_2024_03/id_spr01374/id_spr01374_master_image.nii.gz,Normal,,,,,,,,D:/Backup/Mestrado/dados/JPR/dataset_jpr_train/dataset_jpr_train/2/001374
1179,"1,28E+73",jpr_dados,F,42.0,GE MEDICAL SYSTEMS,145.0,1.25,0.488281,1.25,1.0,-1024.0,True,,,,/home/neuro-source/main_source/datasets/sprap_2024_03/id_spr01179/id_spr01179_master_image.nii.gz,Normal,,,,,,,,D:/Backup/Mestrado/dados/JPR/dataset_jpr_train/dataset_jpr_train/3/001179
1747,"1,28E+73",jpr_dados,M,52.0,GE MEDICAL SYSTEMS,142.0,1.25,0.46875,1.25,1.0,-1024.0,True,,,,/home/neuro-source/main_source/datasets/sprap_2024_03/id_spr01747/id_spr01747_master_image.nii.gz,Normal,,,,,,,,D:/Backup/Mestrado/dados/JPR/dataset_jpr_train/dataset_jpr_train/2/001747
2538,"1,28E+72",jpr_dados,F,59.0,GE MEDICAL SYSTEMS,265.0,1.25,0.394531011581,0.625,1.0,-1024.0,True,,,,/home/neuro-source/main_source/datasets/sprap_2024_03/id_spr02538/id_spr02538_master_image.nii.gz,Normal,,,,,,,,D:/Backup/Mestrado/dados/JPR/dataset_jpr_train/dataset_jpr_train/1/002538
805,"1,28E+73",jpr_dados,F,26.0,GE MEDICAL SYSTEMS,153.0,1.25,0.488281,1.25,1.0,-1024.0,True,,,,/home/neuro-source/main_source/datasets/sprap_2024_03/id_spr00805/id_spr00805_master_image.nii.gz,Normal,,,,,,,,D:/Backup/Mestrado/dados/JPR/dataset_jpr_train/dataset_jpr_train/3/000805
1318,"1,28E+73",jpr_dados,M,44.0,TOSHIBA,244.0,1.0,0.473,0.7999999999999999,1.0,0.0,True,,,,/home/neuro-source/main_source/datasets/sprap_2024_03/id_spr01318/id_spr01318_master_image.nii.gz,Normal,,,,,,,,D:/Backup/Mestrado/dados/JPR/dataset_jpr_train/dataset_jpr_train/3/001318
1095,"1,28E+73",jpr_dados,F,19.0,GE MEDICAL SYSTEMS,141.0,1.25,0.488281,1.25,1.0,-1024.0,True,,,,/home/neuro-source/main_source/datasets/sprap_2024_03/id_spr01095/id_spr01095_master_image.nii.gz,Normal,,,,,,,,D:/Backup/Mestrado/dados/JPR/dataset_jpr_train/dataset_jpr_train/3/001095
2445,"1,28E+73",jpr_dados,M,59.0,GE MEDICAL SYSTEMS,133.0,2.5,0.435546994209,1.25,1.0,-1024.0,True,,,,/home/neuro-source/main_source/datasets/sprap_2024_03/id_spr02445/id_spr02445_master_image.nii.gz,Normal,,,,,,,,D:/Backup/Mestrado/dados/JPR/dataset_jpr_train/dataset_jpr_train/1/002445
1993,"1,28E+73",jpr_dados,F,47.0,TOSHIBA,232.0,1.0,0.429,0.8,1.0,0.0,True,,,,/home/neuro-source/main_source/datasets/sprap_2024_03/id_spr01993/id_spr01993_master_image.nii.gz,Normal,,,,,,,,D:/Backup/Mestrado/dados/JPR/dataset_jpr_train/dataset_jpr_train/2/001993
856,"1,28E+73",jpr_dados,M,20.0,GE MEDICAL SYSTEMS,139.0,1.25,0.433594,1.25,1.0,-1024.0,True,,,,/home/neuro-source/main_source/datasets/sprap_2024_03/id_spr00856/id_spr00856_master_image.nii.gz,Normal,,,,,,,,D:/Backup/Mestrado/dados/JPR/dataset_jpr_train/dataset_jpr_train/3/000856
620,"1,28E+71",jpr_dados,F,33.0,Canon Medical Systems,211.0,2.0,0.503,1.0,1.0,0.0,True,,,,/home/neuro-source/main_source/datasets/sprap_2024_03/id_spr00620/id_spr00620_master_image.nii.gz,Normal,,,,,,,,D:/Backup/Mestrado/dados/JPR/dataset_jpr_train/dataset_jpr_train/3/000620
1702,"1,28E+73",jpr_dados,F,20.0,GE MEDICAL SYSTEMS,129.0,1.25,0.447266,1.25,1.0,-1024.0,True,,,,/home/neuro-source/main_source/datasets/sprap_2024_03/id_spr01702/id_spr01702_master_image.nii.gz,Normal,,,,,,,,D:/Backup/Mestrado/dados/JPR/dataset_jpr_train/dataset_jpr_train/2/001702
544,"1,28E+73",jpr_dados,F,56.0,Philips,170.0,2.0,0.517578125,1.0,1.0,-1024.0,True,,,,/home/neuro-source/main_source/datasets/sprap_2024_03/id_spr00544/id_spr00544_master_image.nii.gz,Normal,,,,,,,,D:/Backup/Mestrado/dados/JPR/dataset_jpr_train/dataset_jpr_train/3/000544
1059,"1,28E+73",jpr_dados,F,32.0,GE MEDICAL SYSTEMS,137.0,1.25,0.458984,1.25,1.0,-1024.0,True,,,,/home/neuro-source/main_source/datasets/sprap_2024_03/id_spr01059/id_spr01059_master_image.nii.gz,Normal,,,,,,,,D:/Backup/Mestrado/dados/JPR/dataset_jpr_train/dataset_jpr_train/3/001059
2600,"1,28E+73",jpr_dados,M,69.0,GE MEDICAL SYSTEMS,325.0,1.25,0.488281011581,0.625,1.0,-1024.0,True,,,,/home/neuro-source/main_source/datasets/sprap_2024_03/id_spr02600/id_spr02600_master_image.nii.gz,Normal,,,,,,,,D:/Backup/Mestrado/dados/JPR/dataset_jpr_train/dataset_jpr_train/1/002600
1745,"1,28E+73",jpr_dados,F,35.0,TOSHIBA,196.0,2.0,0.429,1.0,1.0,0.0,True,,,,/home/neuro-source/main_source/datasets/sprap_2024_03/id_spr01745/id_spr01745_master_image.nii.gz,Normal,,,,,,,,D:/Backup/Mestrado/dados/JPR/dataset_jpr_train/dataset_jpr_train/2/001745
505,"1,28E+73",jpr_dados,M,22.0,GE MEDICAL SYSTEMS,148.0,1.25,0.625,1.25,1.0,-1024.0,True,,,,/home/neuro-source/main_source/datasets/sprap_2024_03/id_spr00505/id_spr00505_master_image.nii.gz,Normal,,,,,,,,D:/Backup/Mestrado/dados/JPR/dataset_jpr_train/dataset_jpr_train/3/000505
1919,"1,28E+73",jpr_dados,F,39.0,GE MEDICAL SYSTEMS,141.0,1.25,0.488281,1.25,1.0,-1024.0,True,,,,/home/neuro-source/main_source/datasets/sprap_2024_03/id_spr01919/id_spr01919_master_image.nii.gz,Normal,,,,,,,,D:/Backup/Mestrado/dados/JPR/dataset_jpr_train/dataset_jpr_train/2/001919
2555,"1,28E+73",jpr_dados,M,76.0,GE MEDICAL SYSTEMS,141.0,2.5,0.488281011581,1.25,1.0,-1024.0,True,,,,/home/neuro-source/main_source/datasets/sprap_2024_03/id_spr02555/id_spr02555_master_image.nii.gz,Normal,,,,,,,,D:/Backup/Mestrado/dados/JPR/dataset_jpr_train/dataset_jpr_train/1/002555
1594,"1,28E+73",jpr_dados,F,31.0,Philips,234.0,1.5,0.46875,0.75,1.0,-1024.0,True,,,,/home/neuro-source/main_source/datasets/sprap_2024_03/id_spr01594/id_spr01594_master_image.nii.gz,Normal,,,,,,,,D:/Backup/Mestrado/dados/JPR/dataset_jpr_train/dataset_jpr_train/2/001594
1294,"1,28E+73",jpr_dados,F,37.0,GE MEDICAL SYSTEMS,153.0,1.25,0.488281,1.25,1.0,-1024.0,True,,,,/home/neuro-source/main_source/datasets/sprap_2024_03/id_spr01294/id_spr01294_master_image.nii.gz,Normal,,,,,,,,D:/Backup/Mestrado/dados/JPR/dataset_jpr_train/dataset_jpr_train/3/001294
1447,"1,28E+73",jpr_dados,F,47.0,GE MEDICAL SYSTEMS,135.0,1.25,0.488281,1.25,1.0,-1024.0,True,,,,/home/neuro-source/main_source/datasets/sprap_2024_03/id_spr01447/id_spr01447_master_image.nii.gz,Normal,,,,,,,,D:/Backup/Mestrado/dados/JPR/dataset_jpr_train/dataset_jpr_train/2/001447
647,"1,28E+72",jpr_dados,F,25.0,GE MEDICAL SYSTEMS,157.0,1.25,0.488281,1.25,1.0,-1024.0,True,,,,/home/neuro-source/main_source/datasets/sprap_2024_03/id_spr00647/id_spr00647_master_image.nii.gz,Normal,,,,,,,,D:/Backup/Mestrado/dados/JPR/dataset_jpr_train/dataset_jpr_train/3/000647
1978,"1,28E+73",jpr_dados,F,57.0,TOSHIBA,194.0,1.0,0.386,0.7999999999999999,1.0,0.0,True,,,,/home/neuro-source/main_source/datasets/sprap_2024_03/id_spr01978/id_spr01978_master_image.nii.gz,Normal,,,,,,,,D:/Backup/Mestrado/dados/JPR/dataset_jpr_train/dataset_jpr_train/2/001978
2186,"1,28E+73",jpr_dados,F,30.0,SIEMENS,250.0,1.0,0.48046875,0.6999999999999998,1.0,-1024.0,True,,,,/home/neuro-source/main_source/datasets/sprap_2024_03/id_spr02186/id_spr02186_master_image.nii.gz,Normal,,,,,,,,D:/Backup/Mestrado/dados/JPR/dataset_jpr_train/dataset_jpr_train/2/002186
804,"1,28E+73",jpr_dados,M,49.0,GE MEDICAL SYSTEMS,161.0,1.25,0.488281,1.25,1.0,-1024.0,True,,,,/home/neuro-source/main_source/datasets/sprap_2024_03/id_spr00804/id_spr00804_master_image.nii.gz,Normal,,,,,,,,D:/Backup/Mestrado/dados/JPR/dataset_jpr_train/dataset_jpr_train/3/000804
2164,"1,28E+73",jpr_dados,F,58.0,GE MEDICAL SYSTEMS,273.0,0.625,0.417969,0.625,1.0,-1024.0,True,,,,/home/neuro-source/main_source/datasets/sprap_2024_03/id_spr02164/id_spr02164_master_image.nii.gz,Normal,,,,,,,,D:/Backup/Mestrado/dados/JPR/dataset_jpr_train/dataset_jpr_train/2/002164
629,"1,28E+73",jpr_dados,F,23.0,TOSHIBA,166.0,1.0,0.429,1.0,1.0,0.0,True,,,,/home/neuro-source/main_source/datasets/sprap_2024_03/id_spr00629/id_spr00629_master_image.nii.gz,Normal,,,,,,,,D:/Backup/Mestrado/dados/JPR/dataset_jpr_train/dataset_jpr_train/3/000629
1867,"1,28E+73",jpr_dados,M,43.0,TOSHIBA,232.0,1.0,0.473,0.8,1.0,0.0,True,,,,/home/neuro-source/main_source/datasets/sprap_2024_03/id_spr01867/id_spr01867_master_image.nii.gz,Normal,,,,,,,,D:/Backup/Mestrado/dados/JPR/dataset_jpr_train/dataset_jpr_train/2/001867
2348,"1,28E+73",jpr_dados,F,85.0,GE MEDICAL SYSTEMS,589.0,1.25,0.429688006639,0.0733418367346938,1.0,-1024.0,True,,,,/home/neuro-source/main_source/datasets/sprap_2024_03/id_spr02348/id_spr02348_master_image.nii.gz,Normal,,,,,,,,D:/Backup/Mestrado/dados/JPR/dataset_jpr_train/dataset_jpr_train/2/002348
1872,"1,28E+73",jpr_dados,F,42.0,GE MEDICAL SYSTEMS,201.0,1.25,0.433594,0.9,1.0,-1024.0,True,,,,/home/neuro-source/main_source/datasets/sprap_2024_03/id_spr01872/id_spr01872_master_image.nii.gz,Normal,,,,,,,,D:/Backup/Mestrado/dados/JPR/dataset_jpr_train/dataset_jpr_train/2/001872
478,"1,28E+73",jpr_dados,F,18.0,GE MEDICAL SYSTEMS,173.0,1.25,0.488281,1.25,1.0,-1024.0,True,,,,/home/neuro-source/main_source/datasets/sprap_2024_03/id_spr00478/id_spr00478_master_image.nii.gz,Normal,,,,,,,,D:/Backup/Mestrado/dados/JPR/dataset_jpr_train/dataset_jpr_train/3/000478
699,"1,28E+73",jpr_dados,M,39.0,GE MEDICAL SYSTEMS,165.0,1.25,0.609375,1.25,1.0,-1024.0,True,,,,/home/neuro-source/main_source/datasets/sprap_2024_03/id_spr00699/id_spr00699_master_image.nii.gz,Normal,,,,,,,,D:/Backup/Mestrado/dados/JPR/dataset_jpr_train/dataset_jpr_train/3/000699
2096,"1,28E+73",jpr_dados,M,35.0,GE MEDICAL SYSTEMS,155.0,1.25,0.488281,1.25,1.0,-1024.0,True,,,,/home/neuro-source/main_source/datasets/sprap_2024_03/id_spr02096/id_spr02096_master_image.nii.gz,Normal,,,,,,,,D:/Backup/Mestrado/dados/JPR/dataset_jpr_train/dataset_jpr_train/2/002096
2155,"1,28E+73",jpr_dados,M,36.0,GE MEDICAL SYSTEMS,145.0,1.25,0.474609,1.25,1.0,-1024.0,True,,,,/home/neuro-source/main_source/datasets/sprap_2024_03/id_spr02155/id_spr02155_master_image.nii.gz,Normal,,,,,,,,D:/Backup/Mestrado/dados/JPR/dataset_jpr_train/dataset_jpr_train/2/002155
2284,"1,28E+73",jpr_dados,F,27.0,TOSHIBA,200.0,1.0,0.512,1.000.000.502.512.560,1.0,0.0,True,,,,/home/neuro-source/main_source/datasets/sprap_2024_03/id_spr02284/id_spr02284_master_image.nii.gz,Normal,,,,,,,,D:/Backup/Mestrado/dados/JPR/dataset_jpr_train/dataset_jpr_train/2/002284
1865,"1,28E+73",jpr_dados,F,54.0,TOSHIBA,226.0,1.0,0.429,0.8,1.0,0.0,True,,,,/home/neuro-source/main_source/datasets/sprap_2024_03/id_spr01865/id_spr01865_master_image.nii.gz,Normal,,,,,,,,D:/Backup/Mestrado/dados/JPR/dataset_jpr_train/dataset_jpr_train/2/001865
1030,"1,28E+73",jpr_dados,F,41.0,Philips,213.0,1.5,0.4375,0.7499999990566039,1.0,-1024.0,True,,,,/home/neuro-source/main_source/datasets/sprap_2024_03/id_spr01030/id_spr01030_master_image.nii.gz,Normal,,,,,,,,D:/Backup/Mestrado/dados/JPR/dataset_jpr_train/dataset_jpr_train/3/001030
936,"1,28E+73",jpr_dados,F,29.0,GE MEDICAL SYSTEMS,149.0,1.25,0.488281,1.25,1.0,-1024.0,True,,,,/home/neuro-source/main_source/datasets/sprap_2024_03/id_spr00936/id_spr00936_master_image.nii.gz,Normal,,,,,,,,D:/Backup/Mestrado/dados/JPR/dataset_jpr_train/dataset_jpr_train/3/000936
798,"1,28E+73",jpr_dados,M,34.0,GE MEDICAL SYSTEMS,152.0,1.25,0.488281,1.25,1.0,-1024.0,True,,,,/home/neuro-source/main_source/datasets/sprap_2024_03/id_spr00798/id_spr00798_master_image.nii.gz,Normal,,,,,,,,D:/Backup/Mestrado/dados/JPR/dataset_jpr_train/dataset_jpr_train/3/000798
2150,"1,28E+72",jpr_dados,F,35.0,SIEMENS,273.0,0.75,0.453125,0.7000000000000002,1.0,-1024.0,True,,,,/home/neuro-source/main_source/datasets/sprap_2024_03/id_spr02150/id_spr02150_master_image.nii.gz,Normal,,,,,,,,D:/Backup/Mestrado/dados/JPR/dataset_jpr_train/dataset_jpr_train/2/002150
1663,"1,28E+73",jpr_dados,M,24.0,SIEMENS,253.0,1.0,0.455078125,0.7,1.0,-1024.0,True,,,,/home/neuro-source/main_source/datasets/sprap_2024_03/id_spr01663/id_spr01663_master_image.nii.gz,Normal,,,,,,,,D:/Backup/Mestrado/dados/JPR/dataset_jpr_train/dataset_jpr_train/2/001663
887,"1,28E+72",jpr_dados,M,33.0,GE MEDICAL SYSTEMS,153.0,1.25,0.488281,1.25,1.0,-1024.0,True,,,,/home/neuro-source/main_source/datasets/sprap_2024_03/id_spr00887/id_spr00887_master_image.nii.gz,Normal,,,,,,,,D:/Backup/Mestrado/dados/JPR/dataset_jpr_train/dataset_jpr_train/3/000887
1582,"1,28E+73",jpr_dados,F,41.0,GE MEDICAL SYSTEMS,138.0,1.25,0.460938,1.25,1.0,-1024.0,True,,,,/home/neuro-source/main_source/datasets/sprap_2024_03/id_spr01582/id_spr01582_master_image.nii.gz,Normal,,,,,,,,D:/Backup/Mestrado/dados/JPR/dataset_jpr_train/dataset_jpr_train/2/001582
1327,"1,28E+73",jpr_dados,F,44.0,GE MEDICAL SYSTEMS,139.0,1.25,0.464844,1.25,1.0,-1024.0,True,,,,/home/neuro-source/main_source/datasets/sprap_2024_03/id_spr01327/id_spr01327_master_image.nii.gz,Normal,,,,,,,,D:/Backup/Mestrado/dados/JPR/dataset_jpr_train/dataset_jpr_train/2/001327
2479,"1,28E+73",jpr_dados,F,42.0,GE MEDICAL SYSTEMS,277.0,1.25,0.439453005791,0.625,1.0,-1024.0,True,,,,/home/neuro-source/main_source/datasets/sprap_2024_03/id_spr02479/id_spr02479_master_image.nii.gz,Normal,,,,,,,,D:/Backup/Mestrado/dados/JPR/dataset_jpr_train/dataset_jpr_train/1/002479
1945,"1,28E+73",jpr_dados,M,19.0,TOSHIBA,219.0,1.0,0.419,0.7999999999999999,1.0,0.0,True,,,,/home/neuro-source/main_source/datasets/sprap_2024_03/id_spr01945/id_spr01945_master_image.nii.gz,Normal,,,,,,,,D:/Backup/Mestrado/dados/JPR/dataset_jpr_train/dataset_jpr_train/2/001945
2559,"1,28E+73",jpr_dados,F,76.0,GE MEDICAL SYSTEMS,299.0,1.25,0.433593988419,0.625,1.0,-1024.0,True,,,,/home/neuro-source/main_source/datasets/sprap_2024_03/id_spr02559/id_spr02559_master_image.nii.gz,Normal,,,,,,,,
1472,"1,28E+73",jpr_dados,F,39.0,GE MEDICAL SYSTEMS,233.0,0.625,0.400391,0.625,1.0,-1024.0,True,,,,/home/neuro-source/main_source/datasets/sprap_2024_03/id_spr01472/id_spr01472_master_image.nii.gz,Normal,,,,,,,,D:/Backup/Mestrado/dados/JPR/dataset_jpr_train/dataset_jpr_train/2/001472
1437,"1,28E+73",jpr_dados,F,43.0,GE MEDICAL SYSTEMS,139.0,1.25,0.488281,1.25,1.0,-1024.0,True,,,,/home/neuro-source/main_source/datasets/sprap_2024_03/id_spr01437/id_spr01437_master_image.nii.gz,Normal,,,,,,,,D:/Backup/Mestrado/dados/JPR/dataset_jpr_train/dataset_jpr_train/2/001437
2599,"1,28E+73",jpr_dados,M,78.0,GE MEDICAL SYSTEMS,281.0,2.5,0.488281011581,0.625,1.0,-1024.0,True,,,,/home/neuro-source/main_source/datasets/sprap_2024_03/id_spr02599/id_spr02599_master_image.nii.gz,Normal,,,,,,,,D:/Backup/Mestrado/dados/JPR/dataset_jpr_train/dataset_jpr_train/1/002599
1200,"1,28E+73",jpr_dados,F,40.0,GE MEDICAL SYSTEMS,133.0,1.25,0.429688,1.25,1.0,-1024.0,True,,,,/home/neuro-source/main_source/datasets/sprap_2024_03/id_spr01200/id_spr01200_master_image.nii.gz,Normal,,,,,,,,D:/Backup/Mestrado/dados/JPR/dataset_jpr_train/dataset_jpr_train/3/001200
1112,"1,28E+72",jpr_dados,M,30.0,GE MEDICAL SYSTEMS,141.0,1.25,0.488281,1.25,1.0,-1024.0,True,,,,/home/neuro-source/main_source/datasets/sprap_2024_03/id_spr01112/id_spr01112_master_image.nii.gz,Normal,,,,,,,,D:/Backup/Mestrado/dados/JPR/dataset_jpr_train/dataset_jpr_train/3/001112
2468,"1,28E+73",jpr_dados,F,39.0,GE MEDICAL SYSTEMS,143.0,2.5,0.4375,1.25,1.0,-1024.0,True,,,,/home/neuro-source/main_source/datasets/sprap_2024_03/id_spr02468/id_spr02468_master_image.nii.gz,Normal,,,,,,,,D:/Backup/Mestrado/dados/JPR/dataset_jpr_train/dataset_jpr_train/1/002468
1851,"1,28E+73",jpr_dados,F,49.0,TOSHIBA,226.0,1.0,0.456,0.8,1.0,0.0,True,,,,/home/neuro-source/main_source/datasets/sprap_2024_03/id_spr01851/id_spr01851_master_image.nii.gz,Normal,,,,,,,,D:/Backup/Mestrado/dados/JPR/dataset_jpr_train/dataset_jpr_train/2/001851
2166,"1,28E+73",jpr_dados,F,52.0,SIEMENS,213.0,1.0,0.466796875,0.6999999999999998,1.0,-1024.0,True,,,,/home/neuro-source/main_source/datasets/sprap_2024_03/id_spr02166/id_spr02166_master_image.nii.gz,Normal,,,,,,,,D:/Backup/Mestrado/dados/JPR/dataset_jpr_train/dataset_jpr_train/2/002166
1629,"1,28E+73",jpr_dados,F,29.0,GE MEDICAL SYSTEMS,125.0,1.25,0.429688,1.25,1.0,-1024.0,True,,,,/home/neuro-source/main_source/datasets/sprap_2024_03/id_spr01629/id_spr01629_master_image.nii.gz,Normal,,,,,,,,D:/Backup/Mestrado/dados/JPR/dataset_jpr_train/dataset_jpr_train/2/001629
1687,"1,28E+73",jpr_dados,F,55.0,GE MEDICAL SYSTEMS,138.0,1.25,0.46875,1.25,1.0,-1024.0,True,,,,/home/neuro-source/main_source/datasets/sprap_2024_03/id_spr01687/id_spr01687_master_image.nii.gz,Normal,,,,,,,,D:/Backup/Mestrado/dados/JPR/dataset_jpr_train/dataset_jpr_train/2/001687
1153,"1,28E+73",jpr_dados,M,37.0,GE MEDICAL SYSTEMS,173.0,1.25,0.554688,1.25,1.0,-1024.0,True,,,,/home/neuro-source/main_source/datasets/sprap_2024_03/id_spr01153/id_spr01153_master_image.nii.gz,Normal,,,,,,,,D:/Backup/Mestrado/dados/JPR/dataset_jpr_train/dataset_jpr_train/3/001153
1091,"1,28E+73",jpr_dados,F,38.0,Canon Medical Systems,181.0,2.0,0.451,1.0,1.0,0.0,True,,,,/home/neuro-source/main_source/datasets/sprap_2024_03/id_spr01091/id_spr01091_master_image.nii.gz,Normal,,,,,,,,D:/Backup/Mestrado/dados/JPR/dataset_jpr_train/dataset_jpr_train/3/001091
1062,"1,28E+73",jpr_dados,M,22.0,Canon Medical Systems,226.0,2.0,0.583,1.0,1.0,0.0,True,,,,/home/neuro-source/main_source/datasets/sprap_2024_03/id_spr01062/id_spr01062_master_image.nii.gz,Normal,,,,,,,,D:/Backup/Mestrado/dados/JPR/dataset_jpr_train/dataset_jpr_train/3/001062
1382,"1,28E+72",jpr_dados,F,39.0,GE MEDICAL SYSTEMS,133.0,1.25,0.410156,1.25,1.0,-1024.0,True,,,,/home/neuro-source/main_source/datasets/sprap_2024_03/id_spr01382/id_spr01382_master_image.nii.gz,Normal,,,,,,,,D:/Backup/Mestrado/dados/JPR/dataset_jpr_train/dataset_jpr_train/2/001382
2402,"1,28E+72",jpr_dados,F,53.0,GE MEDICAL SYSTEMS,265.0,2.5,0.40039101243,0.625,1.0,-1024.0,True,,,,/home/neuro-source/main_source/datasets/sprap_2024_03/id_spr02402/id_spr02402_master_image.nii.gz,Normal,,,,,,,,D:/Backup/Mestrado/dados/JPR/dataset_jpr_train/dataset_jpr_train/1/002402
2203,"1,28E+73",jpr_dados,M,30.0,GE MEDICAL SYSTEMS,147.0,1.25,0.488281,1.25,1.0,-1024.0,True,,,,/home/neuro-source/main_source/datasets/sprap_2024_03/id_spr02203/id_spr02203_master_image.nii.gz,Normal,,,,,,,,D:/Backup/Mestrado/dados/JPR/dataset_jpr_train/dataset_jpr_train/2/002203
1539,"1,28E+73",jpr_dados,F,53.0,GE MEDICAL SYSTEMS,140.0,1.25,0.421875,1.25,1.0,-1024.0,True,,,,/home/neuro-source/main_source/datasets/sprap_2024_03/id_spr01539/id_spr01539_master_image.nii.gz,Normal,,,,,,,,D:/Backup/Mestrado/dados/JPR/dataset_jpr_train/dataset_jpr_train/2/001539
382,"1,28E+72",jpr_dados,F,32.0,GE MEDICAL SYSTEMS,141.0,1.25,0.529297,1.25,1.0,-1024.0,True,,,,/home/neuro-source/main_source/datasets/sprap_2024_03/id_spr00382/id_spr00382_master_image.nii.gz,Normal,,,,,,,,D:/Backup/Mestrado/dados/JPR/dataset_jpr_train/dataset_jpr_train/3/000382
2473,"1,28E+73",jpr_dados,M,70.0,GE MEDICAL SYSTEMS,140.0,5.0,0.488281011581,0.6115107913669064,1.0,-1024.0,True,,,,/home/neuro-source/main_source/datasets/sprap_2024_03/id_spr02473/id_spr02473_master_image.nii.gz,Normal,,,,,,,,D:/Backup/Mestrado/dados/JPR/dataset_jpr_train/dataset_jpr_train/1/002473
892,"1,28E+73",jpr_dados,F,25.0,TOSHIBA,160.0,1.0,0.415,1.0,1.0,0.0,True,,,,/home/neuro-source/main_source/datasets/sprap_2024_03/id_spr00892/id_spr00892_master_image.nii.gz,Normal,,,,,,,,D:/Backup/Mestrado/dados/JPR/dataset_jpr_train/dataset_jpr_train/3/000892
700,"1,28E+73",jpr_dados,M,26.0,GE MEDICAL SYSTEMS,161.0,1.25,0.488281,1.25,1.0,-1024.0,True,,,,/home/neuro-source/main_source/datasets/sprap_2024_03/id_spr00700/id_spr00700_master_image.nii.gz,Normal,,,,,,,,D:/Backup/Mestrado/dados/JPR/dataset_jpr_train/dataset_jpr_train/3/000700
1114,"1,28E+73",jpr_dados,M,22.0,Philips,167.0,2.0,0.48828125,1.0,1.0,-1024.0,True,,,,/home/neuro-source/main_source/datasets/sprap_2024_03/id_spr01114/id_spr01114_master_image.nii.gz,Normal,,,,,,,,D:/Backup/Mestrado/dados/JPR/dataset_jpr_train/dataset_jpr_train/3/001114
2211,"1,28E+73",jpr_dados,F,18.0,GE MEDICAL SYSTEMS,136.0,1.25,0.488281,1.25,1.0,-1024.0,True,,,,/home/neuro-source/main_source/datasets/sprap_2024_03/id_spr02211/id_spr02211_master_image.nii.gz,Normal,,,,,,,,D:/Backup/Mestrado/dados/JPR/dataset_jpr_train/dataset_jpr_train/2/002211
2607,"1,28E+73",jpr_dados,F,24.0,GE MEDICAL SYSTEMS,143.0,2.5,0.449218988419,1.25,1.0,-1024.0,True,,,,/home/neuro-source/main_source/datasets/sprap_2024_03/id_spr02607/id_spr02607_master_image.nii.gz,Normal,,,,,,,,D:/Backup/Mestrado/dados/JPR/dataset_jpr_train/dataset_jpr_train/1/002607
1373,"1,28E+73",jpr_dados,F,31.0,TOSHIBA,171.0,2.0,0.399,1.0,1.0,0.0,True,,,,/home/neuro-source/main_source/datasets/sprap_2024_03/id_spr01373/id_spr01373_master_image.nii.gz,Normal,,,,,,,,D:/Backup/Mestrado/dados/JPR/dataset_jpr_train/dataset_jpr_train/2/001373
2598,"1,28E+73",jpr_dados,F,76.0,GE MEDICAL SYSTEMS,287.0,1.25,0.425781011581,0.625,1.0,-1024.0,True,,,,/home/neuro-source/main_source/datasets/sprap_2024_03/id_spr02598/id_spr02598_master_image.nii.gz,Normal,,,,,,,,D:/Backup/Mestrado/dados/JPR/dataset_jpr_train/dataset_jpr_train/1/002598
1933,"1,28E+73",jpr_dados,F,19.0,GE MEDICAL SYSTEMS,145.0,1.25,0.488281,1.25,1.0,-1024.0,True,,,,/home/neuro-source/main_source/datasets/sprap_2024_03/id_spr01933/id_spr01933_master_image.nii.gz,Normal,,,,,,,,D:/Backup/Mestrado/dados/JPR/dataset_jpr_train/dataset_jpr_train/2/001933
2243,"1,28E+73",jpr_dados,F,23.0,GE MEDICAL SYSTEMS,141.0,1.25,0.419922,1.25,1.0,-1024.0,True,,,,/home/neuro-source/main_source/datasets/sprap_2024_03/id_spr02243/id_spr02243_master_image.nii.gz,Normal,,,,,,,,D:/Backup/Mestrado/dados/JPR/dataset_jpr_train/dataset_jpr_train/2/002243
1469,"1,28E+73",jpr_dados,F,41.0,GE MEDICAL SYSTEMS,126.0,1.25,0.382812,1.25,1.0,-1024.0,True,,,,/home/neuro-source/main_source/datasets/sprap_2024_03/id_spr01469/id_spr01469_master_image.nii.gz,Normal,,,,,,,,D:/Backup/Mestrado/dados/JPR/dataset_jpr_train/dataset_jpr_train/2/001469
766,"1,28E+73",jpr_dados,F,42.0,GE MEDICAL SYSTEMS,161.0,1.25,0.488281,1.25,1.0,-1024.0,True,,,,/home/neuro-source/main_source/datasets/sprap_2024_03/id_spr00766/id_spr00766_master_image.nii.gz,Normal,,,,,,,,D:/Backup/Mestrado/dados/JPR/dataset_jpr_train/dataset_jpr_train/3/000766
1345,"1,28E+73",jpr_dados,F,23.0,GE MEDICAL SYSTEMS,176.0,1.25,0.414062,1.0,1.0,-1024.0,True,,,,/home/neuro-source/main_source/datasets/sprap_2024_03/id_spr01345/id_spr01345_master_image.nii.gz,Normal,,,,,,,,D:/Backup/Mestrado/dados/JPR/dataset_jpr_train/dataset_jpr_train/2/001345
2611,"1,28E+73",jpr_dados,F,54.0,GE MEDICAL SYSTEMS,297.0,1.25,0.488281011581,0.625,1.0,-1024.0,True,,,,/home/neuro-source/main_source/datasets/sprap_2024_03/id_spr02611/id_spr02611_master_image.nii.gz,Normal,,,,,,,,D:/Backup/Mestrado/dados/JPR/dataset_jpr_train/dataset_jpr_train/1/002611
2580,"1,28E+73",jpr_dados,F,71.0,GE MEDICAL SYSTEMS,147.0,2.5,0.460938006639,1.25,1.0,-1024.0,True,,,,/home/neuro-source/main_source/datasets/sprap_2024_03/id_spr02580/id_spr02580_master_image.nii.gz,Normal,,,,,,,,
1551,"1,28E+73",jpr_dados,F,43.0,GE MEDICAL SYSTEMS,273.0,0.625,0.435547,0.625,1.0,-1024.0,True,,,,/home/neuro-source/main_source/datasets/sprap_2024_03/id_spr01551/id_spr01551_master_image.nii.gz,Normal,,,,,,,,D:/Backup/Mestrado/dados/JPR/dataset_jpr_train/dataset_jpr_train/2/001551
1038,"1,28E+73",jpr_dados,F,42.0,GE MEDICAL SYSTEMS,153.0,1.25,0.470703,1.25,1.0,-1024.0,True,,,,/home/neuro-source/main_source/datasets/sprap_2024_03/id_spr01038/id_spr01038_master_image.nii.gz,Normal,,,,,,,,D:/Backup/Mestrado/dados/JPR/dataset_jpr_train/dataset_jpr_train/3/001038
1299,"1,28E+72",jpr_dados,F,46.0,Philips,166.0,2.0,0.46484375,1.0,1.0,-1024.0,True,,,,/home/neuro-source/main_source/datasets/sprap_2024_03/id_spr01299/id_spr01299_master_image.nii.gz,Normal,,,,,,,,D:/Backup/Mestrado/dados/JPR/dataset_jpr_train/dataset_jpr_train/3/001299
591,"1,28E+73",jpr_dados,M,48.0,GE MEDICAL SYSTEMS,141.0,1.25,0.488281,1.25,1.0,-1024.0,True,,,,/home/neuro-source/main_source/datasets/sprap_2024_03/id_spr00591/id_spr00591_master_image.nii.gz,Normal,,,,,,,,D:/Backup/Mestrado/dados/JPR/dataset_jpr_train/dataset_jpr_train/3/000591
445,"1,28E+73",jpr_dados,F,37.0,Philips,225.0,1.5,0.396484375,0.7500000008928571,1.0,-1024.0,True,,,,/home/neuro-source/main_source/datasets/sprap_2024_03/id_spr00445/id_spr00445_master_image.nii.gz,Normal,,,,,,,,D:/Backup/Mestrado/dados/JPR/dataset_jpr_train/dataset_jpr_train/3/000445
2597,"1,28E+73",jpr_dados,M,89.0,GE MEDICAL SYSTEMS,155.0,2.5,0.488281011581,1.25,1.0,-1024.0,True,,,,/home/neuro-source/main_source/datasets/sprap_2024_03/id_spr02597/id_spr02597_master_image.nii.gz,Normal,,,,,,,,D:/Backup/Mestrado/dados/JPR/dataset_jpr_train/dataset_jpr_train/1/002597
1963,"1,28E+73",jpr_dados,F,32.0,TOSHIBA,238.0,1.0,0.515,0.8,1.0,0.0,True,,,,/home/neuro-source/main_source/datasets/sprap_2024_03/id_spr01963/id_spr01963_master_image.nii.gz,Normal,,,,,,,,D:/Backup/Mestrado/dados/JPR/dataset_jpr_train/dataset_jpr_train/2/001963
2324,"1,28E+72",jpr_dados,M,39.0,TOSHIBA,186.0,2.0,0.446,1.0,1.0,0.0,True,,,,/home/neuro-source/main_source/datasets/sprap_2024_03/id_spr02324/id_spr02324_master_image.nii.gz,Normal,,,,,,,,D:/Backup/Mestrado/dados/JPR/dataset_jpr_train/dataset_jpr_train/2/002324
1075,"1,28E+73",jpr_dados,M,24.0,GE MEDICAL SYSTEMS,130.0,1.25,0.488281,1.25,1.0,-1024.0,True,,,,/home/neuro-source/main_source/datasets/sprap_2024_03/id_spr01075/id_spr01075_master_image.nii.gz,Normal,,,,,,,,D:/Backup/Mestrado/dados/JPR/dataset_jpr_train/dataset_jpr_train/3/001075
422,"1,28E+73",jpr_dados,F,36.0,Canon Medical Systems,176.0,2.0,0.429,1.0,1.0,0.0,True,,,,/home/neuro-source/main_source/datasets/sprap_2024_03/id_spr00422/id_spr00422_master_image.nii.gz,Normal,,,,,,,,D:/Backup/Mestrado/dados/JPR/dataset_jpr_train/dataset_jpr_train/3/000422
2154,"1,28E+73",jpr_dados,F,35.0,GE MEDICAL SYSTEMS,153.0,1.25,0.466797,1.25,1.0,-1024.0,True,,,,/home/neuro-source/main_source/datasets/sprap_2024_03/id_spr02154/id_spr02154_master_image.nii.gz,Normal,,,,,,,,D:/Backup/Mestrado/dados/JPR/dataset_jpr_train/dataset_jpr_train/2/002154
2545,"1,28E+73",jpr_dados,F,30.0,GE MEDICAL SYSTEMS,309.0,1.25,0.423828005791,0.625,1.0,-1024.0,True,,,,/home/neuro-source/main_source/datasets/sprap_2024_03/id_spr02545/id_spr02545_master_image.nii.gz,Normal,,,,,,,,D:/Backup/Mestrado/dados/JPR/dataset_jpr_train/dataset_jpr_train/1/002545
1574,"1,28E+73",jpr_dados,M,46.0,TOSHIBA,251.0,1.0,0.525,0.8,1.0,0.0,True,,,,/home/neuro-source/main_source/datasets/sprap_2024_03/id_spr01574/id_spr01574_master_image.nii.gz,Normal,,,,,,,,D:/Backup/Mestrado/dados/JPR/dataset_jpr_train/dataset_jpr_train/2/001574
1398,"1,28E+73",jpr_dados,M,41.0,SIEMENS,249.0,1.0,0.451171875,0.7000000000000001,1.0,-1024.0,True,,,,/home/neuro-source/main_source/datasets/sprap_2024_03/id_spr01398/id_spr01398_master_image.nii.gz,Normal,,,,,,,,D:/Backup/Mestrado/dados/JPR/dataset_jpr_train/dataset_jpr_train/2/001398
2492,"1,28E+71",jpr_dados,M,45.0,GE MEDICAL SYSTEMS,295.0,1.25,0.488281011581,0.625,1.0,-1024.0,True,,,,/home/neuro-source/main_source/datasets/sprap_2024_03/id_spr02492/id_spr02492_master_image.nii.gz,Normal,,,,,,,,D:/Backup/Mestrado/dados/JPR/dataset_jpr_train/dataset_jpr_train/1/002492
2480,"1,28E+73",jpr_dados,F,40.0,GE MEDICAL SYSTEMS,139.0,2.5,0.402343988419,1.25,1.0,-1024.0,True,,,,/home/neuro-source/main_source/datasets/sprap_2024_03/id_spr02480/id_spr02480_master_image.nii.gz,Normal,,,,,,,,D:/Backup/Mestrado/dados/JPR/dataset_jpr_train/dataset_jpr_train/1/002480
1018,"1,28E+73",jpr_dados,M,36.0,Philips,258.0,1.5,0.48828125,0.75,1.0,-1024.0,True,,,,/home/neuro-source/main_source/datasets/sprap_2024_03/id_spr01018/id_spr01018_master_image.nii.gz,Normal,,,,,,,,D:/Backup/Mestrado/dados/JPR/dataset_jpr_train/dataset_jpr_train/3/001018
2095,"1,28E+73",jpr_dados,M,33.0,GE MEDICAL SYSTEMS,155.0,1.25,0.488281,1.25,1.0,-1024.0,True,,,,/home/neuro-source/main_source/datasets/sprap_2024_03/id_spr02095/id_spr02095_master_image.nii.gz,Normal,,,,,,,,D:/Backup/Mestrado/dados/JPR/dataset_jpr_train/dataset_jpr_train/2/002095
1180,"1,28E+73",jpr_dados,M,39.0,GE MEDICAL SYSTEMS,145.0,1.25,0.519531,1.25,1.0,-1024.0,True,,,,/home/neuro-source/main_source/datasets/sprap_2024_03/id_spr01180/id_spr01180_master_image.nii.gz,Normal,,,,,,,,D:/Backup/Mestrado/dados/JPR/dataset_jpr_train/dataset_jpr_train/3/001180
2200,"1,28E+73",jpr_dados,F,21.0,TOSHIBA,213.0,1.0,0.401,0.8000000000000002,1.0,0.0,True,,,,/home/neuro-source/main_source/datasets/sprap_2024_03/id_spr02200/id_spr02200_master_image.nii.gz,Normal,,,,,,,,D:/Backup/Mestrado/dados/JPR/dataset_jpr_train/dataset_jpr_train/2/002200
381,"1,28E+73",jpr_dados,F,41.0,GE MEDICAL SYSTEMS,148.0,1.25,0.507812,1.25,1.0,-1024.0,True,,,,/home/neuro-source/main_source/datasets/sprap_2024_03/id_spr00381/id_spr00381_master_image.nii.gz,Normal,,,,,,,,D:/Backup/Mestrado/dados/JPR/dataset_jpr_train/dataset_jpr_train/3/000381
1721,"1,28E+73",jpr_dados,M,36.0,SIEMENS,274.0,1.0,0.498046875,0.7,1.0,-1024.0,True,,,,/home/neuro-source/main_source/datasets/sprap_2024_03/id_spr01721/id_spr01721_master_image.nii.gz,Normal,,,,,,,,D:/Backup/Mestrado/dados/JPR/dataset_jpr_train/dataset_jpr_train/2/001721
715,"1,28E+72",jpr_dados,F,45.0,TOSHIBA,161.0,1.0,0.424,1.0,1.0,0.0,True,,,,/home/neuro-source/main_source/datasets/sprap_2024_03/id_spr00715/id_spr00715_master_image.nii.gz,Normal,,,,,,,,D:/Backup/Mestrado/dados/JPR/dataset_jpr_train/dataset_jpr_train/3/000715
489,"1,28E+73",jpr_dados,F,37.0,GE MEDICAL SYSTEMS,137.0,1.25,0.460938,1.25,1.0,-1024.0,True,,,,/home/neuro-source/main_source/datasets/sprap_2024_03/id_spr00489/id_spr00489_master_image.nii.gz,Normal,,,,,,,,D:/Backup/Mestrado/dados/JPR/dataset_jpr_train/dataset_jpr_train/3/000489
1043,"1,28E+72",jpr_dados,F,34.0,Philips,181.0,2.0,0.44921875,1.0,1.0,-1024.0,True,,,,/home/neuro-source/main_source/datasets/sprap_2024_03/id_spr01043/id_spr01043_master_image.nii.gz,Normal,,,,,,,,D:/Backup/Mestrado/dados/JPR/dataset_jpr_train/dataset_jpr_train/3/001043
937,"1,28E+73",jpr_dados,F,27.0,GE MEDICAL SYSTEMS,329.0,1.25,0.523438,0.625,1.0,-1024.0,True,,,,/home/neuro-source/main_source/datasets/sprap_2024_03/id_spr00937/id_spr00937_master_image.nii.gz,Normal,,,,,,,,D:/Backup/Mestrado/dados/JPR/dataset_jpr_train/dataset_jpr_train/3/000937
1006,"1,28E+73",jpr_dados,F,64.0,GE MEDICAL SYSTEMS,137.0,1.25,0.488281,1.25,1.0,-1024.0,True,,,,/home/neuro-source/main_source/datasets/sprap_2024_03/id_spr01006/id_spr01006_master_image.nii.gz,Normal,,,,,,,,D:/Backup/Mestrado/dados/JPR/dataset_jpr_train/dataset_jpr_train/3/001006
403,"1,28E+73",jpr_dados,F,20.0,GE MEDICAL SYSTEMS,141.0,1.25,0.488281,1.25,1.0,-1024.0,True,,,,/home/neuro-source/main_source/datasets/sprap_2024_03/id_spr00403/id_spr00403_master_image.nii.gz,Normal,,,,,,,,D:/Backup/Mestrado/dados/JPR/dataset_jpr_train/dataset_jpr_train/3/000403
2033,"1,28E+73",jpr_dados,F,69.0,TOSHIBA,219.0,1.0,0.473,0.7999999999999999,1.0,0.0,True,,,,/home/neuro-source/main_source/datasets/sprap_2024_03/id_spr02033/id_spr02033_master_image.nii.gz,Normal,,,,,,,,D:/Backup/Mestrado/dados/JPR/dataset_jpr_train/dataset_jpr_train/2/002033
2323,"1,28E+73",jpr_dados,F,40.0,TOSHIBA,176.0,2.0,0.444,1.0,1.0,0.0,True,,,,/home/neuro-source/main_source/datasets/sprap_2024_03/id_spr02323/id_spr02323_master_image.nii.gz,Normal,,,,,,,,D:/Backup/Mestrado/dados/JPR/dataset_jpr_train/dataset_jpr_train/2/002323
1757,"1,28E+73",jpr_dados,F,63.0,GE MEDICAL SYSTEMS,126.0,1.25,0.404297,1.25,1.0,-1024.0,True,,,,/home/neuro-source/main_source/datasets/sprap_2024_03/id_spr01757/id_spr01757_master_image.nii.gz,Normal,,,,,,,,D:/Backup/Mestrado/dados/JPR/dataset_jpr_train/dataset_jpr_train/2/001757
2622,"1,28E+73",jpr_dados,M,78.0,GE MEDICAL SYSTEMS,145.0,2.5,0.488281011581,1.25,1.0,-1024.0,True,,,,/home/neuro-source/main_source/datasets/sprap_2024_03/id_spr02622/id_spr02622_master_image.nii.gz,Normal,,,,,,,,D:/Backup/Mestrado/dados/JPR/dataset_jpr_train/dataset_jpr_train/1/002622
1419,"1,28E+73",jpr_dados,M,32.0,GE MEDICAL SYSTEMS,186.0,1.25,0.445312,1.0,1.0,-1024.0,True,,,,/home/neuro-source/main_source/datasets/sprap_2024_03/id_spr01419/id_spr01419_master_image.nii.gz,Normal,,,,,,,,D:/Backup/Mestrado/dados/JPR/dataset_jpr_train/dataset_jpr_train/2/001419
1517,"1,28E+73",jpr_dados,M,39.0,GE MEDICAL SYSTEMS,184.0,1.25,0.488281,1.0,1.0,-1024.0,True,,,,/home/neuro-source/main_source/datasets/sprap_2024_03/id_spr01517/id_spr01517_master_image.nii.gz,Normal,,,,,,,,D:/Backup/Mestrado/dados/JPR/dataset_jpr_train/dataset_jpr_train/2/001517
777,"1,28E+72",jpr_dados,F,47.0,GE MEDICAL SYSTEMS,157.0,1.25,0.488281,1.25,1.0,-1024.0,True,,,,/home/neuro-source/main_source/datasets/sprap_2024_03/id_spr00777/id_spr00777_master_image.nii.gz,Normal,,,,,,,,D:/Backup/Mestrado/dados/JPR/dataset_jpr_train/dataset_jpr_train/3/000777
2449,"1,28E+73",jpr_dados,F,54.0,GE MEDICAL SYSTEMS,285.0,1.25,0.486328005791,0.625,1.0,-1024.0,True,,,,/home/neuro-source/main_source/datasets/sprap_2024_03/id_spr02449/id_spr02449_master_image.nii.gz,Normal,,,,,,,,
2261,"1,28E+73",jpr_dados,F,34.0,Philips,180.0,2.0,0.470703125,1.0,1.0,-1024.0,True,,,,/home/neuro-source/main_source/datasets/sprap_2024_03/id_spr02261/id_spr02261_master_image.nii.gz,Normal,,,,,,,,D:/Backup/Mestrado/dados/JPR/dataset_jpr_train/dataset_jpr_train/2/002261
1137,"1,28E+73",jpr_dados,M,29.0,Canon Medical Systems,191.0,2.0,0.495,1.0,1.0,0.0,True,,,,/home/neuro-source/main_source/datasets/sprap_2024_03/id_spr01137/id_spr01137_master_image.nii.gz,Normal,,,,,,,,D:/Backup/Mestrado/dados/JPR/dataset_jpr_train/dataset_jpr_train/3/001137
2001,"1,28E+73",jpr_dados,M,22.0,SIEMENS,266.0,1.0,0.453125,0.7,1.0,-1024.0,True,,,,/home/neuro-source/main_source/datasets/sprap_2024_03/id_spr02001/id_spr02001_master_image.nii.gz,Normal,,,,,,,,D:/Backup/Mestrado/dados/JPR/dataset_jpr_train/dataset_jpr_train/2/002001
1744,"1,28E+73",jpr_dados,F,37.0,GE MEDICAL SYSTEMS,140.0,1.25,0.433594,1.25,1.0,-1024.0,True,,,,/home/neuro-source/main_source/datasets/sprap_2024_03/id_spr01744/id_spr01744_master_image.nii.gz,Normal,,,,,,,,D:/Backup/Mestrado/dados/JPR/dataset_jpr_train/dataset_jpr_train/2/001744
491,"1,28E+73",jpr_dados,F,54.0,GE MEDICAL SYSTEMS,273.0,1.25,0.466797,0.625,1.0,-1024.0,True,,,,/home/neuro-source/main_source/datasets/sprap_2024_03/id_spr00491/id_spr00491_master_image.nii.gz,Normal,,,,,,,,D:/Backup/Mestrado/dados/JPR/dataset_jpr_train/dataset_jpr_train/3/000491
2466,"1,28E+73",jpr_dados,F,53.0,GE MEDICAL SYSTEMS,135.0,2.5,0.488281011581,1.25,1.0,-1024.0,True,,,,/home/neuro-source/main_source/datasets/sprap_2024_03/id_spr02466/id_spr02466_master_image.nii.gz,Normal,,,,,,,,D:/Backup/Mestrado/dados/JPR/dataset_jpr_train/dataset_jpr_train/1/002466
1593,"1,28E+73",jpr_dados,F,55.0,GE MEDICAL SYSTEMS,133.0,1.25,0.429688,1.25,1.0,-1024.0,True,,,,/home/neuro-source/main_source/datasets/sprap_2024_03/id_spr01593/id_spr01593_master_image.nii.gz,Normal,,,,,,,,D:/Backup/Mestrado/dados/JPR/dataset_jpr_train/dataset_jpr_train/2/001593
2089,"1,28E+73",jpr_dados,F,34.0,GE MEDICAL SYSTEMS,136.0,1.25,0.455078,1.25,1.0,-1024.0,True,,,,/home/neuro-source/main_source/datasets/sprap_2024_03/id_spr02089/id_spr02089_master_image.nii.gz,Normal,,,,,,,,D:/Backup/Mestrado/dados/JPR/dataset_jpr_train/dataset_jpr_train/2/002089
2045,"1,28E+73",jpr_dados,F,52.0,GE MEDICAL SYSTEMS,176.0,1.25,0.429688,1.0,1.0,-1024.0,True,,,,/home/neuro-source/main_source/datasets/sprap_2024_03/id_spr02045/id_spr02045_master_image.nii.gz,Normal,,,,,,,,D:/Backup/Mestrado/dados/JPR/dataset_jpr_train/dataset_jpr_train/2/002045
1665,"1,28E+73",jpr_dados,M,32.0,SIEMENS,274.0,1.0,0.46875,0.6999999999999998,1.0,-1024.0,True,,,,/home/neuro-source/main_source/datasets/sprap_2024_03/id_spr01665/id_spr01665_master_image.nii.gz,Normal,,,,,,,,D:/Backup/Mestrado/dados/JPR/dataset_jpr_train/dataset_jpr_train/2/001665
695,"1,28E+73",jpr_dados,F,32.0,Canon Medical Systems,176.0,2.0,0.466,1.0,1.0,0.0,True,,,,/home/neuro-source/main_source/datasets/sprap_2024_03/id_spr00695/id_spr00695_master_image.nii.gz,Normal,,,,,,,,D:/Backup/Mestrado/dados/JPR/dataset_jpr_train/dataset_jpr_train/3/000695
1106,"1,28E+73",jpr_dados,M,27.0,GE MEDICAL SYSTEMS,327.0,0.625,0.390625,0.625,1.0,-1024.0,True,,,,/home/neuro-source/main_source/datasets/sprap_2024_03/id_spr01106/id_spr01106_master_image.nii.gz,Normal,,,,,,,,D:/Backup/Mestrado/dados/JPR/dataset_jpr_train/dataset_jpr_train/3/001106
1085,"1,28E+73",jpr_dados,F,49.0,Canon Medical Systems,221.0,2.0,0.598,1.0,1.0,0.0,True,,,,/home/neuro-source/main_source/datasets/sprap_2024_03/id_spr01085/id_spr01085_master_image.nii.gz,Normal,,,,,,,,D:/Backup/Mestrado/dados/JPR/dataset_jpr_train/dataset_jpr_train/3/001085
2411,"1,28E+73",jpr_dados,F,59.0,GE MEDICAL SYSTEMS,279.0,1.25,0.453125,0.625,1.0,-1024.0,True,,,,/home/neuro-source/main_source/datasets/sprap_2024_03/id_spr02411/id_spr02411_master_image.nii.gz,Normal,,,,,,,,D:/Backup/Mestrado/dados/JPR/dataset_jpr_train/dataset_jpr_train/1/002411
1325,"1,28E+73",jpr_dados,M,65.0,Canon Medical Systems,219.0,1.0,0.424,0.7999999999999999,1.0,0.0,True,,,,/home/neuro-source/main_source/datasets/sprap_2024_03/id_spr01325/id_spr01325_master_image.nii.gz,Normal,,,,,,,,D:/Backup/Mestrado/dados/JPR/dataset_jpr_train/dataset_jpr_train/2/001325
1019,"1,28E+73",jpr_dados,F,42.0,GE MEDICAL SYSTEMS,149.0,1.25,0.488281,1.25,1.0,-1024.0,True,,,,/home/neuro-source/main_source/datasets/sprap_2024_03/id_spr01019/id_spr01019_master_image.nii.gz,Normal,,,,,,,,D:/Backup/Mestrado/dados/JPR/dataset_jpr_train/dataset_jpr_train/3/001019
1633,"1,28E+73",jpr_dados,M,33.0,GE MEDICAL SYSTEMS,130.0,1.25,0.417969,1.25,1.0,-1024.0,True,,,,/home/neuro-source/main_source/datasets/sprap_2024_03/id_spr01633/id_spr01633_master_image.nii.gz,Normal,,,,,,,,D:/Backup/Mestrado/dados/JPR/dataset_jpr_train/dataset_jpr_train/2/001633
2535,"1,28E+73",jpr_dados,F,73.0,GE MEDICAL SYSTEMS,257.0,1.25,0.419921994209,0.625,1.0,-1024.0,True,,,,/home/neuro-source/main_source/datasets/sprap_2024_03/id_spr02535/id_spr02535_master_image.nii.gz,Normal,,,,,,,,D:/Backup/Mestrado/dados/JPR/dataset_jpr_train/dataset_jpr_train/1/002535
676,"1,28E+73",jpr_dados,M,45.0,Canon Medical Systems,191.0,1.0,0.481,1.0,1.0,0.0,True,,,,/home/neuro-source/main_source/datasets/sprap_2024_03/id_spr00676/id_spr00676_master_image.nii.gz,Normal,,,,,,,,D:/Backup/Mestrado/dados/JPR/dataset_jpr_train/dataset_jpr_train/3/000676
1498,"1,28E+73",jpr_dados,M,62.0,TOSHIBA,341.0,1.0,0.441,0.5,1.0,0.0,True,,,,/home/neuro-source/main_source/datasets/sprap_2024_03/id_spr01498/id_spr01498_master_image.nii.gz,Normal,,,,,,,,D:/Backup/Mestrado/dados/JPR/dataset_jpr_train/dataset_jpr_train/2/001498
1322,"1,28E+73",jpr_dados,M,41.0,TOSHIBA,226.0,1.0,0.505,0.8,1.0,0.0,True,,,,/home/neuro-source/main_source/datasets/sprap_2024_03/id_spr01322/id_spr01322_master_image.nii.gz,Normal,,,,,,,,D:/Backup/Mestrado/dados/JPR/dataset_jpr_train/dataset_jpr_train/2/001322
1404,"1,28E+73",jpr_dados,M,26.0,TOSHIBA,219.0,1.0,0.456,0.7999999999999999,1.0,0.0,True,,,,/home/neuro-source/main_source/datasets/sprap_2024_03/id_spr01404/id_spr01404_master_image.nii.gz,Normal,,,,,,,,D:/Backup/Mestrado/dados/JPR/dataset_jpr_train/dataset_jpr_train/2/001404
2184,"1,28E+73",jpr_dados,F,23.0,SIEMENS,262.0,1.0,0.443359375,0.7000000000000001,1.0,-1024.0,True,,,,/home/neuro-source/main_source/datasets/sprap_2024_03/id_spr02184/id_spr02184_master_image.nii.gz,Normal,,,,,,,,D:/Backup/Mestrado/dados/JPR/dataset_jpr_train/dataset_jpr_train/2/002184
763,"1,28E+73",jpr_dados,F,38.0,TOSHIBA,175.0,1.0,0.41,1.0,1.0,0.0,True,,,,/home/neuro-source/main_source/datasets/sprap_2024_03/id_spr00763/id_spr00763_master_image.nii.gz,Normal,,,,,,,,D:/Backup/Mestrado/dados/JPR/dataset_jpr_train/dataset_jpr_train/3/000763
1558,"1,28E+73",jpr_dados,F,33.0,GE MEDICAL SYSTEMS,142.0,1.25,0.449219,1.25,1.0,-1024.0,True,,,,/home/neuro-source/main_source/datasets/sprap_2024_03/id_spr01558/id_spr01558_master_image.nii.gz,Normal,,,,,,,,D:/Backup/Mestrado/dados/JPR/dataset_jpr_train/dataset_jpr_train/2/001558
1771,"1,28E+73",jpr_dados,F,24.0,TOSHIBA,186.0,2.0,0.439,1.0,1.0,0.0,True,,,,/home/neuro-source/main_source/datasets/sprap_2024_03/id_spr01771/id_spr01771_master_image.nii.gz,Normal,,,,,,,,D:/Backup/Mestrado/dados/JPR/dataset_jpr_train/dataset_jpr_train/2/001771
522,"1,28E+73",jpr_dados,F,32.0,GE MEDICAL SYSTEMS,139.0,1.25,0.482422,1.25,1.0,-1024.0,True,,,,/home/neuro-source/main_source/datasets/sprap_2024_03/id_spr00522/id_spr00522_master_image.nii.gz,Normal,,,,,,,,D:/Backup/Mestrado/dados/JPR/dataset_jpr_train/dataset_jpr_train/3/000522
880,"1,28E+73",jpr_dados,M,22.0,GE MEDICAL SYSTEMS,157.0,1.25,0.519531,1.25,1.0,-1024.0,True,,,,/home/neuro-source/main_source/datasets/sprap_2024_03/id_spr00880/id_spr00880_master_image.nii.gz,Normal,,,,,,,,D:/Backup/Mestrado/dados/JPR/dataset_jpr_train/dataset_jpr_train/3/000880
2037,"1,28E+73",jpr_dados,F,34.0,Canon Medical Systems,186.0,2.0,0.449,1.0,1.0,0.0,True,,,,/home/neuro-source/main_source/datasets/sprap_2024_03/id_spr02037/id_spr02037_master_image.nii.gz,Normal,,,,,,,,D:/Backup/Mestrado/dados/JPR/dataset_jpr_train/dataset_jpr_train/2/002037
743,"1,28E+72",jpr_dados,F,31.0,GE MEDICAL SYSTEMS,265.0,0.625,0.416016,0.625,1.0,-1024.0,True,,,,/home/neuro-source/main_source/datasets/sprap_2024_03/id_spr00743/id_spr00743_master_image.nii.gz,Normal,,,,,,,,D:/Backup/Mestrado/dados/JPR/dataset_jpr_train/dataset_jpr_train/3/000743
2245,"1,28E+73",jpr_dados,F,23.0,GE MEDICAL SYSTEMS,133.0,1.25,0.421875,1.25,1.0,-1024.0,True,,,,/home/neuro-source/main_source/datasets/sprap_2024_03/id_spr02245/id_spr02245_master_image.nii.gz,Normal,,,,,,,,D:/Backup/Mestrado/dados/JPR/dataset_jpr_train/dataset_jpr_train/2/002245
569,"1,28E+73",jpr_dados,M,29.0,GE MEDICAL SYSTEMS,149.0,1.25,0.488281,1.25,1.0,-1024.0,True,,,,/home/neuro-source/main_source/datasets/sprap_2024_03/id_spr00569/id_spr00569_master_image.nii.gz,Normal,,,,,,,,D:/Backup/Mestrado/dados/JPR/dataset_jpr_train/dataset_jpr_train/3/000569
468,"1,28E+72",jpr_dados,M,23.0,Canon Medical Systems,186.0,1.0,0.429,1.0,1.0,0.0,True,,,,/home/neuro-source/main_source/datasets/sprap_2024_03/id_spr00468/id_spr00468_master_image.nii.gz,Normal,,,,,,,,D:/Backup/Mestrado/dados/JPR/dataset_jpr_train/dataset_jpr_train/3/000468
993,"1,28E+73",jpr_dados,F,32.0,Canon Medical Systems,196.0,2.0,0.507,1.0,1.0,0.0,True,,,,/home/neuro-source/main_source/datasets/sprap_2024_03/id_spr00993/id_spr00993_master_image.nii.gz,Normal,,,,,,,,D:/Backup/Mestrado/dados/JPR/dataset_jpr_train/dataset_jpr_train/3/000993
1997,"1,28E+73",jpr_dados,M,24.0,GE MEDICAL SYSTEMS,150.0,1.25,0.539062,1.25,1.0,-1024.0,True,,,,/home/neuro-source/main_source/datasets/sprap_2024_03/id_spr01997/id_spr01997_master_image.nii.gz,Normal,,,,,,,,D:/Backup/Mestrado/dados/JPR/dataset_jpr_train/dataset_jpr_train/2/001997
937,"1,28E+73",jpr_dados,F,27.0,GE MEDICAL SYSTEMS,329.0,1.25,0.523438,0.625,1.0,-1024.0,True,,,,/home/neuro-source/main_source/datasets/sprap_2024_03/id_spr00937/id_spr00937_master_image.nii.gz,Normal,,,,,,,,D:/Backup/Mestrado/dados/JPR/dataset_jpr_train/dataset_jpr_train/3/000937
2293,"1,28E+72",jpr_dados,M,24.0,TOSHIBA,186.0,2.0,0.461,1.0,1.0,0.0,True,,,,/home/neuro-source/main_source/datasets/sprap_2024_03/id_spr02293/id_spr02293_master_image.nii.gz,Normal,,,,,,,,D:/Backup/Mestrado/dados/JPR/dataset_jpr_train/dataset_jpr_train/2/002293
1651,"1,28E+73",jpr_dados,F,37.0,TOSHIBA,257.0,1.0,0.468,0.8,1.0,0.0,True,,,,/home/neuro-source/main_source/datasets/sprap_2024_03/id_spr01651/id_spr01651_master_image.nii.gz,Normal,,,,,,,,D:/Backup/Mestrado/dados/JPR/dataset_jpr_train/dataset_jpr_train/2/001651
2282,"1,28E+73",jpr_dados,F,30.0,TOSHIBA,181.0,2.0,0.468,1.0,1.0,0.0,True,,,,/home/neuro-source/main_source/datasets/sprap_2024_03/id_spr02282/id_spr02282_master_image.nii.gz,Normal,,,,,,,,D:/Backup/Mestrado/dados/JPR/dataset_jpr_train/dataset_jpr_train/2/002282
2190,"1,28E+73",jpr_dados,F,29.0,SIEMENS,256.0,1.0,0.451171875,0.7,1.0,-1024.0,True,,,,/home/neuro-source/main_source/datasets/sprap_2024_03/id_spr02190/id_spr02190_master_image.nii.gz,Normal,,,,,,,,D:/Backup/Mestrado/dados/JPR/dataset_jpr_train/dataset_jpr_train/2/002190
964,"1,28E+73",jpr_dados,F,22.0,GE MEDICAL SYSTEMS,141.0,1.25,0.488281,1.25,1.0,-1024.0,True,,,,/home/neuro-source/main_source/datasets/sprap_2024_03/id_spr00964/id_spr00964_master_image.nii.gz,Normal,,,,,,,,D:/Backup/Mestrado/dados/JPR/dataset_jpr_train/dataset_jpr_train/3/000964
1295,"1,28E+73",jpr_dados,M,42.0,Canon Medical Systems,191.0,2.0,0.461,1.0,1.0,0.0,True,,,,/home/neuro-source/main_source/datasets/sprap_2024_03/id_spr01295/id_spr01295_master_image.nii.gz,Normal,,,,,,,,D:/Backup/Mestrado/dados/JPR/dataset_jpr_train/dataset_jpr_train/3/001295
1607,"1,28E+73",jpr_dados,M,51.0,Canon Medical Systems,176.0,2.0,0.471,1.0,1.0,0.0,True,,,,/home/neuro-source/main_source/datasets/sprap_2024_03/id_spr01607/id_spr01607_master_image.nii.gz,Normal,,,,,,,,D:/Backup/Mestrado/dados/JPR/dataset_jpr_train/dataset_jpr_train/2/001607
1811,"1,28E+73",jpr_dados,F,38.0,GE MEDICAL SYSTEMS,140.0,1.25,0.488281,1.25,1.0,-1024.0,True,,,,/home/neuro-source/main_source/datasets/sprap_2024_03/id_spr01811/id_spr01811_master_image.nii.gz,Normal,,,,,,,,D:/Backup/Mestrado/dados/JPR/dataset_jpr_train/dataset_jpr_train/2/001811
789,"1,28E+73",jpr_dados,F,33.0,GE MEDICAL SYSTEMS,145.0,1.25,0.472656,1.25,1.0,-1024.0,True,,,,/home/neuro-source/main_source/datasets/sprap_2024_03/id_spr00789/id_spr00789_master_image.nii.gz,Normal,,,,,,,,D:/Backup/Mestrado/dados/JPR/dataset_jpr_train/dataset_jpr_train/3/000789
1990,"1,28E+73",jpr_dados,M,54.0,TOSHIBA,241.0,1.0,0.547,0.8,1.0,0.0,True,,,,/home/neuro-source/main_source/datasets/sprap_2024_03/id_spr01990/id_spr01990_master_image.nii.gz,Normal,,,,,,,,D:/Backup/Mestrado/dados/JPR/dataset_jpr_train/dataset_jpr_train/2/001990
2350,"1,28E+73",jpr_dados,F,37.0,GE MEDICAL SYSTEMS,149.0,2.5,0.460938006639,1.25,1.0,-1024.0,True,,,,/home/neuro-source/main_source/datasets/sprap_2024_03/id_spr02350/id_spr02350_master_image.nii.gz,Normal,,,,,,,,D:/Backup/Mestrado/dados/JPR/dataset_jpr_train/dataset_jpr_train/2/002350
1873,"1,28E+73",jpr_dados,F,39.0,TOSHIBA,226.0,1.0,0.507,0.8,1.0,0.0,True,,,,/home/neuro-source/main_source/datasets/sprap_2024_03/id_spr01873/id_spr01873_master_image.nii.gz,Normal,,,,,,,,D:/Backup/Mestrado/dados/JPR/dataset_jpr_train/dataset_jpr_train/2/001873
1212,"1,28E+72",jpr_dados,M,29.0,GE MEDICAL SYSTEMS,145.0,1.25,0.488281,1.25,1.0,-1024.0,True,,,,/home/neuro-source/main_source/datasets/sprap_2024_03/id_spr01212/id_spr01212_master_image.nii.gz,Normal,,,,,,,,D:/Backup/Mestrado/dados/JPR/dataset_jpr_train/dataset_jpr_train/3/001212
779,"1,28E+73",jpr_dados,M,48.0,GE MEDICAL SYSTEMS,157.0,1.25,0.488281,1.25,1.0,-1024.0,True,,,,/home/neuro-source/main_source/datasets/sprap_2024_03/id_spr00779/id_spr00779_master_image.nii.gz,Normal,,,,,,,,D:/Backup/Mestrado/dados/JPR/dataset_jpr_train/dataset_jpr_train/3/000779
1239,"1,28E+73",jpr_dados,F,31.0,Philips,228.0,1.5,0.451171875,0.7500000000000001,1.0,-1024.0,True,,,,/home/neuro-source/main_source/datasets/sprap_2024_03/id_spr01239/id_spr01239_master_image.nii.gz,Normal,,,,,,,,D:/Backup/Mestrado/dados/JPR/dataset_jpr_train/dataset_jpr_train/3/001239
1105,"1,28E+73",jpr_dados,F,21.0,Philips,180.0,2.0,0.48828125,1.0,1.0,-1024.0,True,,,,/home/neuro-source/main_source/datasets/sprap_2024_03/id_spr01105/id_spr01105_master_image.nii.gz,Normal,,,,,,,,D:/Backup/Mestrado/dados/JPR/dataset_jpr_train/dataset_jpr_train/3/001105
807,"1,28E+73",jpr_dados,M,47.0,GE MEDICAL SYSTEMS,145.0,1.25,0.488281,1.25,1.0,-1024.0,True,,,,/home/neuro-source/main_source/datasets/sprap_2024_03/id_spr00807/id_spr00807_master_image.nii.gz,Normal,,,,,,,,D:/Backup/Mestrado/dados/JPR/dataset_jpr_train/dataset_jpr_train/3/000807
1581,"1,28E+73",jpr_dados,F,49.0,GE MEDICAL SYSTEMS,117.0,1.25,0.455078,1.25,1.0,-1024.0,True,,,,/home/neuro-source/main_source/datasets/sprap_2024_03/id_spr01581/id_spr01581_master_image.nii.gz,Normal,,,,,,,,D:/Backup/Mestrado/dados/JPR/dataset_jpr_train/dataset_jpr_train/2/001581
564,"1,28E+73",jpr_dados,M,43.0,GE MEDICAL SYSTEMS,161.0,1.25,0.517578,1.25,1.0,-1024.0,True,,,,/home/neuro-source/main_source/datasets/sprap_2024_03/id_spr00564/id_spr00564_master_image.nii.gz,Normal,,,,,,,,D:/Backup/Mestrado/dados/JPR/dataset_jpr_train/dataset_jpr_train/3/000564
2017,"1,28E+73",jpr_dados,F,51.0,TOSHIBA,226.0,1.0,0.444,0.8,1.0,0.0,True,,,,/home/neuro-source/main_source/datasets/sprap_2024_03/id_spr02017/id_spr02017_master_image.nii.gz,Normal,,,,,,,,D:/Backup/Mestrado/dados/JPR/dataset_jpr_train/dataset_jpr_train/2/002017
1150,"1,28E+73",jpr_dados,M,19.0,Canon Medical Systems,189.0,1.0,0.522,1.0,1.0,0.0,True,,,,/home/neuro-source/main_source/datasets/sprap_2024_03/id_spr01150/id_spr01150_master_image.nii.gz,Normal,,,,,,,,D:/Backup/Mestrado/dados/JPR/dataset_jpr_train/dataset_jpr_train/3/001150
1884,"1,28E+73",jpr_dados,M,26.0,GE MEDICAL SYSTEMS,155.0,1.25,0.458984,1.25,1.0,-1024.0,True,,,,/home/neuro-source/main_source/datasets/sprap_2024_03/id_spr01884/id_spr01884_master_image.nii.gz,Normal,,,,,,,,D:/Backup/Mestrado/dados/JPR/dataset_jpr_train/dataset_jpr_train/2/001884
2081,"1,28E+73",jpr_dados,F,21.0,GE MEDICAL SYSTEMS,140.0,1.25,0.404297,1.25,1.0,-1024.0,True,,,,/home/neuro-source/main_source/datasets/sprap_2024_03/id_spr02081/id_spr02081_master_image.nii.gz,Normal,,,,,,,,D:/Backup/Mestrado/dados/JPR/dataset_jpr_train/dataset_jpr_train/2/002081
1368,"1,28E+73",jpr_dados,F,50.0,TOSHIBA,201.0,1.0,0.449,0.8,1.0,0.0,True,,,,/home/neuro-source/main_source/datasets/sprap_2024_03/id_spr01368/id_spr01368_master_image.nii.gz,Normal,,,,,,,,D:/Backup/Mestrado/dados/JPR/dataset_jpr_train/dataset_jpr_train/2/001368
1428,"1,28E+72",jpr_dados,F,61.0,GE MEDICAL SYSTEMS,156.0,1.25,0.402344,1.0,1.0,-1024.0,True,,,,/home/neuro-source/main_source/datasets/sprap_2024_03/id_spr01428/id_spr01428_master_image.nii.gz,Normal,,,,,,,,D:/Backup/Mestrado/dados/JPR/dataset_jpr_train/dataset_jpr_train/2/001428
435,"1,28E+73",jpr_dados,M,43.0,GE MEDICAL SYSTEMS,149.0,1.25,0.46875,1.25,1.0,-1024.0,True,,,,/home/neuro-source/main_source/datasets/sprap_2024_03/id_spr00435/id_spr00435_master_image.nii.gz,Normal,,,,,,,,D:/Backup/Mestrado/dados/JPR/dataset_jpr_train/dataset_jpr_train/3/000435
1124,"1,28E+73",jpr_dados,M,30.0,GE MEDICAL SYSTEMS,137.0,1.25,0.488281,1.25,1.0,-1024.0,True,,,,/home/neuro-source/main_source/datasets/sprap_2024_03/id_spr01124/id_spr01124_master_image.nii.gz,Normal,,,,,,,,D:/Backup/Mestrado/dados/JPR/dataset_jpr_train/dataset_jpr_train/3/001124
764,"1,28E+73",jpr_dados,F,40.0,Philips,265.0,1.5,0.4375,0.7500000015151516,1.0,-1024.0,True,,,,/home/neuro-source/main_source/datasets/sprap_2024_03/id_spr00764/id_spr00764_master_image.nii.gz,Normal,,,,,,,,D:/Backup/Mestrado/dados/JPR/dataset_jpr_train/dataset_jpr_train/3/000764
2028,"1,28E+73",jpr_dados,F,42.0,TOSHIBA,251.0,1.0,0.449,0.8,1.0,0.0,True,,,,/home/neuro-source/main_source/datasets/sprap_2024_03/id_spr02028/id_spr02028_master_image.nii.gz,Normal,,,,,,,,D:/Backup/Mestrado/dados/JPR/dataset_jpr_train/dataset_jpr_train/2/002028
2149,"1,28E+73",jpr_dados,F,53.0,SIEMENS,255.0,0.75,0.43359375,0.7000000000000001,1.0,-1024.0,True,,,,/home/neuro-source/main_source/datasets/sprap_2024_03/id_spr02149/id_spr02149_master_image.nii.gz,Normal,,,,,,,,D:/Backup/Mestrado/dados/JPR/dataset_jpr_train/dataset_jpr_train/2/002149
2528,"1,28E+73",jpr_dados,F,76.0,GE MEDICAL SYSTEMS,131.0,2.5,0.414061993361,1.25,1.0,-1024.0,True,,,,/home/neuro-source/main_source/datasets/sprap_2024_03/id_spr02528/id_spr02528_master_image.nii.gz,Normal,,,,,,,,D:/Backup/Mestrado/dados/JPR/dataset_jpr_train/dataset_jpr_train/1/002528
2145,"1,28E+73",jpr_dados,M,37.0,SIEMENS,253.0,0.75,0.482421875,0.7,1.0,-1024.0,True,,,,/home/neuro-source/main_source/datasets/sprap_2024_03/id_spr02145/id_spr02145_master_image.nii.gz,Normal,,,,,,,,D:/Backup/Mestrado/dados/JPR/dataset_jpr_train/dataset_jpr_train/2/002145
1297,"1,28E+73",jpr_dados,F,48.0,GE MEDICAL SYSTEMS,129.0,1.25,0.488281,1.25,1.0,-1024.0,True,,,,/home/neuro-source/main_source/datasets/sprap_2024_03/id_spr01297/id_spr01297_master_image.nii.gz,Normal,,,,,,,,D:/Backup/Mestrado/dados/JPR/dataset_jpr_train/dataset_jpr_train/3/001297
2078,"1,28E+73",jpr_dados,F,22.0,GE MEDICAL SYSTEMS,117.0,1.25,0.435547,1.25,1.0,-1024.0,True,,,,/home/neuro-source/main_source/datasets/sprap_2024_03/id_spr02078/id_spr02078_master_image.nii.gz,Normal,,,,,,,,D:/Backup/Mestrado/dados/JPR/dataset_jpr_train/dataset_jpr_train/2/002078
786,"1,28E+73",jpr_dados,F,22.0,GE MEDICAL SYSTEMS,173.0,1.25,0.585938,1.25,1.0,-1024.0,True,,,,/home/neuro-source/main_source/datasets/sprap_2024_03/id_spr00786/id_spr00786_master_image.nii.gz,Normal,,,,,,,,D:/Backup/Mestrado/dados/JPR/dataset_jpr_train/dataset_jpr_train/3/000786
2009,"1,28E+73",jpr_dados,M,26.0,TOSHIBA,263.0,1.0,0.449,0.8,1.0,0.0,True,,,,/home/neuro-source/main_source/datasets/sprap_2024_03/id_spr02009/id_spr02009_master_image.nii.gz,Normal,,,,,,,,D:/Backup/Mestrado/dados/JPR/dataset_jpr_train/dataset_jpr_train/2/002009
483,"1,28E+73",jpr_dados,F,38.0,GE MEDICAL SYSTEMS,129.0,1.25,0.435547,1.25,1.0,-1024.0,True,,,,/home/neuro-source/main_source/datasets/sprap_2024_03/id_spr00483/id_spr00483_master_image.nii.gz,Normal,,,,,,,,D:/Backup/Mestrado/dados/JPR/dataset_jpr_train/dataset_jpr_train/3/000483
760,"1,28E+73",jpr_dados,F,36.0,Siemens Healthineers,150.0,2.0,0.3995075988,0.9999974735115148,1.0,-8192.0,True,,,,/home/neuro-source/main_source/datasets/sprap_2024_03/id_spr00760/id_spr00760_master_image.nii.gz,Normal,,,,,,,,D:/Backup/Mestrado/dados/JPR/dataset_jpr_train/dataset_jpr_train/3/000760
2316,"1,28E+73",jpr_dados,M,37.0,TOSHIBA,181.0,2.0,0.448,1.0,1.0,0.0,True,,,,/home/neuro-source/main_source/datasets/sprap_2024_03/id_spr02316/id_spr02316_master_image.nii.gz,Normal,,,,,,,,D:/Backup/Mestrado/dados/JPR/dataset_jpr_train/dataset_jpr_train/2/002316
865,"1,28E+73",jpr_dados,F,29.0,GE MEDICAL SYSTEMS,151.0,1.25,0.470703,1.25,1.0,-1024.0,True,,,,/home/neuro-source/main_source/datasets/sprap_2024_03/id_spr00865/id_spr00865_master_image.nii.gz,Normal,,,,,,,,D:/Backup/Mestrado/dados/JPR/dataset_jpr_train/dataset_jpr_train/3/000865
1405,"1,28E+73",jpr_dados,F,23.0,GE MEDICAL SYSTEMS,137.0,1.25,0.474609,1.25,1.0,-1024.0,True,,,,/home/neuro-source/main_source/datasets/sprap_2024_03/id_spr01405/id_spr01405_master_image.nii.gz,Normal,,,,,,,,D:/Backup/Mestrado/dados/JPR/dataset_jpr_train/dataset_jpr_train/2/001405
2286,"1,28E+73",jpr_dados,F,53.0,TOSHIBA,181.0,2.0,0.43,1.0,1.0,0.0,True,,,,/home/neuro-source/main_source/datasets/sprap_2024_03/id_spr02286/id_spr02286_master_image.nii.gz,Normal,,,,,,,,D:/Backup/Mestrado/dados/JPR/dataset_jpr_train/dataset_jpr_train/2/002286
1004,"1,28E+73",jpr_dados,F,41.0,GE MEDICAL SYSTEMS,145.0,1.25,0.488281,1.25,1.0,-1024.0,True,,,,/home/neuro-source/main_source/datasets/sprap_2024_03/id_spr01004/id_spr01004_master_image.nii.gz,Normal,,,,,,,,D:/Backup/Mestrado/dados/JPR/dataset_jpr_train/dataset_jpr_train/3/001004
424,"1,28E+73",jpr_dados,M,59.0,Siemens Healthineers,126.0,2.0,0.4173551555,10.000.001.470.079.800,1.0,-8192.0,True,,,,/home/neuro-source/main_source/datasets/sprap_2024_03/id_spr00424/id_spr00424_master_image.nii.gz,Normal,,,,,,,,D:/Backup/Mestrado/dados/JPR/dataset_jpr_train/dataset_jpr_train/3/000424
1501,"1,28E+73",jpr_dados,F,49.0,Philips,264.0,1.5,0.474609,0.75,1.0,-1024.0,True,,,,/home/neuro-source/main_source/datasets/sprap_2024_03/id_spr01501/id_spr01501_master_image.nii.gz,Normal,,,,,,,,D:/Backup/Mestrado/dados/JPR/dataset_jpr_train/dataset_jpr_train/2/001501
1515,"1,28E+73",jpr_dados,F,32.0,SIEMENS,249.0,1.0,0.42578125,0.6999999999999996,1.0,-1024.0,True,,,,/home/neuro-source/main_source/datasets/sprap_2024_03/id_spr01515/id_spr01515_master_image.nii.gz,Normal,,,,,,,,D:/Backup/Mestrado/dados/JPR/dataset_jpr_train/dataset_jpr_train/2/001515
386,"1,28E+73",jpr_dados,F,58.0,GE MEDICAL SYSTEMS,149.0,1.25,0.443359,1.25,1.0,-1024.0,True,,,,/home/neuro-source/main_source/datasets/sprap_2024_03/id_spr00386/id_spr00386_master_image.nii.gz,Normal,,,,,,,,D:/Backup/Mestrado/dados/JPR/dataset_jpr_train/dataset_jpr_train/3/000386
1387,"1,28E+73",jpr_dados,F,22.0,GE MEDICAL SYSTEMS,137.0,1.25,0.46875,1.25,1.0,-1024.0,True,,,,/home/neuro-source/main_source/datasets/sprap_2024_03/id_spr01387/id_spr01387_master_image.nii.gz,Normal,,,,,,,,D:/Backup/Mestrado/dados/JPR/dataset_jpr_train/dataset_jpr_train/2/001387
534,"1,28E+73",jpr_dados,F,53.0,GE MEDICAL SYSTEMS,146.0,1.25,0.488281,1.25,1.0,-1024.0,True,,,,/home/neuro-source/main_source/datasets/sprap_2024_03/id_spr00534/id_spr00534_master_image.nii.gz,Normal,,,,,,,,D:/Backup/Mestrado/dados/JPR/dataset_jpr_train/dataset_jpr_train/3/000534
551,"1,28E+73",jpr_dados,M,19.0,GE MEDICAL SYSTEMS,157.0,1.25,0.46875,1.25,1.0,-1024.0,True,,,,/home/neuro-source/main_source/datasets/sprap_2024_03/id_spr00551/id_spr00551_master_image.nii.gz,Normal,,,,,,,,D:/Backup/Mestrado/dados/JPR/dataset_jpr_train/dataset_jpr_train/3/000551
1513,"1,28E+73",jpr_dados,F,28.0,GE MEDICAL SYSTEMS,141.0,1.25,0.488281,1.25,1.0,-1024.0,True,,,,/home/neuro-source/main_source/datasets/sprap_2024_03/id_spr01513/id_spr01513_master_image.nii.gz,Normal,,,,,,,,D:/Backup/Mestrado/dados/JPR/dataset_jpr_train/dataset_jpr_train/2/001513
1998,"1,28E+73",jpr_dados,M,30.0,TOSHIBA,226.0,1.0,0.468,0.8,1.0,0.0,True,,,,/home/neuro-source/main_source/datasets/sprap_2024_03/id_spr01998/id_spr01998_master_image.nii.gz,Normal,,,,,,,,D:/Backup/Mestrado/dados/JPR/dataset_jpr_train/dataset_jpr_train/2/001998
2032,"1,28E+73",jpr_dados,F,22.0,GE MEDICAL SYSTEMS,166.0,1.25,0.429688,1.0,1.0,-1024.0,True,,,,/home/neuro-source/main_source/datasets/sprap_2024_03/id_spr02032/id_spr02032_master_image.nii.gz,Normal,,,,,,,,D:/Backup/Mestrado/dados/JPR/dataset_jpr_train/dataset_jpr_train/2/002032
2277,"1,28E+73",jpr_dados,F,34.0,TOSHIBA,171.0,2.0,0.421,1.0,1.0,0.0,True,,,,/home/neuro-source/main_source/datasets/sprap_2024_03/id_spr02277/id_spr02277_master_image.nii.gz,Normal,,,,,,,,D:/Backup/Mestrado/dados/JPR/dataset_jpr_train/dataset_jpr_train/2/002277
1571,"1,28E+73",jpr_dados,M,20.0,Philips,267.0,1.5,0.455078,0.7500036729323307,1.0,-1024.0,True,,,,/home/neuro-source/main_source/datasets/sprap_2024_03/id_spr01571/id_spr01571_master_image.nii.gz,Normal,,,,,,,,D:/Backup/Mestrado/dados/JPR/dataset_jpr_train/dataset_jpr_train/2/001571
2057,"1,28E+73",jpr_dados,F,21.0,TOSHIBA,238.0,1.0,0.468,0.8,1.0,0.0,True,,,,/home/neuro-source/main_source/datasets/sprap_2024_03/id_spr02057/id_spr02057_master_image.nii.gz,Normal,,,,,,,,D:/Backup/Mestrado/dados/JPR/dataset_jpr_train/dataset_jpr_train/2/002057
2035,"1,28E+72",jpr_dados,F,26.0,TOSHIBA,207.0,1.0,0.429,0.8,1.0,0.0,True,,,,/home/neuro-source/main_source/datasets/sprap_2024_03/id_spr02035/id_spr02035_master_image.nii.gz,Normal,,,,,,,,D:/Backup/Mestrado/dados/JPR/dataset_jpr_train/dataset_jpr_train/2/002035
1999,"1,28E+73",jpr_dados,F,41.0,TOSHIBA,226.0,1.0,0.429,0.8,1.0,0.0,True,,,,/home/neuro-source/main_source/datasets/sprap_2024_03/id_spr01999/id_spr01999_master_image.nii.gz,Normal,,,,,,,,D:/Backup/Mestrado/dados/JPR/dataset_jpr_train/dataset_jpr_train/2/001999
396,"1,28E+73",jpr_dados,M,48.0,Philips,188.0,2.0,0.57421875,1.0,1.0,-1024.0,True,,,,/home/neuro-source/main_source/datasets/sprap_2024_03/id_spr00396/id_spr00396_master_image.nii.gz,Normal,,,,,,,,D:/Backup/Mestrado/dados/JPR/dataset_jpr_train/dataset_jpr_train/3/000396
2315,"1,28E+73",jpr_dados,M,36.0,TOSHIBA,176.0,2.0,0.441,1.0,1.0,0.0,True,,,,/home/neuro-source/main_source/datasets/sprap_2024_03/id_spr02315/id_spr02315_master_image.nii.gz,Normal,,,,,,,,D:/Backup/Mestrado/dados/JPR/dataset_jpr_train/dataset_jpr_train/2/002315
1545,"1,28E+73",jpr_dados,F,44.0,GE MEDICAL SYSTEMS,163.0,1.25,0.488281,1.0,1.0,-1024.0,True,,,,/home/neuro-source/main_source/datasets/sprap_2024_03/id_spr01545/id_spr01545_master_image.nii.gz,Normal,,,,,,,,D:/Backup/Mestrado/dados/JPR/dataset_jpr_train/dataset_jpr_train/2/001545
1755,"1,28E+73",jpr_dados,F,29.0,Philips,226.0,1.5,0.417969,0.75,1.0,-1024.0,True,,,,/home/neuro-source/main_source/datasets/sprap_2024_03/id_spr01755/id_spr01755_master_image.nii.gz,Normal,,,,,,,,D:/Backup/Mestrado/dados/JPR/dataset_jpr_train/dataset_jpr_train/2/001755
1817,"1,28E+72",jpr_dados,F,19.0,TOSHIBA,213.0,1.0,0.449,0.8000000000000002,1.0,0.0,True,,,,/home/neuro-source/main_source/datasets/sprap_2024_03/id_spr01817/id_spr01817_master_image.nii.gz,Normal,,,,,,,,D:/Backup/Mestrado/dados/JPR/dataset_jpr_train/dataset_jpr_train/2/001817
587,"1,28E+73",jpr_dados,F,38.0,GE MEDICAL SYSTEMS,160.0,1.25,0.566406,1.25,1.0,-1024.0,True,,,,/home/neuro-source/main_source/datasets/sprap_2024_03/id_spr00587/id_spr00587_master_image.nii.gz,Normal,,,,,,,,D:/Backup/Mestrado/dados/JPR/dataset_jpr_train/dataset_jpr_train/3/000587
2088,"1,28E+72",jpr_dados,F,31.0,GE MEDICAL SYSTEMS,140.0,1.25,0.455078,1.25,1.0,-1024.0,True,,,,/home/neuro-source/main_source/datasets/sprap_2024_03/id_spr02088/id_spr02088_master_image.nii.gz,Normal,,,,,,,,D:/Backup/Mestrado/dados/JPR/dataset_jpr_train/dataset_jpr_train/2/002088
1895,"1,28E+72",jpr_dados,M,20.0,GE MEDICAL SYSTEMS,181.0,1.25,0.474609,1.0,1.0,-1024.0,True,,,,/home/neuro-source/main_source/datasets/sprap_2024_03/id_spr01895/id_spr01895_master_image.nii.gz,Normal,,,,,,,,D:/Backup/Mestrado/dados/JPR/dataset_jpr_train/dataset_jpr_train/2/001895
1455,"1,28E+73",jpr_dados,F,41.0,SIEMENS,251.0,1.0,0.41796875,0.7,1.0,-1024.0,True,,,,/home/neuro-source/main_source/datasets/sprap_2024_03/id_spr01455/id_spr01455_master_image.nii.gz,Normal,,,,,,,,D:/Backup/Mestrado/dados/JPR/dataset_jpr_train/dataset_jpr_train/2/001455
1130,"1,28E+73",jpr_dados,F,26.0,Philips,172.0,2.0,0.453125,10.000.000.011.695.900,1.0,-1024.0,True,,,,/home/neuro-source/main_source/datasets/sprap_2024_03/id_spr01130/id_spr01130_master_image.nii.gz,Normal,,,,,,,,D:/Backup/Mestrado/dados/JPR/dataset_jpr_train/dataset_jpr_train/3/001130
1459,"1,28E+73",jpr_dados,M,48.0,GE MEDICAL SYSTEMS,135.0,1.25,0.488281,1.25,1.0,-1024.0,True,,,,/home/neuro-source/main_source/datasets/sprap_2024_03/id_spr01459/id_spr01459_master_image.nii.gz,Normal,,,,,,,,D:/Backup/Mestrado/dados/JPR/dataset_jpr_train/dataset_jpr_train/2/001459
2253,"1,28E+73",jpr_dados,F,44.0,GE MEDICAL SYSTEMS,137.0,1.25,0.421875,1.25,1.0,-1024.0,True,,,,/home/neuro-source/main_source/datasets/sprap_2024_03/id_spr02253/id_spr02253_master_image.nii.gz,Normal,,,,,,,,D:/Backup/Mestrado/dados/JPR/dataset_jpr_train/dataset_jpr_train/2/002253
2302,"1,28E+73",jpr_dados,M,28.0,TOSHIBA,196.0,2.0,0.495,1.0,1.0,0.0,True,,,,/home/neuro-source/main_source/datasets/sprap_2024_03/id_spr02302/id_spr02302_master_image.nii.gz,Normal,,,,,,,,D:/Backup/Mestrado/dados/JPR/dataset_jpr_train/dataset_jpr_train/2/002302
1230,"1,28E+73",jpr_dados,F,47.0,GE MEDICAL SYSTEMS,133.0,1.25,0.427734,1.25,1.0,-1024.0,True,,,,/home/neuro-source/main_source/datasets/sprap_2024_03/id_spr01230/id_spr01230_master_image.nii.gz,Normal,,,,,,,,D:/Backup/Mestrado/dados/JPR/dataset_jpr_train/dataset_jpr_train/3/001230
474,"1,28E+73",jpr_dados,F,44.0,Philips,192.0,2.0,0.59765625,10.000.000.010.471.200,1.0,-1024.0,True,,,,/home/neuro-source/main_source/datasets/sprap_2024_03/id_spr00474/id_spr00474_master_image.nii.gz,Normal,,,,,,,,D:/Backup/Mestrado/dados/JPR/dataset_jpr_train/dataset_jpr_train/3/000474
1002,"1,28E+72",jpr_dados,F,66.0,GE MEDICAL SYSTEMS,178.0,1.25,0.5,1.25,1.0,-1024.0,True,,,,/home/neuro-source/main_source/datasets/sprap_2024_03/id_spr01002/id_spr01002_master_image.nii.gz,Normal,,,,,,,,D:/Backup/Mestrado/dados/JPR/dataset_jpr_train/dataset_jpr_train/3/001002
2297,"1,28E+73",jpr_dados,F,46.0,TOSHIBA,181.0,2.0,0.43,1.0,1.0,0.0,True,,,,/home/neuro-source/main_source/datasets/sprap_2024_03/id_spr02297/id_spr02297_master_image.nii.gz,Normal,,,,,,,,D:/Backup/Mestrado/dados/JPR/dataset_jpr_train/dataset_jpr_train/2/002297
1849,"1,28E+71",jpr_dados,F,46.0,TOSHIBA,213.0,1.0,0.463,0.8000000000000002,1.0,0.0,True,,,,/home/neuro-source/main_source/datasets/sprap_2024_03/id_spr01849/id_spr01849_master_image.nii.gz,Normal,,,,,,,,D:/Backup/Mestrado/dados/JPR/dataset_jpr_train/dataset_jpr_train/2/001849
1493,"1,28E+73",jpr_dados,F,20.0,GE MEDICAL SYSTEMS,153.0,1.25,0.460938,1.25,1.0,-1024.0,True,,,,/home/neuro-source/main_source/datasets/sprap_2024_03/id_spr01493/id_spr01493_master_image.nii.gz,Normal,,,,,,,,D:/Backup/Mestrado/dados/JPR/dataset_jpr_train/dataset_jpr_train/2/001493
1499,"1,28E+72",jpr_dados,M,27.0,TOSHIBA,232.0,1.0,0.429,0.8,1.0,0.0,True,,,,/home/neuro-source/main_source/datasets/sprap_2024_03/id_spr01499/id_spr01499_master_image.nii.gz,Normal,,,,,,,,D:/Backup/Mestrado/dados/JPR/dataset_jpr_train/dataset_jpr_train/2/001499
1223,"1,28E+73",jpr_dados,F,25.0,GE MEDICAL SYSTEMS,137.0,1.25,0.488281,1.25,1.0,-1024.0,True,,,,/home/neuro-source/main_source/datasets/sprap_2024_03/id_spr01223/id_spr01223_master_image.nii.gz,Normal,,,,,,,,D:/Backup/Mestrado/dados/JPR/dataset_jpr_train/dataset_jpr_train/3/001223
1446,"1,28E+73",jpr_dados,F,57.0,TOSHIBA,191.0,2.0,0.444,1.0,1.0,0.0,True,,,,/home/neuro-source/main_source/datasets/sprap_2024_03/id_spr01446/id_spr01446_master_image.nii.gz,Normal,,,,,,,,D:/Backup/Mestrado/dados/JPR/dataset_jpr_train/dataset_jpr_train/2/001446
1306,"1,28E+73",jpr_dados,F,39.0,TOSHIBA,226.0,1.0,0.466,0.8,1.0,0.0,True,,,,/home/neuro-source/main_source/datasets/sprap_2024_03/id_spr01306/id_spr01306_master_image.nii.gz,Normal,,,,,,,,D:/Backup/Mestrado/dados/JPR/dataset_jpr_train/dataset_jpr_train/3/001306
1190,"1,28E+73",jpr_dados,F,27.0,GE MEDICAL SYSTEMS,149.0,1.25,0.412109,1.25,1.0,-1024.0,True,,,,/home/neuro-source/main_source/datasets/sprap_2024_03/id_spr01190/id_spr01190_master_image.nii.gz,Normal,,,,,,,,D:/Backup/Mestrado/dados/JPR/dataset_jpr_train/dataset_jpr_train/3/001190
2394,"1,28E+73",jpr_dados,F,28.0,GE MEDICAL SYSTEMS,293.0,1.25,0.488281011581,0.625,1.0,-1024.0,True,,,,/home/neuro-source/main_source/datasets/sprap_2024_03/id_spr02394/id_spr02394_master_image.nii.gz,Normal,,,,,,,,D:/Backup/Mestrado/dados/JPR/dataset_jpr_train/dataset_jpr_train/1/002394
2351,"1,28E+73",jpr_dados,F,56.0,GE MEDICAL SYSTEMS,264.0,1.25,0.419921994209,0.6273764258555133,1.0,-1024.0,True,,,,/home/neuro-source/main_source/datasets/sprap_2024_03/id_spr02351/id_spr02351_master_image.nii.gz,Normal,,,,,,,,D:/Backup/Mestrado/dados/JPR/dataset_jpr_train/dataset_jpr_train/2/002351
536,"1,28E+73",jpr_dados,F,51.0,Canon Medical Systems,191.0,2.0,0.481,1.0,1.0,0.0,True,,,,/home/neuro-source/main_source/datasets/sprap_2024_03/id_spr00536/id_spr00536_master_image.nii.gz,Normal,,,,,,,,D:/Backup/Mestrado/dados/JPR/dataset_jpr_train/dataset_jpr_train/3/000536
1478,"1,28E+73",jpr_dados,F,45.0,SIEMENS,267.0,1.0,0.427734375,0.7000000000000001,1.0,-1024.0,True,,,,/home/neuro-source/main_source/datasets/sprap_2024_03/id_spr01478/id_spr01478_master_image.nii.gz,Normal,,,,,,,,D:/Backup/Mestrado/dados/JPR/dataset_jpr_train/dataset_jpr_train/2/001478
955,"1,28E+73",jpr_dados,M,40.0,Philips,167.0,2.0,0.431640625,1.0,1.0,-1024.0,True,,,,/home/neuro-source/main_source/datasets/sprap_2024_03/id_spr00955/id_spr00955_master_image.nii.gz,Normal,,,,,,,,D:/Backup/Mestrado/dados/JPR/dataset_jpr_train/dataset_jpr_train/3/000955
1411,"1,28E+73",jpr_dados,F,29.0,GE MEDICAL SYSTEMS,136.0,1.25,0.451172,1.25,1.0,-1024.0,True,,,,/home/neuro-source/main_source/datasets/sprap_2024_03/id_spr01411/id_spr01411_master_image.nii.gz,Normal,,,,,,,,D:/Backup/Mestrado/dados/JPR/dataset_jpr_train/dataset_jpr_train/2/001411
844,"1,28E+73",jpr_dados,M,55.0,GE MEDICAL SYSTEMS,169.0,1.25,0.488281,1.25,1.0,-1024.0,True,,,,/home/neuro-source/main_source/datasets/sprap_2024_03/id_spr00844/id_spr00844_master_image.nii.gz,Normal,,,,,,,,D:/Backup/Mestrado/dados/JPR/dataset_jpr_train/dataset_jpr_train/3/000844
2156,"1,28E+73",jpr_dados,F,35.0,GE MEDICAL SYSTEMS,131.0,1.25,0.470703,1.25,1.0,-1024.0,True,,,,/home/neuro-source/main_source/datasets/sprap_2024_03/id_spr02156/id_spr02156_master_image.nii.gz,Normal,,,,,,,,D:/Backup/Mestrado/dados/JPR/dataset_jpr_train/dataset_jpr_train/2/002156
541,"1,28E+73",jpr_dados,M,36.0,Philips,211.0,2.0,0.53515625,1.0,1.0,-1024.0,True,,,,/home/neuro-source/main_source/datasets/sprap_2024_03/id_spr00541/id_spr00541_master_image.nii.gz,Normal,,,,,,,,D:/Backup/Mestrado/dados/JPR/dataset_jpr_train/dataset_jpr_train/3/000541
2303,"1,28E+73",jpr_dados,F,48.0,TOSHIBA,186.0,2.0,0.471,1.0,1.0,0.0,True,,,,/home/neuro-source/main_source/datasets/sprap_2024_03/id_spr02303/id_spr02303_master_image.nii.gz,Normal,,,,,,,,D:/Backup/Mestrado/dados/JPR/dataset_jpr_train/dataset_jpr_train/2/002303
1847,"1,28E+73",jpr_dados,F,47.0,GE MEDICAL SYSTEMS,166.0,1.25,0.466797,1.0,1.0,-1024.0,True,,,,/home/neuro-source/main_source/datasets/sprap_2024_03/id_spr01847/id_spr01847_master_image.nii.gz,Normal,,,,,,,,D:/Backup/Mestrado/dados/JPR/dataset_jpr_train/dataset_jpr_train/2/001847
851,"1,28E+72",jpr_dados,F,43.0,GE MEDICAL SYSTEMS,161.0,1.25,0.488281,1.25,1.0,-1024.0,True,,,,/home/neuro-source/main_source/datasets/sprap_2024_03/id_spr00851/id_spr00851_master_image.nii.gz,Normal,,,,,,,,D:/Backup/Mestrado/dados/JPR/dataset_jpr_train/dataset_jpr_train/3/000851
2139,"1,28E+73",jpr_dados,F,28.0,SIEMENS,261.0,0.75,0.482421875,0.7,1.0,-1024.0,True,,,,/home/neuro-source/main_source/datasets/sprap_2024_03/id_spr02139/id_spr02139_master_image.nii.gz,Normal,,,,,,,,D:/Backup/Mestrado/dados/JPR/dataset_jpr_train/dataset_jpr_train/2/002139
1247,"1,28E+73",jpr_dados,M,35.0,GE MEDICAL SYSTEMS,161.0,1.25,0.488281,1.25,1.0,-1024.0,True,,,,/home/neuro-source/main_source/datasets/sprap_2024_03/id_spr01247/id_spr01247_master_image.nii.gz,Normal,,,,,,,,D:/Backup/Mestrado/dados/JPR/dataset_jpr_train/dataset_jpr_train/3/001247
457,"1,28E+73",jpr_dados,F,35.0,GE MEDICAL SYSTEMS,298.0,0.625,0.488281,0.625,1.0,-1024.0,True,,,,/home/neuro-source/main_source/datasets/sprap_2024_03/id_spr00457/id_spr00457_master_image.nii.gz,Normal,,,,,,,,D:/Backup/Mestrado/dados/JPR/dataset_jpr_train/dataset_jpr_train/3/000457
1562,"1,28E+73",jpr_dados,F,30.0,GE MEDICAL SYSTEMS,149.0,1.25,0.488281,1.25,1.0,-1024.0,True,,,,/home/neuro-source/main_source/datasets/sprap_2024_03/id_spr01562/id_spr01562_master_image.nii.gz,Normal,,,,,,,,D:/Backup/Mestrado/dados/JPR/dataset_jpr_train/dataset_jpr_train/2/001562
2461,"1,28E+73",jpr_dados,F,58.0,GE MEDICAL SYSTEMS,149.0,2.5,0.453125,1.25,1.0,-1024.0,True,,,,/home/neuro-source/main_source/datasets/sprap_2024_03/id_spr02461/id_spr02461_master_image.nii.gz,Normal,,,,,,,,D:/Backup/Mestrado/dados/JPR/dataset_jpr_train/dataset_jpr_train/1/002461
709,"1,28E+73",jpr_dados,F,30.0,GE MEDICAL SYSTEMS,157.0,1.25,0.46875,1.25,1.0,-1024.0,True,,,,/home/neuro-source/main_source/datasets/sprap_2024_03/id_spr00709/id_spr00709_master_image.nii.gz,Normal,,,,,,,,D:/Backup/Mestrado/dados/JPR/dataset_jpr_train/dataset_jpr_train/3/000709
1758,"1,28E+73",jpr_dados,M,37.0,SIEMENS,266.0,1.0,0.46875,0.7,1.0,-1024.0,True,,,,/home/neuro-source/main_source/datasets/sprap_2024_03/id_spr01758/id_spr01758_master_image.nii.gz,Normal,,,,,,,,D:/Backup/Mestrado/dados/JPR/dataset_jpr_train/dataset_jpr_train/2/001758
1115,"1,28E+73",jpr_dados,F,39.0,GE MEDICAL SYSTEMS,145.0,1.25,0.472656,1.25,1.0,-1024.0,True,,,,/home/neuro-source/main_source/datasets/sprap_2024_03/id_spr01115/id_spr01115_master_image.nii.gz,Normal,,,,,,,,D:/Backup/Mestrado/dados/JPR/dataset_jpr_train/dataset_jpr_train/3/001115
1363,"1,28E+73",jpr_dados,F,44.0,GE MEDICAL SYSTEMS,155.0,1.25,0.427734,1.0,1.0,-1024.0,True,,,,/home/neuro-source/main_source/datasets/sprap_2024_03/id_spr01363/id_spr01363_master_image.nii.gz,Normal,,,,,,,,D:/Backup/Mestrado/dados/JPR/dataset_jpr_train/dataset_jpr_train/2/001363
515,"1,28E+73",jpr_dados,F,46.0,Canon Medical Systems,166.0,2.0,0.429,1.0,1.0,0.0,True,,,,/home/neuro-source/main_source/datasets/sprap_2024_03/id_spr00515/id_spr00515_master_image.nii.gz,Normal,,,,,,,,D:/Backup/Mestrado/dados/JPR/dataset_jpr_train/dataset_jpr_train/3/000515
1743,"1,28E+73",jpr_dados,F,33.0,GE MEDICAL SYSTEMS,167.0,1.25,0.488281,1.25,1.0,-1024.0,True,,,,/home/neuro-source/main_source/datasets/sprap_2024_03/id_spr01743/id_spr01743_master_image.nii.gz,Normal,,,,,,,,D:/Backup/Mestrado/dados/JPR/dataset_jpr_train/dataset_jpr_train/2/001743
2511,"1,28E+73",jpr_dados,F,49.0,GE MEDICAL SYSTEMS,131.0,2.5,0.625,1.25,1.0,-1024.0,True,,,,/home/neuro-source/main_source/datasets/sprap_2024_03/id_spr02511/id_spr02511_master_image.nii.gz,Normal,,,,,,,,D:/Backup/Mestrado/dados/JPR/dataset_jpr_train/dataset_jpr_train/1/002511
1167,"1,28E+73",jpr_dados,F,33.0,Canon Medical Systems,201.0,2.0,0.5,1.0,1.0,0.0,True,,,,/home/neuro-source/main_source/datasets/sprap_2024_03/id_spr01167/id_spr01167_master_image.nii.gz,Normal,,,,,,,,D:/Backup/Mestrado/dados/JPR/dataset_jpr_train/dataset_jpr_train/3/001167
684,"1,28E+73",jpr_dados,F,34.0,GE MEDICAL SYSTEMS,153.0,1.25,0.429688,1.25,1.0,-1024.0,True,,,,/home/neuro-source/main_source/datasets/sprap_2024_03/id_spr00684/id_spr00684_master_image.nii.gz,Normal,,,,,,,,D:/Backup/Mestrado/dados/JPR/dataset_jpr_train/dataset_jpr_train/3/000684
2103,"1,28E+73",jpr_dados,M,44.0,GE MEDICAL SYSTEMS,153.0,1.25,0.488281,1.25,1.0,-1024.0,True,,,,/home/neuro-source/main_source/datasets/sprap_2024_03/id_spr02103/id_spr02103_master_image.nii.gz,Normal,,,,,,,,D:/Backup/Mestrado/dados/JPR/dataset_jpr_train/dataset_jpr_train/2/002103
1240,"1,28E+73",jpr_dados,F,27.0,Philips,167.0,2.0,0.48828125,10.000.000.000.000.000,1.0,-1024.0,True,,,,/home/neuro-source/main_source/datasets/sprap_2024_03/id_spr01240/id_spr01240_master_image.nii.gz,Normal,,,,,,,,D:/Backup/Mestrado/dados/JPR/dataset_jpr_train/dataset_jpr_train/3/001240
882,"1,28E+73",jpr_dados,M,40.0,GE MEDICAL SYSTEMS,173.0,1.25,0.533203,1.25,1.0,-1024.0,True,,,,/home/neuro-source/main_source/datasets/sprap_2024_03/id_spr00882/id_spr00882_master_image.nii.gz,Normal,,,,,,,,D:/Backup/Mestrado/dados/JPR/dataset_jpr_train/dataset_jpr_train/3/000882
1042,"1,28E+73",jpr_dados,M,41.0,GE MEDICAL SYSTEMS,137.0,1.25,0.445312,1.25,1.0,-1024.0,True,,,,/home/neuro-source/main_source/datasets/sprap_2024_03/id_spr01042/id_spr01042_master_image.nii.gz,Normal,,,,,,,,D:/Backup/Mestrado/dados/JPR/dataset_jpr_train/dataset_jpr_train/3/001042
2644,"1,28E+72",jpr_dados,F,36.0,GE MEDICAL SYSTEMS,285.0,1.25,0.408203005791,0.625,1.0,-1024.0,True,,,,/home/neuro-source/main_source/datasets/sprap_2024_03/id_spr02644/id_spr02644_master_image.nii.gz,Normal,,,,,,,,D:/Backup/Mestrado/dados/JPR/dataset_jpr_train/dataset_jpr_train/1/002644
1311,"1,28E+72",jpr_dados,F,39.0,GE MEDICAL SYSTEMS,281.0,0.625,0.46875,0.625,1.0,-1024.0,True,,,,/home/neuro-source/main_source/datasets/sprap_2024_03/id_spr01311/id_spr01311_master_image.nii.gz,Normal,,,,,,,,D:/Backup/Mestrado/dados/JPR/dataset_jpr_train/dataset_jpr_train/3/001311
1834,"1,28E+73",jpr_dados,M,40.0,GE MEDICAL SYSTEMS,166.0,1.25,0.488281,1.0,1.0,-1024.0,True,,,,/home/neuro-source/main_source/datasets/sprap_2024_03/id_spr01834/id_spr01834_master_image.nii.gz,Normal,,,,,,,,D:/Backup/Mestrado/dados/JPR/dataset_jpr_train/dataset_jpr_train/2/001834
2507,"1,28E+73",jpr_dados,F,48.0,GE MEDICAL SYSTEMS,141.0,2.5,0.410156011581,1.25,1.0,-1024.0,True,,,,/home/neuro-source/main_source/datasets/sprap_2024_03/id_spr02507/id_spr02507_master_image.nii.gz,Normal,,,,,,,,D:/Backup/Mestrado/dados/JPR/dataset_jpr_train/dataset_jpr_train/1/002507
573,"1,28E+73",jpr_dados,F,21.0,Philips,176.0,2.0,0.490234,1.0,1.0,-1024.0,True,,,,/home/neuro-source/main_source/datasets/sprap_2024_03/id_spr00573/id_spr00573_master_image.nii.gz,Normal,,,,,,,,D:/Backup/Mestrado/dados/JPR/dataset_jpr_train/dataset_jpr_train/3/000573
428,"1,28E+73",jpr_dados,F,22.0,Philips,174.0,2.0,0.48828125,1.0,1.0,-1024.0,True,,,,/home/neuro-source/main_source/datasets/sprap_2024_03/id_spr00428/id_spr00428_master_image.nii.gz,Normal,,,,,,,,D:/Backup/Mestrado/dados/JPR/dataset_jpr_train/dataset_jpr_train/3/000428
580,"1,28E+73",jpr_dados,F,28.0,GE MEDICAL SYSTEMS,196.0,2.5,0.488281,1.0,1.0,-1024.0,True,,,,/home/neuro-source/main_source/datasets/sprap_2024_03/id_spr00580/id_spr00580_master_image.nii.gz,Normal,,,,,,,,D:/Backup/Mestrado/dados/JPR/dataset_jpr_train/dataset_jpr_train/3/000580
1807,"1,28E+73",jpr_dados,F,39.0,SIEMENS,174.0,1.0,0.484375,1.0,1.0,-1024.0,True,,,,/home/neuro-source/main_source/datasets/sprap_2024_03/id_spr01807/id_spr01807_master_image.nii.gz,Normal,,,,,,,,D:/Backup/Mestrado/dados/JPR/dataset_jpr_train/dataset_jpr_train/2/001807
2265,"1,28E+73",jpr_dados,F,29.0,TOSHIBA,181.0,2.0,0.463,1.0,1.0,0.0,True,,,,/home/neuro-source/main_source/datasets/sprap_2024_03/id_spr02265/id_spr02265_master_image.nii.gz,Normal,,,,,,,,D:/Backup/Mestrado/dados/JPR/dataset_jpr_train/dataset_jpr_train/2/002265
1768,"1,28E+73",jpr_dados,M,40.0,Canon Medical Systems,232.0,1.0,0.529,0.8,1.0,0.0,True,,,,/home/neuro-source/main_source/datasets/sprap_2024_03/id_spr01768/id_spr01768_master_image.nii.gz,Normal,,,,,,,,D:/Backup/Mestrado/dados/JPR/dataset_jpr_train/dataset_jpr_train/2/001768
579,"1,28E+73",jpr_dados,M,36.0,GE MEDICAL SYSTEMS,165.0,1.25,0.488281,1.25,1.0,-1024.0,True,,,,/home/neuro-source/main_source/datasets/sprap_2024_03/id_spr00579/id_spr00579_master_image.nii.gz,Normal,,,,,,,,D:/Backup/Mestrado/dados/JPR/dataset_jpr_train/dataset_jpr_train/3/000579
948,"1,28E+73",jpr_dados,M,54.0,Canon Medical Systems,206.0,2.0,0.561,1.0,1.0,0.0,True,,,,/home/neuro-source/main_source/datasets/sprap_2024_03/id_spr00948/id_spr00948_master_image.nii.gz,Normal,,,,,,,,D:/Backup/Mestrado/dados/JPR/dataset_jpr_train/dataset_jpr_train/3/000948
1711,"1,28E+73",jpr_dados,F,35.0,GE MEDICAL SYSTEMS,159.0,1.25,0.488281,1.0,1.0,-1024.0,True,,,,/home/neuro-source/main_source/datasets/sprap_2024_03/id_spr01711/id_spr01711_master_image.nii.gz,Normal,,,,,,,,D:/Backup/Mestrado/dados/JPR/dataset_jpr_train/dataset_jpr_train/2/001711
1784,"1,28E+73",jpr_dados,M,41.0,TOSHIBA,584.0,0.5,0.41,0.2999999999999999,1.0,0.0,True,,,,/home/neuro-source/main_source/datasets/sprap_2024_03/id_spr01784/id_spr01784_master_image.nii.gz,Normal,,,,,,,,D:/Backup/Mestrado/dados/JPR/dataset_jpr_train/dataset_jpr_train/2/001784
1000,"1,28E+73",jpr_dados,F,41.0,Philips,175.0,2.0,0.435547,1.0,1.0,-1024.0,True,,,,/home/neuro-source/main_source/datasets/sprap_2024_03/id_spr01000/id_spr01000_master_image.nii.gz,Normal,,,,,,,,D:/Backup/Mestrado/dados/JPR/dataset_jpr_train/dataset_jpr_train/3/001000
933,"1,28E+73",jpr_dados,M,51.0,Philips,200.0,2.0,0.48828125,10.000.000.010.050.200,1.0,-1024.0,True,,,,/home/neuro-source/main_source/datasets/sprap_2024_03/id_spr00933/id_spr00933_master_image.nii.gz,Normal,,,,,,,,D:/Backup/Mestrado/dados/JPR/dataset_jpr_train/dataset_jpr_train/3/000933
1733,"1,28E+73",jpr_dados,M,36.0,GE MEDICAL SYSTEMS,155.0,1.25,0.478516,1.25,1.0,-1024.0,True,,,,/home/neuro-source/main_source/datasets/sprap_2024_03/id_spr01733/id_spr01733_master_image.nii.gz,Normal,,,,,,,,D:/Backup/Mestrado/dados/JPR/dataset_jpr_train/dataset_jpr_train/2/001733
2529,"1,28E+73",jpr_dados,M,52.0,GE MEDICAL SYSTEMS,155.0,2.5,0.488281011581,1.25,1.0,-1024.0,True,,,,/home/neuro-source/main_source/datasets/sprap_2024_03/id_spr02529/id_spr02529_master_image.nii.gz,Normal,,,,,,,,D:/Backup/Mestrado/dados/JPR/dataset_jpr_train/dataset_jpr_train/1/002529
831,"1,28E+72",jpr_dados,F,25.0,GE MEDICAL SYSTEMS,139.0,1.25,0.515625,1.25,1.0,-1024.0,True,,,,/home/neuro-source/main_source/datasets/sprap_2024_03/id_spr00831/id_spr00831_master_image.nii.gz,Normal,,,,,,,,D:/Backup/Mestrado/dados/JPR/dataset_jpr_train/dataset_jpr_train/3/000831
886,"1,28E+73",jpr_dados,M,47.0,GE MEDICAL SYSTEMS,145.0,1.25,0.488281,1.25,1.0,-1024.0,True,,,,/home/neuro-source/main_source/datasets/sprap_2024_03/id_spr00886/id_spr00886_master_image.nii.gz,Normal,,,,,,,,D:/Backup/Mestrado/dados/JPR/dataset_jpr_train/dataset_jpr_train/3/000886
2319,"1,28E+73",jpr_dados,M,41.0,TOSHIBA,191.0,2.0,0.444,1.0,1.0,0.0,True,,,,/home/neuro-source/main_source/datasets/sprap_2024_03/id_spr02319/id_spr02319_master_image.nii.gz,Normal,,,,,,,,D:/Backup/Mestrado/dados/JPR/dataset_jpr_train/dataset_jpr_train/2/002319
470,"1,28E+73",jpr_dados,M,25.0,GE MEDICAL SYSTEMS,153.0,1.25,0.488281,1.25,1.0,-1024.0,True,,,,/home/neuro-source/main_source/datasets/sprap_2024_03/id_spr00470/id_spr00470_master_image.nii.gz,Normal,,,,,,,,D:/Backup/Mestrado/dados/JPR/dataset_jpr_train/dataset_jpr_train/3/000470
420,"1,28E+73",jpr_dados,F,21.0,GE MEDICAL SYSTEMS,133.0,1.25,0.488281,1.25,1.0,-1024.0,True,,,,/home/neuro-source/main_source/datasets/sprap_2024_03/id_spr00420/id_spr00420_master_image.nii.gz,Normal,,,,,,,,D:/Backup/Mestrado/dados/JPR/dataset_jpr_train/dataset_jpr_train/3/000420
1634,"1,28E+73",jpr_dados,F,44.0,GE MEDICAL SYSTEMS,139.0,1.25,0.462891,1.25,1.0,-1024.0,True,,,,/home/neuro-source/main_source/datasets/sprap_2024_03/id_spr01634/id_spr01634_master_image.nii.gz,Normal,,,,,,,,D:/Backup/Mestrado/dados/JPR/dataset_jpr_train/dataset_jpr_train/2/001634
1982,"1,28E+73",jpr_dados,M,35.0,TOSHIBA,218.0,1.0,0.525,0.8000000000000002,1.0,0.0,True,,,,/home/neuro-source/main_source/datasets/sprap_2024_03/id_spr01982/id_spr01982_master_image.nii.gz,Normal,,,,,,,,D:/Backup/Mestrado/dados/JPR/dataset_jpr_train/dataset_jpr_train/2/001982
1107,"1,28E+73",jpr_dados,M,49.0,GE MEDICAL SYSTEMS,137.0,1.25,0.605469,1.25,1.0,-1024.0,True,,,,/home/neuro-source/main_source/datasets/sprap_2024_03/id_spr01107/id_spr01107_master_image.nii.gz,Normal,,,,,,,,D:/Backup/Mestrado/dados/JPR/dataset_jpr_train/dataset_jpr_train/3/001107
1021,"1,28E+73",jpr_dados,F,36.0,GE MEDICAL SYSTEMS,141.0,1.25,0.488281,1.25,1.0,-1024.0,True,,,,/home/neuro-source/main_source/datasets/sprap_2024_03/id_spr01021/id_spr01021_master_image.nii.gz,Normal,,,,,,,,D:/Backup/Mestrado/dados/JPR/dataset_jpr_train/dataset_jpr_train/3/001021
2294,"1,28E+73",jpr_dados,F,27.0,TOSHIBA,171.0,2.0,0.412,1.0,1.0,0.0,True,,,,/home/neuro-source/main_source/datasets/sprap_2024_03/id_spr02294/id_spr02294_master_image.nii.gz,Normal,,,,,,,,D:/Backup/Mestrado/dados/JPR/dataset_jpr_train/dataset_jpr_train/2/002294
581,"1,28E+73",jpr_dados,F,50.0,Philips,216.0,1.5,0.421875,0.7500000009302326,1.0,-1024.0,True,,,,/home/neuro-source/main_source/datasets/sprap_2024_03/id_spr00581/id_spr00581_master_image.nii.gz,Normal,,,,,,,,D:/Backup/Mestrado/dados/JPR/dataset_jpr_train/dataset_jpr_train/3/000581
727,"1,28E+73",jpr_dados,M,38.0,Philips,179.0,2.0,0.4765625,1.000.000.002.247.190,1.0,-1024.0,True,,,,/home/neuro-source/main_source/datasets/sprap_2024_03/id_spr00727/id_spr00727_master_image.nii.gz,Normal,,,,,,,,D:/Backup/Mestrado/dados/JPR/dataset_jpr_train/dataset_jpr_train/3/000727
2216,"1,28E+73",jpr_dados,F,34.0,GE MEDICAL SYSTEMS,145.0,1.25,0.441406,1.25,1.0,-1024.0,True,,,,/home/neuro-source/main_source/datasets/sprap_2024_03/id_spr02216/id_spr02216_master_image.nii.gz,Normal,,,,,,,,D:/Backup/Mestrado/dados/JPR/dataset_jpr_train/dataset_jpr_train/2/002216
437,"1,28E+73",jpr_dados,F,53.0,GE MEDICAL SYSTEMS,157.0,1.25,0.529297,1.25,1.0,-1024.0,True,,,,/home/neuro-source/main_source/datasets/sprap_2024_03/id_spr00437/id_spr00437_master_image.nii.gz,Normal,,,,,,,,D:/Backup/Mestrado/dados/JPR/dataset_jpr_train/dataset_jpr_train/3/000437
2621,"1,28E+73",jpr_dados,F,53.0,GE MEDICAL SYSTEMS,277.0,1.25,0.417968988419,0.625,1.0,-1024.0,True,,,,/home/neuro-source/main_source/datasets/sprap_2024_03/id_spr02621/id_spr02621_master_image.nii.gz,Normal,,,,,,,,D:/Backup/Mestrado/dados/JPR/dataset_jpr_train/dataset_jpr_train/1/002621
1308,"1,28E+73",jpr_dados,F,59.0,TOSHIBA,212.0,1.0,0.495,0.8,1.0,0.0,True,,,,/home/neuro-source/main_source/datasets/sprap_2024_03/id_spr01308/id_spr01308_master_image.nii.gz,Normal,,,,,,,,D:/Backup/Mestrado/dados/JPR/dataset_jpr_train/dataset_jpr_train/3/001308
1173,"1,28E+72",jpr_dados,M,45.0,GE MEDICAL SYSTEMS,165.0,1.25,0.546875,1.25,1.0,-1024.0,True,,,,/home/neuro-source/main_source/datasets/sprap_2024_03/id_spr01173/id_spr01173_master_image.nii.gz,Normal,,,,,,,,D:/Backup/Mestrado/dados/JPR/dataset_jpr_train/dataset_jpr_train/3/001173
1096,"1,28E+72",jpr_dados,F,41.0,TOSHIBA,166.0,1.0,0.424,1.0,1.0,0.0,True,,,,/home/neuro-source/main_source/datasets/sprap_2024_03/id_spr01096/id_spr01096_master_image.nii.gz,Normal,,,,,,,,D:/Backup/Mestrado/dados/JPR/dataset_jpr_train/dataset_jpr_train/3/001096
2129,"1,28E+73",jpr_dados,M,27.0,Philips,176.0,2.0,0.5078125,1.0,1.0,-1024.0,True,,,,/home/neuro-source/main_source/datasets/sprap_2024_03/id_spr02129/id_spr02129_master_image.nii.gz,Normal,,,,,,,,D:/Backup/Mestrado/dados/JPR/dataset_jpr_train/dataset_jpr_train/2/002129
1710,"1,28E+73",jpr_dados,F,42.0,GE MEDICAL SYSTEMS,155.0,1.25,0.460938,1.25,1.0,-1024.0,True,,,,/home/neuro-source/main_source/datasets/sprap_2024_03/id_spr01710/id_spr01710_master_image.nii.gz,Normal,,,,,,,,D:/Backup/Mestrado/dados/JPR/dataset_jpr_train/dataset_jpr_train/2/001710
1519,"1,28E+73",jpr_dados,M,65.0,GE MEDICAL SYSTEMS,168.0,1.25,0.455078,1.0,1.0,-1024.0,True,,,,/home/neuro-source/main_source/datasets/sprap_2024_03/id_spr01519/id_spr01519_master_image.nii.gz,Normal,,,,,,,,D:/Backup/Mestrado/dados/JPR/dataset_jpr_train/dataset_jpr_train/2/001519
1483,"1,28E+73",jpr_dados,F,76.0,TOSHIBA,206.0,1.0,0.449,0.8,1.0,0.0,True,,,,/home/neuro-source/main_source/datasets/sprap_2024_03/id_spr01483/id_spr01483_master_image.nii.gz,Normal,,,,,,,,D:/Backup/Mestrado/dados/JPR/dataset_jpr_train/dataset_jpr_train/2/001483
1364,"1,28E+73",jpr_dados,M,45.0,GE MEDICAL SYSTEMS,162.0,1.25,0.488281,1.0,1.0,-1024.0,True,,,,/home/neuro-source/main_source/datasets/sprap_2024_03/id_spr01364/id_spr01364_master_image.nii.gz,Normal,,,,,,,,D:/Backup/Mestrado/dados/JPR/dataset_jpr_train/dataset_jpr_train/2/001364
1309,"1,28E+73",jpr_dados,F,54.0,GE MEDICAL SYSTEMS,150.0,1.25,0.466797,1.25,1.0,-1024.0,True,,,,/home/neuro-source/main_source/datasets/sprap_2024_03/id_spr01309/id_spr01309_master_image.nii.gz,Normal,,,,,,,,D:/Backup/Mestrado/dados/JPR/dataset_jpr_train/dataset_jpr_train/3/001309
488,"1,28E+73",jpr_dados,M,38.0,Siemens Healthineers,180.0,2.0,0.4211096346,0.9999984600499988,1.0,-8192.0,True,,,,/home/neuro-source/main_source/datasets/sprap_2024_03/id_spr00488/id_spr00488_master_image.nii.gz,Normal,,,,,,,,D:/Backup/Mestrado/dados/JPR/dataset_jpr_train/dataset_jpr_train/3/000488
1907,"1,28E+73",jpr_dados,F,38.0,GE MEDICAL SYSTEMS,140.0,1.25,0.488281,1.25,1.0,-1024.0,True,,,,/home/neuro-source/main_source/datasets/sprap_2024_03/id_spr01907/id_spr01907_master_image.nii.gz,Normal,,,,,,,,D:/Backup/Mestrado/dados/JPR/dataset_jpr_train/dataset_jpr_train/2/001907
672,"1,28E+72",jpr_dados,M,18.0,Canon Medical Systems,201.0,2.0,0.529,1.0,1.0,0.0,True,,,,/home/neuro-source/main_source/datasets/sprap_2024_03/id_spr00672/id_spr00672_master_image.nii.gz,Normal,,,,,,,,D:/Backup/Mestrado/dados/JPR/dataset_jpr_train/dataset_jpr_train/3/000672
904,"1,28E+73",jpr_dados,F,49.0,GE MEDICAL SYSTEMS,137.0,1.25,0.488281,1.25,1.0,-1024.0,True,,,,/home/neuro-source/main_source/datasets/sprap_2024_03/id_spr00904/id_spr00904_master_image.nii.gz,Normal,,,,,,,,D:/Backup/Mestrado/dados/JPR/dataset_jpr_train/dataset_jpr_train/3/000904
1338,"1,28E+73",jpr_dados,F,25.0,GE MEDICAL SYSTEMS,128.0,1.25,0.445312,1.25,1.0,-1024.0,True,,,,/home/neuro-source/main_source/datasets/sprap_2024_03/id_spr01338/id_spr01338_master_image.nii.gz,Normal,,,,,,,,D:/Backup/Mestrado/dados/JPR/dataset_jpr_train/dataset_jpr_train/2/001338
962,"1,28E+73",jpr_dados,F,45.0,GE MEDICAL SYSTEMS,153.0,1.25,0.429688,1.25,1.0,-1024.0,True,,,,/home/neuro-source/main_source/datasets/sprap_2024_03/id_spr00962/id_spr00962_master_image.nii.gz,Normal,,,,,,,,D:/Backup/Mestrado/dados/JPR/dataset_jpr_train/dataset_jpr_train/3/000962
2120,"1,28E+73",jpr_dados,M,23.0,Philips,183.0,2.0,0.48828125,1.0,1.0,-1024.0,True,,,,/home/neuro-source/main_source/datasets/sprap_2024_03/id_spr02120/id_spr02120_master_image.nii.gz,Normal,,,,,,,,D:/Backup/Mestrado/dados/JPR/dataset_jpr_train/dataset_jpr_train/2/002120
2447,"1,28E+73",jpr_dados,F,61.0,GE MEDICAL SYSTEMS,305.0,1.25,0.488281011581,0.625,1.0,-1024.0,True,,,,/home/neuro-source/main_source/datasets/sprap_2024_03/id_spr02447/id_spr02447_master_image.nii.gz,Normal,,,,,,,,D:/Backup/Mestrado/dados/JPR/dataset_jpr_train/dataset_jpr_train/1/002447
1438,"1,28E+73",jpr_dados,F,20.0,GE MEDICAL SYSTEMS,131.0,1.25,0.449219,1.25,1.0,-1024.0,True,,,,/home/neuro-source/main_source/datasets/sprap_2024_03/id_spr01438/id_spr01438_master_image.nii.gz,Normal,,,,,,,,D:/Backup/Mestrado/dados/JPR/dataset_jpr_train/dataset_jpr_train/2/001438
743,"1,28E+72",jpr_dados,F,31.0,GE MEDICAL SYSTEMS,265.0,0.625,0.416016,0.625,1.0,-1024.0,True,,,,/home/neuro-source/main_source/datasets/sprap_2024_03/id_spr00743/id_spr00743_master_image.nii.gz,Normal,,,,,,,,D:/Backup/Mestrado/dados/JPR/dataset_jpr_train/dataset_jpr_train/3/000743
1862,"1,28E+73",jpr_dados,F,43.0,GE MEDICAL SYSTEMS,143.0,1.25,0.488281,1.25,1.0,-1024.0,True,,,,/home/neuro-source/main_source/datasets/sprap_2024_03/id_spr01862/id_spr01862_master_image.nii.gz,Normal,,,,,,,,D:/Backup/Mestrado/dados/JPR/dataset_jpr_train/dataset_jpr_train/2/001862
832,"1,28E+73",jpr_dados,F,33.0,GE MEDICAL SYSTEMS,137.0,1.25,0.435547,1.25,1.0,-1024.0,True,,,,/home/neuro-source/main_source/datasets/sprap_2024_03/id_spr00832/id_spr00832_master_image.nii.gz,Normal,,,,,,,,D:/Backup/Mestrado/dados/JPR/dataset_jpr_train/dataset_jpr_train/3/000832
2370,"1,28E+73",jpr_dados,F,45.0,GE MEDICAL SYSTEMS,245.0,1.25,0.625,0.625,1.0,-1024.0,True,,,,/home/neuro-source/main_source/datasets/sprap_2024_03/id_spr02370/id_spr02370_master_image.nii.gz,Normal,,,,,,,,D:/Backup/Mestrado/dados/JPR/dataset_jpr_train/dataset_jpr_train/1/002370
728,"1,28E+73",jpr_dados,F,25.0,GE MEDICAL SYSTEMS,137.0,1.25,0.625,1.25,1.0,-1024.0,True,,,,/home/neuro-source/main_source/datasets/sprap_2024_03/id_spr00728/id_spr00728_master_image.nii.gz,Normal,,,,,,,,D:/Backup/Mestrado/dados/JPR/dataset_jpr_train/dataset_jpr_train/3/000728
704,"1,28E+73",jpr_dados,F,23.0,GE MEDICAL SYSTEMS,145.0,1.25,0.488281,1.25,1.0,-1024.0,True,,,,/home/neuro-source/main_source/datasets/sprap_2024_03/id_spr00704/id_spr00704_master_image.nii.gz,Normal,,,,,,,,D:/Backup/Mestrado/dados/JPR/dataset_jpr_train/dataset_jpr_train/3/000704
2392,"1,28E+73",jpr_dados,F,52.0,GE MEDICAL SYSTEMS,151.0,2.5,0.488281011581,1.25,1.0,-1024.0,True,,,,/home/neuro-source/main_source/datasets/sprap_2024_03/id_spr02392/id_spr02392_master_image.nii.gz,Normal,,,,,,,,D:/Backup/Mestrado/dados/JPR/dataset_jpr_train/dataset_jpr_train/1/002392
669,"1,28E+72",jpr_dados,M,48.0,GE MEDICAL SYSTEMS,137.0,1.25,0.488281,1.25,1.0,-1024.0,True,,,,/home/neuro-source/main_source/datasets/sprap_2024_03/id_spr00669/id_spr00669_master_image.nii.gz,Normal,,,,,,,,D:/Backup/Mestrado/dados/JPR/dataset_jpr_train/dataset_jpr_train/3/000669
1237,"1,28E+73",jpr_dados,F,19.0,Philips,219.0,1.5,0.421875,0.7499999990825689,1.0,-1024.0,True,,,,/home/neuro-source/main_source/datasets/sprap_2024_03/id_spr01237/id_spr01237_master_image.nii.gz,Normal,,,,,,,,D:/Backup/Mestrado/dados/JPR/dataset_jpr_train/dataset_jpr_train/3/001237
2457,"1,28E+73",jpr_dados,M,87.0,GE MEDICAL SYSTEMS,143.0,2.5,0.439453005791,1.25,1.0,-1024.0,True,,,,/home/neuro-source/main_source/datasets/sprap_2024_03/id_spr02457/id_spr02457_master_image.nii.gz,Normal,,,,,,,,D:/Backup/Mestrado/dados/JPR/dataset_jpr_train/dataset_jpr_train/1/002457
1084,"1,28E+73",jpr_dados,M,34.0,GE MEDICAL SYSTEMS,141.0,1.25,0.488281,1.25,1.0,-1024.0,True,,,,/home/neuro-source/main_source/datasets/sprap_2024_03/id_spr01084/id_spr01084_master_image.nii.gz,Normal,,,,,,,,D:/Backup/Mestrado/dados/JPR/dataset_jpr_train/dataset_jpr_train/3/001084
1496,"1,28E+72",jpr_dados,F,20.0,TOSHIBA,166.0,2.0,0.473,1.0,1.0,0.0,True,,,,/home/neuro-source/main_source/datasets/sprap_2024_03/id_spr01496/id_spr01496_master_image.nii.gz,Normal,,,,,,,,D:/Backup/Mestrado/dados/JPR/dataset_jpr_train/dataset_jpr_train/2/001496
2135,"1,28E+73",jpr_dados,F,37.0,Philips,175.0,2.0,0.435546875,1.0,1.0,-1024.0,True,,,,/home/neuro-source/main_source/datasets/sprap_2024_03/id_spr02135/id_spr02135_master_image.nii.gz,Normal,,,,,,,,D:/Backup/Mestrado/dados/JPR/dataset_jpr_train/dataset_jpr_train/2/002135
1506,"1,28E+73",jpr_dados,F,46.0,GE MEDICAL SYSTEMS,129.0,1.25,0.429688,1.25,1.0,-1024.0,True,,,,/home/neuro-source/main_source/datasets/sprap_2024_03/id_spr01506/id_spr01506_master_image.nii.gz,Normal,,,,,,,,D:/Backup/Mestrado/dados/JPR/dataset_jpr_train/dataset_jpr_train/2/001506
1696,"1,28E+73",jpr_dados,F,26.0,TOSHIBA,201.0,1.0,0.43,0.8,1.0,0.0,True,,,,/home/neuro-source/main_source/datasets/sprap_2024_03/id_spr01696/id_spr01696_master_image.nii.gz,Normal,,,,,,,,D:/Backup/Mestrado/dados/JPR/dataset_jpr_train/dataset_jpr_train/2/001696
2427,"1,28E+73",jpr_dados,M,78.0,GE MEDICAL SYSTEMS,307.0,1.25,0.59375,0.625,1.0,-1024.0,True,,,,/home/neuro-source/main_source/datasets/sprap_2024_03/id_spr02427/id_spr02427_master_image.nii.gz,Normal,,,,,,,,D:/Backup/Mestrado/dados/JPR/dataset_jpr_train/dataset_jpr_train/1/002427
612,"1,28E+73",jpr_dados,F,35.0,GE MEDICAL SYSTEMS,125.0,1.25,0.425781,1.25,1.0,-1024.0,True,,,,/home/neuro-source/main_source/datasets/sprap_2024_03/id_spr00612/id_spr00612_master_image.nii.gz,Normal,,,,,,,,D:/Backup/Mestrado/dados/JPR/dataset_jpr_train/dataset_jpr_train/3/000612
1351,"1,28E+73",jpr_dados,F,31.0,GE MEDICAL SYSTEMS,125.0,1.25,0.451172,1.25,1.0,-1024.0,True,,,,/home/neuro-source/main_source/datasets/sprap_2024_03/id_spr01351/id_spr01351_master_image.nii.gz,Normal,,,,,,,,D:/Backup/Mestrado/dados/JPR/dataset_jpr_train/dataset_jpr_train/2/001351
1238,"1,28E+73",jpr_dados,F,30.0,GE MEDICAL SYSTEMS,141.0,1.25,0.486328,1.25,1.0,-1024.0,True,,,,/home/neuro-source/main_source/datasets/sprap_2024_03/id_spr01238/id_spr01238_master_image.nii.gz,Normal,,,,,,,,D:/Backup/Mestrado/dados/JPR/dataset_jpr_train/dataset_jpr_train/3/001238
2180,"1,28E+72",jpr_dados,M,40.0,GE MEDICAL SYSTEMS,147.0,1.25,0.488281,1.25,1.0,-1024.0,True,,,,/home/neuro-source/main_source/datasets/sprap_2024_03/id_spr02180/id_spr02180_master_image.nii.gz,Normal,,,,,,,,D:/Backup/Mestrado/dados/JPR/dataset_jpr_train/dataset_jpr_train/2/002180
1198,"1,28E+73",jpr_dados,F,47.0,GE MEDICAL SYSTEMS,133.0,1.25,0.494141,1.25,1.0,-1024.0,True,,,,/home/neuro-source/main_source/datasets/sprap_2024_03/id_spr01198/id_spr01198_master_image.nii.gz,Normal,,,,,,,,D:/Backup/Mestrado/dados/JPR/dataset_jpr_train/dataset_jpr_train/3/001198
2314,"1,28E+73",jpr_dados,M,68.0,TOSHIBA,181.0,2.0,0.468,1.0,1.0,0.0,True,,,,/home/neuro-source/main_source/datasets/sprap_2024_03/id_spr02314/id_spr02314_master_image.nii.gz,Normal,,,,,,,,D:/Backup/Mestrado/dados/JPR/dataset_jpr_train/dataset_jpr_train/2/002314
1051,"1,28E+73",jpr_dados,F,22.0,GE MEDICAL SYSTEMS,145.0,1.25,0.488281,1.25,1.0,-1024.0,True,,,,/home/neuro-source/main_source/datasets/sprap_2024_03/id_spr01051/id_spr01051_master_image.nii.gz,Normal,,,,,,,,D:/Backup/Mestrado/dados/JPR/dataset_jpr_train/dataset_jpr_train/3/001051
2249,"1,28E+73",jpr_dados,M,40.0,GE MEDICAL SYSTEMS,133.0,1.25,0.447266,1.25,1.0,-1024.0,True,,,,/home/neuro-source/main_source/datasets/sprap_2024_03/id_spr02249/id_spr02249_master_image.nii.gz,Normal,,,,,,,,D:/Backup/Mestrado/dados/JPR/dataset_jpr_train/dataset_jpr_train/2/002249
1146,"1,28E+73",jpr_dados,F,46.0,GE MEDICAL SYSTEMS,145.0,1.25,0.488281,1.25,1.0,-1024.0,True,,,,/home/neuro-source/main_source/datasets/sprap_2024_03/id_spr01146/id_spr01146_master_image.nii.gz,Normal,,,,,,,,D:/Backup/Mestrado/dados/JPR/dataset_jpr_train/dataset_jpr_train/3/001146
1247,"1,28E+73",jpr_dados,M,35.0,GE MEDICAL SYSTEMS,161.0,1.25,0.488281,1.25,1.0,-1024.0,True,,,,/home/neuro-source/main_source/datasets/sprap_2024_03/id_spr01247/id_spr01247_master_image.nii.gz,Normal,,,,,,,,D:/Backup/Mestrado/dados/JPR/dataset_jpr_train/dataset_jpr_train/3/001247
2124,"1,28E+73",jpr_dados,F,39.0,Philips,182.0,2.0,0.486328125,1.0,1.0,-1024.0,True,,,,/home/neuro-source/main_source/datasets/sprap_2024_03/id_spr02124/id_spr02124_master_image.nii.gz,Normal,,,,,,,,D:/Backup/Mestrado/dados/JPR/dataset_jpr_train/dataset_jpr_train/2/002124
1389,"1,28E+73",jpr_dados,F,56.0,GE MEDICAL SYSTEMS,138.0,1.25,0.457031,1.25,1.0,-1024.0,True,,,,/home/neuro-source/main_source/datasets/sprap_2024_03/id_spr01389/id_spr01389_master_image.nii.gz,Normal,,,,,,,,D:/Backup/Mestrado/dados/JPR/dataset_jpr_train/dataset_jpr_train/2/001389
2188,"1,28E+73",jpr_dados,F,31.0,SIEMENS,258.0,1.0,0.45703125,0.7000000000000004,1.0,-1024.0,True,,,,/home/neuro-source/main_source/datasets/sprap_2024_03/id_spr02188/id_spr02188_master_image.nii.gz,Normal,,,,,,,,D:/Backup/Mestrado/dados/JPR/dataset_jpr_train/dataset_jpr_train/2/002188
747,"1,28E+72",jpr_dados,F,46.0,Canon Medical Systems,201.0,2.0,0.529,1.0,1.0,0.0,True,,,,/home/neuro-source/main_source/datasets/sprap_2024_03/id_spr00747/id_spr00747_master_image.nii.gz,Normal,,,,,,,,D:/Backup/Mestrado/dados/JPR/dataset_jpr_train/dataset_jpr_train/3/000747
905,"1,28E+73",jpr_dados,F,47.0,GE MEDICAL SYSTEMS,145.0,1.25,0.517578,1.25,1.0,-1024.0,True,,,,/home/neuro-source/main_source/datasets/sprap_2024_03/id_spr00905/id_spr00905_master_image.nii.gz,Normal,,,,,,,,D:/Backup/Mestrado/dados/JPR/dataset_jpr_train/dataset_jpr_train/3/000905
767,"1,28E+72",jpr_dados,F,43.0,GE MEDICAL SYSTEMS,125.0,1.25,0.46875,1.25,1.0,-1024.0,True,,,,/home/neuro-source/main_source/datasets/sprap_2024_03/id_spr00767/id_spr00767_master_image.nii.gz,Normal,,,,,,,,D:/Backup/Mestrado/dados/JPR/dataset_jpr_train/dataset_jpr_train/3/000767
2233,"1,28E+73",jpr_dados,M,28.0,GE MEDICAL SYSTEMS,146.0,1.25,0.507812,1.25,1.0,-1024.0,True,,,,/home/neuro-source/main_source/datasets/sprap_2024_03/id_spr02233/id_spr02233_master_image.nii.gz,Normal,,,,,,,,D:/Backup/Mestrado/dados/JPR/dataset_jpr_train/dataset_jpr_train/2/002233
1467,"1,28E+72",jpr_dados,F,45.0,GE MEDICAL SYSTEMS,133.0,1.25,0.460938,1.25,1.0,-1024.0,True,,,,/home/neuro-source/main_source/datasets/sprap_2024_03/id_spr01467/id_spr01467_master_image.nii.gz,Normal,,,,,,,,D:/Backup/Mestrado/dados/JPR/dataset_jpr_train/dataset_jpr_train/2/001467
2613,"1,28E+73",jpr_dados,M,41.0,GE MEDICAL SYSTEMS,153.0,2.5,0.457031011581,1.25,1.0,-1024.0,True,,,,/home/neuro-source/main_source/datasets/sprap_2024_03/id_spr02613/id_spr02613_master_image.nii.gz,Normal,,,,,,,,D:/Backup/Mestrado/dados/JPR/dataset_jpr_train/dataset_jpr_train/1/002613
1720,"1,28E+73",jpr_dados,F,39.0,GE MEDICAL SYSTEMS,355.0,0.625,0.359375,0.3999999999999999,1.0,-1024.0,True,,,,/home/neuro-source/main_source/datasets/sprap_2024_03/id_spr01720/id_spr01720_master_image.nii.gz,Normal,,,,,,,,D:/Backup/Mestrado/dados/JPR/dataset_jpr_train/dataset_jpr_train/2/001720
1602,"1,28E+73",jpr_dados,F,24.0,GE MEDICAL SYSTEMS,128.0,1.25,0.4375,1.25,1.0,-1024.0,True,,,,/home/neuro-source/main_source/datasets/sprap_2024_03/id_spr01602/id_spr01602_master_image.nii.gz,Normal,,,,,,,,D:/Backup/Mestrado/dados/JPR/dataset_jpr_train/dataset_jpr_train/2/001602
2543,"1,28E+73",jpr_dados,M,77.0,TOSHIBA,193.0,2.0,0.456999987364,1.0,1.0,0.0,True,,,,/home/neuro-source/main_source/datasets/sprap_2024_03/id_spr02543/id_spr02543_master_image.nii.gz,Normal,,,,,,,,D:/Backup/Mestrado/dados/JPR/dataset_jpr_train/dataset_jpr_train/1/002543
554,"1,28E+73",jpr_dados,F,48.0,GE MEDICAL SYSTEMS,141.0,1.25,0.488281,1.25,1.0,-1024.0,True,,,,/home/neuro-source/main_source/datasets/sprap_2024_03/id_spr00554/id_spr00554_master_image.nii.gz,Normal,,,,,,,,D:/Backup/Mestrado/dados/JPR/dataset_jpr_train/dataset_jpr_train/3/000554
1624,"1,28E+73",jpr_dados,F,54.0,TOSHIBA,207.0,1.0,0.43,0.8,1.0,0.0,True,,,,/home/neuro-source/main_source/datasets/sprap_2024_03/id_spr01624/id_spr01624_master_image.nii.gz,Normal,,,,,,,,D:/Backup/Mestrado/dados/JPR/dataset_jpr_train/dataset_jpr_train/2/001624
2419,"1,28E+72",jpr_dados,F,65.0,GE MEDICAL SYSTEMS,145.0,2.5,0.433593988419,1.25,1.0,-1024.0,True,,,,/home/neuro-source/main_source/datasets/sprap_2024_03/id_spr02419/id_spr02419_master_image.nii.gz,Normal,,,,,,,,D:/Backup/Mestrado/dados/JPR/dataset_jpr_train/dataset_jpr_train/1/002419
2229,"1,28E+73",jpr_dados,F,51.0,GE MEDICAL SYSTEMS,140.0,1.25,0.46875,1.25,1.0,-1024.0,True,,,,/home/neuro-source/main_source/datasets/sprap_2024_03/id_spr02229/id_spr02229_master_image.nii.gz,Normal,,,,,,,,D:/Backup/Mestrado/dados/JPR/dataset_jpr_train/dataset_jpr_train/2/002229
607,"1,28E+73",jpr_dados,F,20.0,GE MEDICAL SYSTEMS,173.0,1.25,0.488281,1.25,1.0,-1024.0,True,,,,/home/neuro-source/main_source/datasets/sprap_2024_03/id_spr00607/id_spr00607_master_image.nii.gz,Normal,,,,,,,,D:/Backup/Mestrado/dados/JPR/dataset_jpr_train/dataset_jpr_train/3/000607
496,"1,28E+73",jpr_dados,F,34.0,Philips,211.0,1.5,0.443359375,0.7500000009523808,1.0,-1024.0,True,,,,/home/neuro-source/main_source/datasets/sprap_2024_03/id_spr00496/id_spr00496_master_image.nii.gz,Normal,,,,,,,,D:/Backup/Mestrado/dados/JPR/dataset_jpr_train/dataset_jpr_train/3/000496
1199,"1,28E+73",jpr_dados,F,31.0,GE MEDICAL SYSTEMS,133.0,1.25,0.488281,1.25,1.0,-1024.0,True,,,,/home/neuro-source/main_source/datasets/sprap_2024_03/id_spr01199/id_spr01199_master_image.nii.gz,Normal,,,,,,,,D:/Backup/Mestrado/dados/JPR/dataset_jpr_train/dataset_jpr_train/3/001199
1267,"1,28E+73",jpr_dados,F,26.0,GE MEDICAL SYSTEMS,145.0,1.25,0.488281,1.25,1.0,-1024.0,True,,,,/home/neuro-source/main_source/datasets/sprap_2024_03/id_spr01267/id_spr01267_master_image.nii.gz,Normal,,,,,,,,D:/Backup/Mestrado/dados/JPR/dataset_jpr_train/dataset_jpr_train/3/001267
2162,"1,28E+73",jpr_dados,F,33.0,GE MEDICAL SYSTEMS,135.0,1.25,0.46875,1.25,1.0,-1024.0,True,,,,/home/neuro-source/main_source/datasets/sprap_2024_03/id_spr02162/id_spr02162_master_image.nii.gz,Normal,,,,,,,,D:/Backup/Mestrado/dados/JPR/dataset_jpr_train/dataset_jpr_train/2/002162
1222,"1,28E+73",jpr_dados,F,24.0,GE MEDICAL SYSTEMS,145.0,1.25,0.488281,1.25,1.0,-1024.0,True,,,,/home/neuro-source/main_source/datasets/sprap_2024_03/id_spr01222/id_spr01222_master_image.nii.gz,Normal,,,,,,,,D:/Backup/Mestrado/dados/JPR/dataset_jpr_train/dataset_jpr_train/3/001222
1159,"1,28E+73",jpr_dados,F,31.0,GE MEDICAL SYSTEMS,289.0,0.625,0.376953,0.625,1.0,-1024.0,True,,,,/home/neuro-source/main_source/datasets/sprap_2024_03/id_spr01159/id_spr01159_master_image.nii.gz,Normal,,,,,,,,D:/Backup/Mestrado/dados/JPR/dataset_jpr_train/dataset_jpr_train/3/001159
2594,"1,28E+73",jpr_dados,F,61.0,GE MEDICAL SYSTEMS,321.0,1.25,0.451171994209,0.625,1.0,-1024.0,True,,,,/home/neuro-source/main_source/datasets/sprap_2024_03/id_spr02594/id_spr02594_master_image.nii.gz,Normal,,,,,,,,D:/Backup/Mestrado/dados/JPR/dataset_jpr_train/dataset_jpr_train/1/002594
1786,"1,28E+73",jpr_dados,F,34.0,SIEMENS,253.0,1.0,0.42578125,0.7,1.0,-1024.0,True,,,,/home/neuro-source/main_source/datasets/sprap_2024_03/id_spr01786/id_spr01786_master_image.nii.gz,Normal,,,,,,,,D:/Backup/Mestrado/dados/JPR/dataset_jpr_train/dataset_jpr_train/2/001786
1439,"1,28E+73",jpr_dados,F,55.0,GE MEDICAL SYSTEMS,137.0,1.25,0.376953,1.25,1.0,-1024.0,True,,,,/home/neuro-source/main_source/datasets/sprap_2024_03/id_spr01439/id_spr01439_master_image.nii.gz,Normal,,,,,,,,D:/Backup/Mestrado/dados/JPR/dataset_jpr_train/dataset_jpr_train/2/001439
694,"1,28E+73",jpr_dados,F,21.0,GE MEDICAL SYSTEMS,173.0,1.25,0.464844,1.25,1.0,-1024.0,True,,,,/home/neuro-source/main_source/datasets/sprap_2024_03/id_spr00694/id_spr00694_master_image.nii.gz,Normal,,,,,,,,D:/Backup/Mestrado/dados/JPR/dataset_jpr_train/dataset_jpr_train/3/000694
1540,"1,28E+73",jpr_dados,F,55.0,GE MEDICAL SYSTEMS,256.0,0.625,0.435547,0.6427529411764705,1.0,-1024.0,True,,,,/home/neuro-source/main_source/datasets/sprap_2024_03/id_spr01540/id_spr01540_master_image.nii.gz,Normal,,,,,,,,D:/Backup/Mestrado/dados/JPR/dataset_jpr_train/dataset_jpr_train/2/001540
1977,"1,28E+73",jpr_dados,F,31.0,TOSHIBA,226.0,1.0,0.49,0.8,1.0,0.0,True,,,,/home/neuro-source/main_source/datasets/sprap_2024_03/id_spr01977/id_spr01977_master_image.nii.gz,Normal,,,,,,,,D:/Backup/Mestrado/dados/JPR/dataset_jpr_train/dataset_jpr_train/2/001977
2615,"1,28E+72",jpr_dados,M,33.0,GE MEDICAL SYSTEMS,157.0,2.5,0.525390982628,1.25,1.0,-1024.0,True,,,,/home/neuro-source/main_source/datasets/sprap_2024_03/id_spr02615/id_spr02615_master_image.nii.gz,Normal,,,,,,,,D:/Backup/Mestrado/dados/JPR/dataset_jpr_train/dataset_jpr_train/1/002615
1875,"1,28E+73",jpr_dados,M,50.0,GE MEDICAL SYSTEMS,136.0,1.25,0.417969,1.25,1.0,-1024.0,True,,,,/home/neuro-source/main_source/datasets/sprap_2024_03/id_spr01875/id_spr01875_master_image.nii.gz,Normal,,,,,,,,D:/Backup/Mestrado/dados/JPR/dataset_jpr_train/dataset_jpr_train/2/001875
1557,"1,28E+73",jpr_dados,M,37.0,Philips,244.0,1.5,0.537109,0.75,1.0,-1024.0,True,,,,/home/neuro-source/main_source/datasets/sprap_2024_03/id_spr01557/id_spr01557_master_image.nii.gz,Normal,,,,,,,,D:/Backup/Mestrado/dados/JPR/dataset_jpr_train/dataset_jpr_train/2/001557
1274,"1,28E+72",jpr_dados,M,22.0,GE MEDICAL SYSTEMS,134.0,1.25,0.488281,1.25,1.0,-1024.0,True,,,,/home/neuro-source/main_source/datasets/sprap_2024_03/id_spr01274/id_spr01274_master_image.nii.gz,Normal,,,,,,,,D:/Backup/Mestrado/dados/JPR/dataset_jpr_train/dataset_jpr_train/3/001274
2530,"1,28E+72",jpr_dados,M,63.0,GE MEDICAL SYSTEMS,313.0,1.25,0.457031011581,0.625,1.0,-1024.0,True,,,,/home/neuro-source/main_source/datasets/sprap_2024_03/id_spr02530/id_spr02530_master_image.nii.gz,Normal,,,,,,,,D:/Backup/Mestrado/dados/JPR/dataset_jpr_train/dataset_jpr_train/1/002530
2067,"1,28E+73",jpr_dados,F,22.0,TOSHIBA,238.0,1.0,0.481,0.7999999999999999,1.0,0.0,True,,,,/home/neuro-source/main_source/datasets/sprap_2024_03/id_spr02067/id_spr02067_master_image.nii.gz,Normal,,,,,,,,D:/Backup/Mestrado/dados/JPR/dataset_jpr_train/dataset_jpr_train/2/002067
388,"1,28E+73",jpr_dados,F,42.0,GE MEDICAL SYSTEMS,163.0,1.25,0.501953,1.25,1.0,-1024.0,True,,,,/home/neuro-source/main_source/datasets/sprap_2024_03/id_spr00388/id_spr00388_master_image.nii.gz,Normal,,,,,,,,D:/Backup/Mestrado/dados/JPR/dataset_jpr_train/dataset_jpr_train/3/000388
1699,"1,28E+72",jpr_dados,M,43.0,Canon Medical Systems,201.0,1.0,0.448,0.8,1.0,0.0,True,,,,/home/neuro-source/main_source/datasets/sprap_2024_03/id_spr01699/id_spr01699_master_image.nii.gz,Normal,,,,,,,,D:/Backup/Mestrado/dados/JPR/dataset_jpr_train/dataset_jpr_train/2/001699
1879,"1,28E+73",jpr_dados,F,30.0,TOSHIBA,226.0,1.0,0.451,0.8,1.0,0.0,True,,,,/home/neuro-source/main_source/datasets/sprap_2024_03/id_spr01879/id_spr01879_master_image.nii.gz,Normal,,,,,,,,D:/Backup/Mestrado/dados/JPR/dataset_jpr_train/dataset_jpr_train/2/001879
2623,"1,28E+73",jpr_dados,F,79.0,GE MEDICAL SYSTEMS,298.0,2.5,0.488281011581,0.2146464646464646,1.0,-1024.0,True,,,,/home/neuro-source/main_source/datasets/sprap_2024_03/id_spr02623/id_spr02623_master_image.nii.gz,Normal,,,,,,,,D:/Backup/Mestrado/dados/JPR/dataset_jpr_train/dataset_jpr_train/1/002623
800,"1,28E+73",jpr_dados,F,24.0,Canon Medical Systems,221.0,2.0,0.602,1.0,1.0,0.0,True,,,,/home/neuro-source/main_source/datasets/sprap_2024_03/id_spr00800/id_spr00800_master_image.nii.gz,Normal,,,,,,,,D:/Backup/Mestrado/dados/JPR/dataset_jpr_train/dataset_jpr_train/3/000800
1440,"1,28E+73",jpr_dados,F,53.0,TOSHIBA,181.0,2.0,0.43,1.0,1.0,0.0,True,,,,/home/neuro-source/main_source/datasets/sprap_2024_03/id_spr01440/id_spr01440_master_image.nii.gz,Normal,,,,,,,,D:/Backup/Mestrado/dados/JPR/dataset_jpr_train/dataset_jpr_train/2/001440
780,"1,28E+73",jpr_dados,F,49.0,GE MEDICAL SYSTEMS,141.0,1.25,0.455078,1.25,1.0,-1024.0,True,,,,/home/neuro-source/main_source/datasets/sprap_2024_03/id_spr00780/id_spr00780_master_image.nii.gz,Normal,,,,,,,,D:/Backup/Mestrado/dados/JPR/dataset_jpr_train/dataset_jpr_train/3/000780
2060,"1,28E+73",jpr_dados,M,28.0,TOSHIBA,227.0,1.0,0.478,0.8176991150442479,1.0,0.0,True,,,,/home/neuro-source/main_source/datasets/sprap_2024_03/id_spr02060/id_spr02060_master_image.nii.gz,Normal,,,,,,,,D:/Backup/Mestrado/dados/JPR/dataset_jpr_train/dataset_jpr_train/2/002060
520,"1,28E+73",jpr_dados,M,29.0,GE MEDICAL SYSTEMS,157.0,1.25,0.476562,1.25,1.0,-1024.0,True,,,,/home/neuro-source/main_source/datasets/sprap_2024_03/id_spr00520/id_spr00520_master_image.nii.gz,Normal,,,,,,,,D:/Backup/Mestrado/dados/JPR/dataset_jpr_train/dataset_jpr_train/3/000520
1658,"1,28E+73",jpr_dados,F,55.0,GE MEDICAL SYSTEMS,133.0,2.5,0.46875,1.25,1.0,-1024.0,True,,,,/home/neuro-source/main_source/datasets/sprap_2024_03/id_spr01658/id_spr01658_master_image.nii.gz,Normal,,,,,,,,D:/Backup/Mestrado/dados/JPR/dataset_jpr_train/dataset_jpr_train/2/001658
2281,"1,28E+73",jpr_dados,F,21.0,TOSHIBA,181.0,2.0,0.43,1.0,1.0,0.0,True,,,,/home/neuro-source/main_source/datasets/sprap_2024_03/id_spr02281/id_spr02281_master_image.nii.gz,Normal,,,,,,,,D:/Backup/Mestrado/dados/JPR/dataset_jpr_train/dataset_jpr_train/2/002281
457,"1,28E+73",jpr_dados,F,35.0,GE MEDICAL SYSTEMS,169.0,1.25,0.439453,1.25,1.0,-1024.0,True,,,,/home/neuro-source/main_source/datasets/sprap_2024_03/id_spr00457/id_spr00457_master_image.nii.gz,Normal,,,,,,,,D:/Backup/Mestrado/dados/JPR/dataset_jpr_train/dataset_jpr_train/3/000457
774,"1,28E+73",jpr_dados,F,44.0,GE MEDICAL SYSTEMS,139.0,1.25,0.509766,1.25,1.0,-1024.0,True,,,,/home/neuro-source/main_source/datasets/sprap_2024_03/id_spr00774/id_spr00774_master_image.nii.gz,Normal,,,,,,,,D:/Backup/Mestrado/dados/JPR/dataset_jpr_train/dataset_jpr_train/3/000774
1046,"1,28E+73",jpr_dados,M,40.0,GE MEDICAL SYSTEMS,169.0,1.25,0.488281,1.25,1.0,-1024.0,True,,,,/home/neuro-source/main_source/datasets/sprap_2024_03/id_spr01046/id_spr01046_master_image.nii.gz,Normal,,,,,,,,D:/Backup/Mestrado/dados/JPR/dataset_jpr_train/dataset_jpr_train/3/001046
678,"1,28E+73",jpr_dados,F,39.0,GE MEDICAL SYSTEMS,145.0,1.25,0.46875,1.25,1.0,-1024.0,True,,,,/home/neuro-source/main_source/datasets/sprap_2024_03/id_spr00678/id_spr00678_master_image.nii.gz,Normal,,,,,,,,D:/Backup/Mestrado/dados/JPR/dataset_jpr_train/dataset_jpr_train/3/000678
2024,"1,28E+73",jpr_dados,F,53.0,TOSHIBA,219.0,1.0,0.404,0.7999999999999999,1.0,0.0,True,,,,/home/neuro-source/main_source/datasets/sprap_2024_03/id_spr02024/id_spr02024_master_image.nii.gz,Normal,,,,,,,,D:/Backup/Mestrado/dados/JPR/dataset_jpr_train/dataset_jpr_train/2/002024
2238,"1,28E+73",jpr_dados,F,25.0,GE MEDICAL SYSTEMS,122.0,1.25,0.408203,1.25,1.0,-1024.0,True,,,,/home/neuro-source/main_source/datasets/sprap_2024_03/id_spr02238/id_spr02238_master_image.nii.gz,Normal,,,,,,,,D:/Backup/Mestrado/dados/JPR/dataset_jpr_train/dataset_jpr_train/2/002238
2386,"1,28E+73",jpr_dados,F,67.0,GE MEDICAL SYSTEMS,208.0,1.25,0.466796994209,0.625,1.0,-1024.0,True,,,,/home/neuro-source/main_source/datasets/sprap_2024_03/id_spr02386/id_spr02386_master_image.nii.gz,Normal,,,,,,,,D:/Backup/Mestrado/dados/JPR/dataset_jpr_train/dataset_jpr_train/1/002386
1391,"1,28E+73",jpr_dados,F,46.0,Philips,243.0,1.5,0.458984,0.7500001239669423,1.0,-1024.0,True,,,,/home/neuro-source/main_source/datasets/sprap_2024_03/id_spr01391/id_spr01391_master_image.nii.gz,Normal,,,,,,,,D:/Backup/Mestrado/dados/JPR/dataset_jpr_train/dataset_jpr_train/2/001391
1390,"1,28E+73",jpr_dados,F,26.0,GE MEDICAL SYSTEMS,123.0,1.25,0.462891,1.25,1.0,-1024.0,True,,,,/home/neuro-source/main_source/datasets/sprap_2024_03/id_spr01390/id_spr01390_master_image.nii.gz,Normal,,,,,,,,D:/Backup/Mestrado/dados/JPR/dataset_jpr_train/dataset_jpr_train/2/001390
1892,"1,28E+73",jpr_dados,M,47.0,Canon Medical Systems,226.0,1.0,0.405,0.8,1.0,0.0,True,,,,/home/neuro-source/main_source/datasets/sprap_2024_03/id_spr01892/id_spr01892_master_image.nii.gz,Normal,,,,,,,,D:/Backup/Mestrado/dados/JPR/dataset_jpr_train/dataset_jpr_train/2/001892
1462,"1,28E+73",jpr_dados,F,53.0,GE MEDICAL SYSTEMS,198.0,1.25,0.4375,0.9,1.0,-1024.0,True,,,,/home/neuro-source/main_source/datasets/sprap_2024_03/id_spr01462/id_spr01462_master_image.nii.gz,Normal,,,,,,,,D:/Backup/Mestrado/dados/JPR/dataset_jpr_train/dataset_jpr_train/2/001462
578,"1,28E+73",jpr_dados,F,19.0,GE MEDICAL SYSTEMS,137.0,1.25,0.488281,1.25,1.0,-1024.0,True,,,,/home/neuro-source/main_source/datasets/sprap_2024_03/id_spr00578/id_spr00578_master_image.nii.gz,Normal,,,,,,,,D:/Backup/Mestrado/dados/JPR/dataset_jpr_train/dataset_jpr_train/3/000578
2056,"1,28E+73",jpr_dados,M,33.0,TOSHIBA,313.0,1.0,0.456,0.8,1.0,0.0,True,,,,/home/neuro-source/main_source/datasets/sprap_2024_03/id_spr02056/id_spr02056_master_image.nii.gz,Normal,,,,,,,,D:/Backup/Mestrado/dados/JPR/dataset_jpr_train/dataset_jpr_train/2/002056
1321,"1,28E+73",jpr_dados,M,47.0,GE MEDICAL SYSTEMS,129.0,1.25,0.443359,1.25,1.0,-1024.0,True,,,,/home/neuro-source/main_source/datasets/sprap_2024_03/id_spr01321/id_spr01321_master_image.nii.gz,Normal,,,,,,,,D:/Backup/Mestrado/dados/JPR/dataset_jpr_train/dataset_jpr_train/2/001321
2450,"1,28E+72",jpr_dados,F,41.0,GE MEDICAL SYSTEMS,143.0,2.5,0.453125,1.25,1.0,-1024.0,True,,,,/home/neuro-source/main_source/datasets/sprap_2024_03/id_spr02450/id_spr02450_master_image.nii.gz,Normal,,,,,,,,D:/Backup/Mestrado/dados/JPR/dataset_jpr_train/dataset_jpr_train/1/002450
2453,"1,28E+73",jpr_dados,F,60.0,GE MEDICAL SYSTEMS,145.0,2.5,0.488281011581,1.25,1.0,-1024.0,True,,,,/home/neuro-source/main_source/datasets/sprap_2024_03/id_spr02453/id_spr02453_master_image.nii.gz,Normal,,,,,,,,D:/Backup/Mestrado/dados/JPR/dataset_jpr_train/dataset_jpr_train/1/002453
2076,"1,28E+73",jpr_dados,F,26.0,GE MEDICAL SYSTEMS,144.0,1.25,0.46875,1.25,1.0,-1024.0,True,,,,/home/neuro-source/main_source/datasets/sprap_2024_03/id_spr02076/id_spr02076_master_image.nii.gz,Normal,,,,,,,,D:/Backup/Mestrado/dados/JPR/dataset_jpr_train/dataset_jpr_train/2/002076
2255,"1,28E+73",jpr_dados,M,27.0,GE MEDICAL SYSTEMS,141.0,1.25,0.429688,1.25,1.0,-1024.0,True,,,,/home/neuro-source/main_source/datasets/sprap_2024_03/id_spr02255/id_spr02255_master_image.nii.gz,Normal,,,,,,,,D:/Backup/Mestrado/dados/JPR/dataset_jpr_train/dataset_jpr_train/2/002255
698,"1,28E+73",jpr_dados,F,28.0,GE MEDICAL SYSTEMS,137.0,1.25,0.488281,1.25,1.0,-1024.0,True,,,,/home/neuro-source/main_source/datasets/sprap_2024_03/id_spr00698/id_spr00698_master_image.nii.gz,Normal,,,,,,,,D:/Backup/Mestrado/dados/JPR/dataset_jpr_train/dataset_jpr_train/3/000698
417,"1,28E+73",jpr_dados,F,31.0,GE MEDICAL SYSTEMS,151.0,1.25,0.589844,1.25,1.0,-1024.0,True,,,,/home/neuro-source/main_source/datasets/sprap_2024_03/id_spr00417/id_spr00417_master_image.nii.gz,Normal,,,,,,,,D:/Backup/Mestrado/dados/JPR/dataset_jpr_train/dataset_jpr_train/3/000417
1195,"1,28E+73",jpr_dados,M,62.0,Philips,185.0,2.0,0.484375,1.0,1.0,-1024.0,True,,,,/home/neuro-source/main_source/datasets/sprap_2024_03/id_spr01195/id_spr01195_master_image.nii.gz,Normal,,,,,,,,D:/Backup/Mestrado/dados/JPR/dataset_jpr_train/dataset_jpr_train/3/001195
2626,"1,28E+73",jpr_dados,F,57.0,GE MEDICAL SYSTEMS,259.0,1.25,0.488281011581,0.625,1.0,-1024.0,True,,,,/home/neuro-source/main_source/datasets/sprap_2024_03/id_spr02626/id_spr02626_master_image.nii.gz,Normal,,,,,,,,D:/Backup/Mestrado/dados/JPR/dataset_jpr_train/dataset_jpr_train/1/002626
630,"1,28E+73",jpr_dados,F,31.0,GE MEDICAL SYSTEMS,145.0,1.25,0.521484,1.25,1.0,-1024.0,True,,,,/home/neuro-source/main_source/datasets/sprap_2024_03/id_spr00630/id_spr00630_master_image.nii.gz,Normal,,,,,,,,D:/Backup/Mestrado/dados/JPR/dataset_jpr_train/dataset_jpr_train/3/000630
432,"1,28E+73",jpr_dados,F,32.0,Canon Medical Systems,168.0,2.0,0.429,1.0,1.0,0.0,True,,,,/home/neuro-source/main_source/datasets/sprap_2024_03/id_spr00432/id_spr00432_master_image.nii.gz,Normal,,,,,,,,D:/Backup/Mestrado/dados/JPR/dataset_jpr_train/dataset_jpr_train/3/000432
1617,"1,28E+72",jpr_dados,M,26.0,TOSHIBA,181.0,2.0,0.483,1.0,1.0,0.0,True,,,,/home/neuro-source/main_source/datasets/sprap_2024_03/id_spr01617/id_spr01617_master_image.nii.gz,Normal,,,,,,,,D:/Backup/Mestrado/dados/JPR/dataset_jpr_train/dataset_jpr_train/2/001617
2290,"1,28E+73",jpr_dados,F,21.0,TOSHIBA,166.0,2.0,0.371,1.0,1.0,0.0,True,,,,/home/neuro-source/main_source/datasets/sprap_2024_03/id_spr02290/id_spr02290_master_image.nii.gz,Normal,,,,,,,,D:/Backup/Mestrado/dados/JPR/dataset_jpr_train/dataset_jpr_train/2/002290
1596,"1,28E+73",jpr_dados,M,40.0,GE MEDICAL SYSTEMS,137.0,1.25,0.429688,1.25,1.0,-1024.0,True,,,,/home/neuro-source/main_source/datasets/sprap_2024_03/id_spr01596/id_spr01596_master_image.nii.gz,Normal,,,,,,,,D:/Backup/Mestrado/dados/JPR/dataset_jpr_train/dataset_jpr_train/2/001596
960,"1,28E+73",jpr_dados,F,58.0,GE MEDICAL SYSTEMS,169.0,1.25,0.544922,1.25,1.0,-1024.0,True,,,,/home/neuro-source/main_source/datasets/sprap_2024_03/id_spr00960/id_spr00960_master_image.nii.gz,Normal,,,,,,,,D:/Backup/Mestrado/dados/JPR/dataset_jpr_train/dataset_jpr_train/3/000960
1205,"1,28E+72",jpr_dados,M,39.0,GE MEDICAL SYSTEMS,173.0,1.25,0.607422,1.25,1.0,-1024.0,True,,,,/home/neuro-source/main_source/datasets/sprap_2024_03/id_spr01205/id_spr01205_master_image.nii.gz,Normal,,,,,,,,D:/Backup/Mestrado/dados/JPR/dataset_jpr_train/dataset_jpr_train/3/001205
512,"1,28E+72",jpr_dados,F,21.0,GE MEDICAL SYSTEMS,157.0,1.25,0.470703,1.25,1.0,-1024.0,True,,,,/home/neuro-source/main_source/datasets/sprap_2024_03/id_spr00512/id_spr00512_master_image.nii.gz,Normal,,,,,,,,D:/Backup/Mestrado/dados/JPR/dataset_jpr_train/dataset_jpr_train/3/000512
2223,"1,28E+73",jpr_dados,F,38.0,GE MEDICAL SYSTEMS,137.0,1.25,0.429688,1.25,1.0,-1024.0,True,,,,/home/neuro-source/main_source/datasets/sprap_2024_03/id_spr02223/id_spr02223_master_image.nii.gz,Normal,,,,,,,,D:/Backup/Mestrado/dados/JPR/dataset_jpr_train/dataset_jpr_train/2/002223
605,"1,28E+73",jpr_dados,M,31.0,GE MEDICAL SYSTEMS,141.0,1.25,0.511719,1.25,1.0,-1024.0,True,,,,/home/neuro-source/main_source/datasets/sprap_2024_03/id_spr00605/id_spr00605_master_image.nii.gz,Normal,,,,,,,,D:/Backup/Mestrado/dados/JPR/dataset_jpr_train/dataset_jpr_train/3/000605
392,"1,28E+73",jpr_dados,F,36.0,Canon Medical Systems,186.0,2.0,0.49,1.0,1.0,0.0,True,,,,/home/neuro-source/main_source/datasets/sprap_2024_03/id_spr00392/id_spr00392_master_image.nii.gz,Normal,,,,,,,,D:/Backup/Mestrado/dados/JPR/dataset_jpr_train/dataset_jpr_train/3/000392
1234,"1,28E+73",jpr_dados,F,58.0,GE MEDICAL SYSTEMS,142.0,1.25,0.535156,1.25,1.0,-1024.0,True,,,,/home/neuro-source/main_source/datasets/sprap_2024_03/id_spr01234/id_spr01234_master_image.nii.gz,Normal,,,,,,,,D:/Backup/Mestrado/dados/JPR/dataset_jpr_train/dataset_jpr_train/3/001234
2502,"1,28E+73",jpr_dados,F,53.0,GE MEDICAL SYSTEMS,155.0,2.5,0.488281011581,1.25,1.0,-1024.0,True,,,,/home/neuro-source/main_source/datasets/sprap_2024_03/id_spr02502/id_spr02502_master_image.nii.gz,Normal,,,,,,,,D:/Backup/Mestrado/dados/JPR/dataset_jpr_train/dataset_jpr_train/1/002502
1083,"1,28E+73",jpr_dados,F,27.0,GE MEDICAL SYSTEMS,137.0,1.25,0.488281,1.25,1.0,-1024.0,True,,,,/home/neuro-source/main_source/datasets/sprap_2024_03/id_spr01083/id_spr01083_master_image.nii.gz,Normal,,,,,,,,D:/Backup/Mestrado/dados/JPR/dataset_jpr_train/dataset_jpr_train/3/001083
1264,"1,28E+72",jpr_dados,F,45.0,Philips,170.0,2.0,0.48828125,1.0,1.0,-1024.0,True,,,,/home/neuro-source/main_source/datasets/sprap_2024_03/id_spr01264/id_spr01264_master_image.nii.gz,Normal,,,,,,,,D:/Backup/Mestrado/dados/JPR/dataset_jpr_train/dataset_jpr_train/3/001264
1587,"1,28E+73",jpr_dados,F,28.0,TOSHIBA,186.0,2.0,0.476,1.0,1.0,0.0,True,,,,/home/neuro-source/main_source/datasets/sprap_2024_03/id_spr01587/id_spr01587_master_image.nii.gz,Normal,,,,,,,,D:/Backup/Mestrado/dados/JPR/dataset_jpr_train/dataset_jpr_train/2/001587
1552,"1,28E+73",jpr_dados,F,29.0,TOSHIBA,211.0,1.0,0.417,0.8,1.0,0.0,True,,,,/home/neuro-source/main_source/datasets/sprap_2024_03/id_spr01552/id_spr01552_master_image.nii.gz,Normal,,,,,,,,D:/Backup/Mestrado/dados/JPR/dataset_jpr_train/dataset_jpr_train/2/001552
472,"1,28E+73",jpr_dados,F,19.0,GE MEDICAL SYSTEMS,137.0,1.25,0.441406,1.25,1.0,-1024.0,True,,,,/home/neuro-source/main_source/datasets/sprap_2024_03/id_spr00472/id_spr00472_master_image.nii.gz,Normal,,,,,,,,D:/Backup/Mestrado/dados/JPR/dataset_jpr_train/dataset_jpr_train/3/000472
2353,"1,28E+73",jpr_dados,M,60.0,GE MEDICAL SYSTEMS,157.0,2.5,0.509765982628,1.25,1.0,-1024.0,True,,,,/home/neuro-source/main_source/datasets/sprap_2024_03/id_spr02353/id_spr02353_master_image.nii.gz,Normal,,,,,,,,D:/Backup/Mestrado/dados/JPR/dataset_jpr_train/dataset_jpr_train/2/002353
2388,"1,28E+73",jpr_dados,F,41.0,GE MEDICAL SYSTEMS,285.0,1.25,0.455078005791,0.625,1.0,-1024.0,True,,,,/home/neuro-source/main_source/datasets/sprap_2024_03/id_spr02388/id_spr02388_master_image.nii.gz,Normal,,,,,,,,D:/Backup/Mestrado/dados/JPR/dataset_jpr_train/dataset_jpr_train/1/002388
1861,"1,28E+73",jpr_dados,M,39.0,GE MEDICAL SYSTEMS,206.0,1.25,0.472656,0.9,1.0,-1024.0,True,,,,/home/neuro-source/main_source/datasets/sprap_2024_03/id_spr01861/id_spr01861_master_image.nii.gz,Normal,,,,,,,,D:/Backup/Mestrado/dados/JPR/dataset_jpr_train/dataset_jpr_train/2/001861
2019,"1,28E+73",jpr_dados,F,45.0,TOSHIBA,213.0,1.0,0.448,0.8000000000000002,1.0,0.0,True,,,,/home/neuro-source/main_source/datasets/sprap_2024_03/id_spr02019/id_spr02019_master_image.nii.gz,Normal,,,,,,,,D:/Backup/Mestrado/dados/JPR/dataset_jpr_train/dataset_jpr_train/2/002019
1585,"1,28E+73",jpr_dados,M,30.0,GE MEDICAL SYSTEMS,171.0,1.25,0.4375,1.0,1.0,-1024.0,True,,,,/home/neuro-source/main_source/datasets/sprap_2024_03/id_spr01585/id_spr01585_master_image.nii.gz,Normal,,,,,,,,D:/Backup/Mestrado/dados/JPR/dataset_jpr_train/dataset_jpr_train/2/001585
1538,"1,28E+73",jpr_dados,M,50.0,GE MEDICAL SYSTEMS,163.0,1.25,0.474609,1.0,1.0,-1024.0,True,,,,/home/neuro-source/main_source/datasets/sprap_2024_03/id_spr01538/id_spr01538_master_image.nii.gz,Normal,,,,,,,,D:/Backup/Mestrado/dados/JPR/dataset_jpr_train/dataset_jpr_train/2/001538
837,"1,28E+73",jpr_dados,F,34.0,GE MEDICAL SYSTEMS,139.0,1.25,0.488281,1.25,1.0,-1024.0,True,,,,/home/neuro-source/main_source/datasets/sprap_2024_03/id_spr00837/id_spr00837_master_image.nii.gz,Normal,,,,,,,,D:/Backup/Mestrado/dados/JPR/dataset_jpr_train/dataset_jpr_train/3/000837
2274,"1,28E+73",jpr_dados,M,55.0,TOSHIBA,191.0,2.0,0.441,1.0,1.0,0.0,True,,,,/home/neuro-source/main_source/datasets/sprap_2024_03/id_spr02274/id_spr02274_master_image.nii.gz,Normal,,,,,,,,D:/Backup/Mestrado/dados/JPR/dataset_jpr_train/dataset_jpr_train/2/002274
1725,"1,28E+73",jpr_dados,F,60.0,GE MEDICAL SYSTEMS,166.0,1.25,0.488281,1.0,1.0,-1024.0,True,,,,/home/neuro-source/main_source/datasets/sprap_2024_03/id_spr01725/id_spr01725_master_image.nii.gz,Normal,,,,,,,,D:/Backup/Mestrado/dados/JPR/dataset_jpr_train/dataset_jpr_train/2/001725
1642,"1,28E+73",jpr_dados,F,58.0,GE MEDICAL SYSTEMS,201.0,1.25,0.482422,0.9,1.0,-1024.0,True,,,,/home/neuro-source/main_source/datasets/sprap_2024_03/id_spr01642/id_spr01642_master_image.nii.gz,Normal,,,,,,,,D:/Backup/Mestrado/dados/JPR/dataset_jpr_train/dataset_jpr_train/2/001642
2263,"1,28E+72",jpr_dados,F,29.0,TOSHIBA,176.0,2.0,0.415,1.0,1.0,0.0,True,,,,/home/neuro-source/main_source/datasets/sprap_2024_03/id_spr02263/id_spr02263_master_image.nii.gz,Normal,,,,,,,,D:/Backup/Mestrado/dados/JPR/dataset_jpr_train/dataset_jpr_train/2/002263
2193,"1,28E+73",jpr_dados,F,30.0,SIEMENS,261.0,1.0,0.44921875,0.7,1.0,-1024.0,True,,,,/home/neuro-source/main_source/datasets/sprap_2024_03/id_spr02193/id_spr02193_master_image.nii.gz,Normal,,,,,,,,D:/Backup/Mestrado/dados/JPR/dataset_jpr_train/dataset_jpr_train/2/002193
1732,"1,28E+72",jpr_dados,M,28.0,Canon Medical Systems,244.0,1.0,0.466,0.7999999999999999,1.0,0.0,True,,,,/home/neuro-source/main_source/datasets/sprap_2024_03/id_spr01732/id_spr01732_master_image.nii.gz,Normal,,,,,,,,D:/Backup/Mestrado/dados/JPR/dataset_jpr_train/dataset_jpr_train/2/001732
2571,"1,28E+73",jpr_dados,F,81.0,GE MEDICAL SYSTEMS,145.0,2.5,0.453125,1.25,1.0,-1024.0,True,,,,/home/neuro-source/main_source/datasets/sprap_2024_03/id_spr02571/id_spr02571_master_image.nii.gz,Normal,,,,,,,,D:/Backup/Mestrado/dados/JPR/dataset_jpr_train/dataset_jpr_train/1/002571
957,"1,28E+73",jpr_dados,F,19.0,Canon Medical Systems,226.0,2.0,0.551,1.0,1.0,0.0,True,,,,/home/neuro-source/main_source/datasets/sprap_2024_03/id_spr00957/id_spr00957_master_image.nii.gz,Normal,,,,,,,,D:/Backup/Mestrado/dados/JPR/dataset_jpr_train/dataset_jpr_train/3/000957
2172,"1,28E+73",jpr_dados,M,30.0,GE MEDICAL SYSTEMS,141.0,1.25,0.488281,1.25,1.0,-1024.0,True,,,,/home/neuro-source/main_source/datasets/sprap_2024_03/id_spr02172/id_spr02172_master_image.nii.gz,Normal,,,,,,,,D:/Backup/Mestrado/dados/JPR/dataset_jpr_train/dataset_jpr_train/2/002172
1954,"1,28E+73",jpr_dados,M,46.0,TOSHIBA,176.0,2.0,0.473,1.0,1.0,0.0,True,,,,/home/neuro-source/main_source/datasets/sprap_2024_03/id_spr01954/id_spr01954_master_image.nii.gz,Normal,,,,,,,,D:/Backup/Mestrado/dados/JPR/dataset_jpr_train/dataset_jpr_train/2/001954
932,"1,28E+73",jpr_dados,F,18.0,GE MEDICAL SYSTEMS,153.0,1.25,0.488281,1.25,1.0,-1024.0,True,,,,/home/neuro-source/main_source/datasets/sprap_2024_03/id_spr00932/id_spr00932_master_image.nii.gz,Normal,,,,,,,,D:/Backup/Mestrado/dados/JPR/dataset_jpr_train/dataset_jpr_train/3/000932
959,"1,28E+73",jpr_dados,F,48.0,GE MEDICAL SYSTEMS,250.0,1.25,0.574219,1.25,1.0,-1024.0,True,,,,/home/neuro-source/main_source/datasets/sprap_2024_03/id_spr00959/id_spr00959_master_image.nii.gz,Normal,,,,,,,,D:/Backup/Mestrado/dados/JPR/dataset_jpr_train/dataset_jpr_train/3/000959
674,"1,28E+73",jpr_dados,F,47.0,GE MEDICAL SYSTEMS,157.0,1.25,0.492188,1.25,1.0,-1024.0,True,,,,/home/neuro-source/main_source/datasets/sprap_2024_03/id_spr00674/id_spr00674_master_image.nii.gz,Normal,,,,,,,,D:/Backup/Mestrado/dados/JPR/dataset_jpr_train/dataset_jpr_train/3/000674
1995,"1,28E+73",jpr_dados,M,40.0,TOSHIBA,226.0,1.0,0.466,0.8,1.0,0.0,True,,,,/home/neuro-source/main_source/datasets/sprap_2024_03/id_spr01995/id_spr01995_master_image.nii.gz,Normal,,,,,,,,D:/Backup/Mestrado/dados/JPR/dataset_jpr_train/dataset_jpr_train/2/001995
2579,"1,28E+73",jpr_dados,F,71.0,GE MEDICAL SYSTEMS,295.0,1.25,0.435546994209,0.625,1.0,-1024.0,True,,,,/home/neuro-source/main_source/datasets/sprap_2024_03/id_spr02579/id_spr02579_master_image.nii.gz,Normal,,,,,,,,D:/Backup/Mestrado/dados/JPR/dataset_jpr_train/dataset_jpr_train/1/002579
1881,"1,28E+73",jpr_dados,F,28.0,Philips,240.0,1.5,0.470703,0.75,1.0,-1024.0,True,,,,/home/neuro-source/main_source/datasets/sprap_2024_03/id_spr01881/id_spr01881_master_image.nii.gz,Normal,,,,,,,,D:/Backup/Mestrado/dados/JPR/dataset_jpr_train/dataset_jpr_train/2/001881
467,"1,28E+73",jpr_dados,F,19.0,Canon Medical Systems,226.0,2.0,0.61,1.0,1.0,0.0,True,,,,/home/neuro-source/main_source/datasets/sprap_2024_03/id_spr00467/id_spr00467_master_image.nii.gz,Normal,,,,,,,,D:/Backup/Mestrado/dados/JPR/dataset_jpr_train/dataset_jpr_train/3/000467
1889,"1,28E+73",jpr_dados,M,38.0,GE MEDICAL SYSTEMS,132.0,1.25,0.408203,1.25,1.0,-1024.0,True,,,,/home/neuro-source/main_source/datasets/sprap_2024_03/id_spr01889/id_spr01889_master_image.nii.gz,Normal,,,,,,,,D:/Backup/Mestrado/dados/JPR/dataset_jpr_train/dataset_jpr_train/2/001889
560,"1,28E+73",jpr_dados,M,35.0,GE MEDICAL SYSTEMS,157.0,1.25,0.488281,1.25,1.0,-1024.0,True,,,,/home/neuro-source/main_source/datasets/sprap_2024_03/id_spr00560/id_spr00560_master_image.nii.gz,Normal,,,,,,,,D:/Backup/Mestrado/dados/JPR/dataset_jpr_train/dataset_jpr_train/3/000560
2374,"1,28E+73",jpr_dados,F,42.0,GE MEDICAL SYSTEMS,149.0,2.5,0.429688006639,1.25,1.0,-1024.0,True,,,,/home/neuro-source/main_source/datasets/sprap_2024_03/id_spr02374/id_spr02374_master_image.nii.gz,Normal,,,,,,,,D:/Backup/Mestrado/dados/JPR/dataset_jpr_train/dataset_jpr_train/1/002374
1452,"1,28E+73",jpr_dados,F,44.0,GE MEDICAL SYSTEMS,271.0,0.625,0.398438,0.625,1.0,-1024.0,True,,,,/home/neuro-source/main_source/datasets/sprap_2024_03/id_spr01452/id_spr01452_master_image.nii.gz,Normal,,,,,,,,D:/Backup/Mestrado/dados/JPR/dataset_jpr_train/dataset_jpr_train/2/001452
2317,"1,28E+73",jpr_dados,F,44.0,TOSHIBA,171.0,2.0,0.429,1.0,1.0,0.0,True,,,,/home/neuro-source/main_source/datasets/sprap_2024_03/id_spr02317/id_spr02317_master_image.nii.gz,Normal,,,,,,,,D:/Backup/Mestrado/dados/JPR/dataset_jpr_train/dataset_jpr_train/2/002317
2536,"1,28E+73",jpr_dados,F,73.0,GE MEDICAL SYSTEMS,161.0,2.5,0.47851601243,1.25,1.0,-1024.0,True,,,,/home/neuro-source/main_source/datasets/sprap_2024_03/id_spr02536/id_spr02536_master_image.nii.gz,Normal,,,,,,,,D:/Backup/Mestrado/dados/JPR/dataset_jpr_train/dataset_jpr_train/1/002536
1285,"1,28E+73",jpr_dados,F,23.0,Philips,212.0,2.0,0.431641,1.0,1.0,-1024.0,True,,,,/home/neuro-source/main_source/datasets/sprap_2024_03/id_spr01285/id_spr01285_master_image.nii.gz,Normal,,,,,,,,D:/Backup/Mestrado/dados/JPR/dataset_jpr_train/dataset_jpr_train/3/001285
754,"1,28E+73",jpr_dados,F,45.0,Philips,170.0,2.0,0.48828125,0.999999997633136,1.0,-1024.0,True,,,,/home/neuro-source/main_source/datasets/sprap_2024_03/id_spr00754/id_spr00754_master_image.nii.gz,Normal,,,,,,,,D:/Backup/Mestrado/dados/JPR/dataset_jpr_train/dataset_jpr_train/3/000754
1751,"1,28E+73",jpr_dados,M,58.0,GE MEDICAL SYSTEMS,121.0,1.25,0.392578,1.25,1.0,-1024.0,True,,,,/home/neuro-source/main_source/datasets/sprap_2024_03/id_spr01751/id_spr01751_master_image.nii.gz,Normal,,,,,,,,D:/Backup/Mestrado/dados/JPR/dataset_jpr_train/dataset_jpr_train/2/001751
1120,"1,28E+73",jpr_dados,F,25.0,Canon Medical Systems,226.0,2.0,0.473,1.0,1.0,0.0,True,,,,/home/neuro-source/main_source/datasets/sprap_2024_03/id_spr01120/id_spr01120_master_image.nii.gz,Normal,,,,,,,,D:/Backup/Mestrado/dados/JPR/dataset_jpr_train/dataset_jpr_train/3/001120
1204,"1,28E+73",jpr_dados,M,37.0,GE MEDICAL SYSTEMS,131.0,1.25,0.488281,1.25,1.0,-1024.0,True,,,,/home/neuro-source/main_source/datasets/sprap_2024_03/id_spr01204/id_spr01204_master_image.nii.gz,Normal,,,,,,,,D:/Backup/Mestrado/dados/JPR/dataset_jpr_train/dataset_jpr_train/3/001204
471,"1,28E+73",jpr_dados,F,51.0,Philips,201.0,2.0,0.48828125,10.000.000.020.000.000,1.0,-1024.0,True,,,,/home/neuro-source/main_source/datasets/sprap_2024_03/id_spr00471/id_spr00471_master_image.nii.gz,Normal,,,,,,,,D:/Backup/Mestrado/dados/JPR/dataset_jpr_train/dataset_jpr_train/3/000471
819,"1,28E+73",jpr_dados,M,41.0,GE MEDICAL SYSTEMS,145.0,1.25,0.488281,1.25,1.0,-1024.0,True,,,,/home/neuro-source/main_source/datasets/sprap_2024_03/id_spr00819/id_spr00819_master_image.nii.gz,Normal,,,,,,,,D:/Backup/Mestrado/dados/JPR/dataset_jpr_train/dataset_jpr_train/3/000819
2094,"1,28E+73",jpr_dados,F,34.0,GE MEDICAL SYSTEMS,142.0,1.25,0.488281,1.25,1.0,-1024.0,True,,,,/home/neuro-source/main_source/datasets/sprap_2024_03/id_spr02094/id_spr02094_master_image.nii.gz,Normal,,,,,,,,D:/Backup/Mestrado/dados/JPR/dataset_jpr_train/dataset_jpr_train/2/002094
2441,"1,28E+73",jpr_dados,F,80.0,GE MEDICAL SYSTEMS,139.0,2.5,0.41601601243,1.25,1.0,-1024.0,True,,,,/home/neuro-source/main_source/datasets/sprap_2024_03/id_spr02441/id_spr02441_master_image.nii.gz,Normal,,,,,,,,D:/Backup/Mestrado/dados/JPR/dataset_jpr_train/dataset_jpr_train/1/002441
1507,"1,28E+73",jpr_dados,F,31.0,TOSHIBA,211.0,1.0,0.43,0.8,1.0,0.0,True,,,,/home/neuro-source/main_source/datasets/sprap_2024_03/id_spr01507/id_spr01507_master_image.nii.gz,Normal,,,,,,,,D:/Backup/Mestrado/dados/JPR/dataset_jpr_train/dataset_jpr_train/2/001507
2327,"1,28E+73",jpr_dados,F,40.0,TOSHIBA,176.0,2.0,0.43,1.0,1.0,0.0,True,,,,/home/neuro-source/main_source/datasets/sprap_2024_03/id_spr02327/id_spr02327_master_image.nii.gz,Normal,,,,,,,,D:/Backup/Mestrado/dados/JPR/dataset_jpr_train/dataset_jpr_train/2/002327
2298,"1,28E+73",jpr_dados,M,22.0,TOSHIBA,191.0,2.0,0.454,1.0,1.0,0.0,True,,,,/home/neuro-source/main_source/datasets/sprap_2024_03/id_spr02298/id_spr02298_master_image.nii.gz,Normal,,,,,,,,D:/Backup/Mestrado/dados/JPR/dataset_jpr_train/dataset_jpr_train/2/002298
1597,"1,28E+73",jpr_dados,F,26.0,TOSHIBA,186.0,2.0,0.413,1.0,1.0,0.0,True,,,,/home/neuro-source/main_source/datasets/sprap_2024_03/id_spr01597/id_spr01597_master_image.nii.gz,Normal,,,,,,,,D:/Backup/Mestrado/dados/JPR/dataset_jpr_train/dataset_jpr_train/2/001597
1605,"1,28E+73",jpr_dados,F,28.0,TOSHIBA,182.0,1.0,0.384,0.8,1.0,0.0,True,,,,/home/neuro-source/main_source/datasets/sprap_2024_03/id_spr01605/id_spr01605_master_image.nii.gz,Normal,,,,,,,,D:/Backup/Mestrado/dados/JPR/dataset_jpr_train/dataset_jpr_train/2/001605
943,"1,28E+73",jpr_dados,M,34.0,GE MEDICAL SYSTEMS,137.0,1.25,0.488281,1.25,1.0,-1024.0,True,,,,/home/neuro-source/main_source/datasets/sprap_2024_03/id_spr00943/id_spr00943_master_image.nii.gz,Normal,,,,,,,,D:/Backup/Mestrado/dados/JPR/dataset_jpr_train/dataset_jpr_train/3/000943
1724,"1,28E+73",jpr_dados,F,48.0,GE MEDICAL SYSTEMS,131.0,1.25,0.488281,1.25,1.0,-1024.0,True,,,,/home/neuro-source/main_source/datasets/sprap_2024_03/id_spr01724/id_spr01724_master_image.nii.gz,Normal,,,,,,,,D:/Backup/Mestrado/dados/JPR/dataset_jpr_train/dataset_jpr_train/2/001724
617,"1,28E+73",jpr_dados,F,29.0,GE MEDICAL SYSTEMS,137.0,1.25,0.488281,1.25,1.0,-1024.0,True,,,,/home/neuro-source/main_source/datasets/sprap_2024_03/id_spr00617/id_spr00617_master_image.nii.gz,Normal,,,,,,,,D:/Backup/Mestrado/dados/JPR/dataset_jpr_train/dataset_jpr_train/3/000617
2592,"1,28E+73",jpr_dados,M,65.0,GE MEDICAL SYSTEMS,165.0,2.5,0.513671994209,1.25,1.0,-1024.0,True,,,,/home/neuro-source/main_source/datasets/sprap_2024_03/id_spr02592/id_spr02592_master_image.nii.gz,Normal,,,,,,,,D:/Backup/Mestrado/dados/JPR/dataset_jpr_train/dataset_jpr_train/1/002592
792,"1,28E+73",jpr_dados,F,32.0,Canon Medical Systems,161.0,2.0,0.429,1.0,1.0,0.0,True,,,,/home/neuro-source/main_source/datasets/sprap_2024_03/id_spr00792/id_spr00792_master_image.nii.gz,Normal,,,,,,,,D:/Backup/Mestrado/dados/JPR/dataset_jpr_train/dataset_jpr_train/3/000792
735,"1,28E+73",jpr_dados,M,23.0,GE MEDICAL SYSTEMS,161.0,1.25,0.533203,1.25,1.0,-1024.0,True,,,,/home/neuro-source/main_source/datasets/sprap_2024_03/id_spr00735/id_spr00735_master_image.nii.gz,Normal,,,,,,,,D:/Backup/Mestrado/dados/JPR/dataset_jpr_train/dataset_jpr_train/3/000735
450,"1,28E+73",jpr_dados,F,53.0,GE MEDICAL SYSTEMS,133.0,1.25,0.488281,1.25,1.0,-1024.0,True,,,,/home/neuro-source/main_source/datasets/sprap_2024_03/id_spr00450/id_spr00450_master_image.nii.gz,Normal,,,,,,,,D:/Backup/Mestrado/dados/JPR/dataset_jpr_train/dataset_jpr_train/3/000450
2090,"1,28E+73",jpr_dados,F,34.0,GE MEDICAL SYSTEMS,140.0,1.25,0.488281,1.25,1.0,-1024.0,True,,,,/home/neuro-source/main_source/datasets/sprap_2024_03/id_spr02090/id_spr02090_master_image.nii.gz,Normal,,,,,,,,D:/Backup/Mestrado/dados/JPR/dataset_jpr_train/dataset_jpr_train/2/002090
2021,"1,28E+73",jpr_dados,M,53.0,Philips,233.0,1.5,0.484375,0.75,1.0,-1024.0,True,,,,/home/neuro-source/main_source/datasets/sprap_2024_03/id_spr02021/id_spr02021_master_image.nii.gz,Normal,,,,,,,,D:/Backup/Mestrado/dados/JPR/dataset_jpr_train/dataset_jpr_train/2/002021
1417,"1,28E+73",jpr_dados,F,32.0,GE MEDICAL SYSTEMS,171.0,1.25,0.421875,1.0,1.0,-1024.0,True,,,,/home/neuro-source/main_source/datasets/sprap_2024_03/id_spr01417/id_spr01417_master_image.nii.gz,Normal,,,,,,,,D:/Backup/Mestrado/dados/JPR/dataset_jpr_train/dataset_jpr_train/2/001417
911,"1,28E+73",jpr_dados,F,49.0,Canon Medical Systems,196.0,2.0,0.512,1.0,1.0,0.0,True,,,,/home/neuro-source/main_source/datasets/sprap_2024_03/id_spr00911/id_spr00911_master_image.nii.gz,Normal,,,,,,,,D:/Backup/Mestrado/dados/JPR/dataset_jpr_train/dataset_jpr_train/3/000911
697,"1,28E+73",jpr_dados,F,20.0,GE MEDICAL SYSTEMS,137.0,1.25,0.488281,1.25,1.0,-1024.0,True,,,,/home/neuro-source/main_source/datasets/sprap_2024_03/id_spr00697/id_spr00697_master_image.nii.gz,Normal,,,,,,,,D:/Backup/Mestrado/dados/JPR/dataset_jpr_train/dataset_jpr_train/3/000697
1918,"1,28E+73",jpr_dados,F,23.0,TOSHIBA,241.0,1.0,0.399,0.8,1.0,0.0,True,,,,/home/neuro-source/main_source/datasets/sprap_2024_03/id_spr01918/id_spr01918_master_image.nii.gz,Normal,,,,,,,,D:/Backup/Mestrado/dados/JPR/dataset_jpr_train/dataset_jpr_train/2/001918
1050,"1,28E+73",jpr_dados,M,41.0,GE MEDICAL SYSTEMS,161.0,1.25,0.59375,1.25,1.0,-1024.0,True,,,,/home/neuro-source/main_source/datasets/sprap_2024_03/id_spr01050/id_spr01050_master_image.nii.gz,Normal,,,,,,,,D:/Backup/Mestrado/dados/JPR/dataset_jpr_train/dataset_jpr_train/3/001050
1770,"1,28E+73",jpr_dados,M,28.0,Canon Medical Systems,232.0,1.0,0.471,0.8,1.0,0.0,True,,,,/home/neuro-source/main_source/datasets/sprap_2024_03/id_spr01770/id_spr01770_master_image.nii.gz,Normal,,,,,,,,D:/Backup/Mestrado/dados/JPR/dataset_jpr_train/dataset_jpr_train/2/001770
971,"1,28E+73",jpr_dados,M,25.0,TOSHIBA,171.0,1.0,0.456,1.0,1.0,0.0,True,,,,/home/neuro-source/main_source/datasets/sprap_2024_03/id_spr00971/id_spr00971_master_image.nii.gz,Normal,,,,,,,,D:/Backup/Mestrado/dados/JPR/dataset_jpr_train/dataset_jpr_train/3/000971
2285,"1,28E+73",jpr_dados,M,20.0,TOSHIBA,201.0,2.0,0.465,1.0,1.0,0.0,True,,,,/home/neuro-source/main_source/datasets/sprap_2024_03/id_spr02285/id_spr02285_master_image.nii.gz,Normal,,,,,,,,D:/Backup/Mestrado/dados/JPR/dataset_jpr_train/dataset_jpr_train/2/002285
2425,"1,28E+72",jpr_dados,M,53.0,GE MEDICAL SYSTEMS,261.0,1.25,0.423828005791,0.625,1.0,-1024.0,True,,,,/home/neuro-source/main_source/datasets/sprap_2024_03/id_spr02425/id_spr02425_master_image.nii.gz,Normal,,,,,,,,D:/Backup/Mestrado/dados/JPR/dataset_jpr_train/dataset_jpr_train/1/002425
668,"1,28E+73",jpr_dados,F,48.0,GE MEDICAL SYSTEMS,133.0,1.25,0.488281,1.25,1.0,-1024.0,True,,,,/home/neuro-source/main_source/datasets/sprap_2024_03/id_spr00668/id_spr00668_master_image.nii.gz,Normal,,,,,,,,D:/Backup/Mestrado/dados/JPR/dataset_jpr_train/dataset_jpr_train/3/000668
2509,"1,28E+73",jpr_dados,M,61.0,GE MEDICAL SYSTEMS,325.0,1.25,0.488281011581,0.625,1.0,-1024.0,True,,,,/home/neuro-source/main_source/datasets/sprap_2024_03/id_spr02509/id_spr02509_master_image.nii.gz,Normal,,,,,,,,D:/Backup/Mestrado/dados/JPR/dataset_jpr_train/dataset_jpr_train/1/002509
2349,"1,28E+73",jpr_dados,M,84.0,GE MEDICAL SYSTEMS,274.0,2.5,0.451171994209,0.3663003663003663,1.0,-1024.0,True,,,,/home/neuro-source/main_source/datasets/sprap_2024_03/id_spr02349/id_spr02349_master_image.nii.gz,Normal,,,,,,,,D:/Backup/Mestrado/dados/JPR/dataset_jpr_train/dataset_jpr_train/2/002349
652,"1,28E+73",jpr_dados,F,46.0,GE MEDICAL SYSTEMS,131.0,1.25,0.488281,1.25,1.0,-1024.0,True,,,,/home/neuro-source/main_source/datasets/sprap_2024_03/id_spr00652/id_spr00652_master_image.nii.gz,Normal,,,,,,,,D:/Backup/Mestrado/dados/JPR/dataset_jpr_train/dataset_jpr_train/3/000652
518,"1,28E+73",jpr_dados,F,43.0,Canon Medical Systems,166.0,1.0,0.459,1.0,1.0,0.0,True,,,,/home/neuro-source/main_source/datasets/sprap_2024_03/id_spr00518/id_spr00518_master_image.nii.gz,Normal,,,,,,,,D:/Backup/Mestrado/dados/JPR/dataset_jpr_train/dataset_jpr_train/3/000518
1926,"1,28E+73",jpr_dados,F,44.0,TOSHIBA,219.0,1.0,0.456,0.7999999999999999,1.0,0.0,True,,,,/home/neuro-source/main_source/datasets/sprap_2024_03/id_spr01926/id_spr01926_master_image.nii.gz,Normal,,,,,,,,D:/Backup/Mestrado/dados/JPR/dataset_jpr_train/dataset_jpr_train/2/001926
1700,"1,28E+73",jpr_dados,M,44.0,GE MEDICAL SYSTEMS,150.0,1.25,0.451172,1.25,1.0,-1024.0,True,,,,/home/neuro-source/main_source/datasets/sprap_2024_03/id_spr01700/id_spr01700_master_image.nii.gz,Normal,,,,,,,,D:/Backup/Mestrado/dados/JPR/dataset_jpr_train/dataset_jpr_train/2/001700
778,"1,28E+73",jpr_dados,F,32.0,Canon Medical Systems,186.0,2.0,0.473,1.0,1.0,0.0,True,,,,/home/neuro-source/main_source/datasets/sprap_2024_03/id_spr00778/id_spr00778_master_image.nii.gz,Normal,,,,,,,,D:/Backup/Mestrado/dados/JPR/dataset_jpr_train/dataset_jpr_train/3/000778
2108,"1,28E+73",jpr_dados,F,24.0,Philips,219.0,1.5,0.429688,0.75,1.0,-1024.0,True,,,,/home/neuro-source/main_source/datasets/sprap_2024_03/id_spr02108/id_spr02108_master_image.nii.gz,Normal,,,,,,,,D:/Backup/Mestrado/dados/JPR/dataset_jpr_train/dataset_jpr_train/2/002108
2544,"1,28E+73",jpr_dados,M,76.0,GE MEDICAL SYSTEMS,305.0,1.25,0.45898398757,0.625,1.0,-1024.0,True,,,,/home/neuro-source/main_source/datasets/sprap_2024_03/id_spr02544/id_spr02544_master_image.nii.gz,Normal,,,,,,,,D:/Backup/Mestrado/dados/JPR/dataset_jpr_train/dataset_jpr_train/1/002544
1211,"1,28E+73",jpr_dados,F,40.0,Canon Medical Systems,181.0,1.0,0.429,1.0,1.0,0.0,True,,,,/home/neuro-source/main_source/datasets/sprap_2024_03/id_spr01211/id_spr01211_master_image.nii.gz,Normal,,,,,,,,D:/Backup/Mestrado/dados/JPR/dataset_jpr_train/dataset_jpr_train/3/001211
1099,"1,28E+73",jpr_dados,M,25.0,GE MEDICAL SYSTEMS,173.0,1.25,0.580078,1.25,1.0,-1024.0,True,,,,/home/neuro-source/main_source/datasets/sprap_2024_03/id_spr01099/id_spr01099_master_image.nii.gz,Normal,,,,,,,,D:/Backup/Mestrado/dados/JPR/dataset_jpr_train/dataset_jpr_train/3/001099
929,"1,28E+73",jpr_dados,M,45.0,Philips,194.0,2.0,0.48828125,1.0,1.0,-1024.0,True,,,,/home/neuro-source/main_source/datasets/sprap_2024_03/id_spr00929/id_spr00929_master_image.nii.gz,Normal,,,,,,,,D:/Backup/Mestrado/dados/JPR/dataset_jpr_train/dataset_jpr_train/3/000929
1466,"1,28E+73",jpr_dados,F,32.0,GE MEDICAL SYSTEMS,141.0,1.25,0.435547,1.25,1.0,-1024.0,True,,,,/home/neuro-source/main_source/datasets/sprap_2024_03/id_spr01466/id_spr01466_master_image.nii.gz,Normal,,,,,,,,D:/Backup/Mestrado/dados/JPR/dataset_jpr_train/dataset_jpr_train/2/001466
703,"1,28E+73",jpr_dados,F,40.0,GE MEDICAL SYSTEMS,141.0,1.25,0.488281,1.25,1.0,-1024.0,True,,,,/home/neuro-source/main_source/datasets/sprap_2024_03/id_spr00703/id_spr00703_master_image.nii.gz,Normal,,,,,,,,D:/Backup/Mestrado/dados/JPR/dataset_jpr_train/dataset_jpr_train/3/000703
2574,"1,28E+73",jpr_dados,M,60.0,GE MEDICAL SYSTEMS,149.0,2.5,0.439453005791,1.25,1.0,-1024.0,True,,,,/home/neuro-source/main_source/datasets/sprap_2024_03/id_spr02574/id_spr02574_master_image.nii.gz,Normal,,,,,,,,D:/Backup/Mestrado/dados/JPR/dataset_jpr_train/dataset_jpr_train/1/002574
1838,"1,28E+73",jpr_dados,M,39.0,GE MEDICAL SYSTEMS,167.0,1.25,0.435547,1.0,1.0,-1024.0,True,,,,/home/neuro-source/main_source/datasets/sprap_2024_03/id_spr01838/id_spr01838_master_image.nii.gz,Normal,,,,,,,,D:/Backup/Mestrado/dados/JPR/dataset_jpr_train/dataset_jpr_train/2/001838
1802,"1,28E+73",jpr_dados,M,37.0,GE MEDICAL SYSTEMS,175.0,1.25,0.488281,1.25,1.0,-1024.0,True,,,,/home/neuro-source/main_source/datasets/sprap_2024_03/id_spr01802/id_spr01802_master_image.nii.gz,Normal,,,,,,,,D:/Backup/Mestrado/dados/JPR/dataset_jpr_train/dataset_jpr_train/2/001802
598,"1,28E+73",jpr_dados,M,44.0,GE MEDICAL SYSTEMS,216.0,2.5,0.541016,1.0,1.0,-1024.0,True,,,,/home/neuro-source/main_source/datasets/sprap_2024_03/id_spr00598/id_spr00598_master_image.nii.gz,Normal,,,,,,,,D:/Backup/Mestrado/dados/JPR/dataset_jpr_train/dataset_jpr_train/3/000598
994,"1,28E+73",jpr_dados,F,34.0,GE MEDICAL SYSTEMS,145.0,1.25,0.488281,1.25,1.0,-1024.0,True,,,,/home/neuro-source/main_source/datasets/sprap_2024_03/id_spr00994/id_spr00994_master_image.nii.gz,Normal,,,,,,,,D:/Backup/Mestrado/dados/JPR/dataset_jpr_train/dataset_jpr_train/3/000994
1132,"1,28E+73",jpr_dados,M,18.0,Philips,164.0,2.0,0.48828125,0.9999999987730062,1.0,-1024.0,True,,,,/home/neuro-source/main_source/datasets/sprap_2024_03/id_spr01132/id_spr01132_master_image.nii.gz,Normal,,,,,,,,D:/Backup/Mestrado/dados/JPR/dataset_jpr_train/dataset_jpr_train/3/001132
2366,"1,28E+73",jpr_dados,M,74.0,GE MEDICAL SYSTEMS,151.0,2.5,0.488281011581,1.25,1.0,-1024.0,True,,,,/home/neuro-source/main_source/datasets/sprap_2024_03/id_spr02366/id_spr02366_master_image.nii.gz,Normal,,,,,,,,D:/Backup/Mestrado/dados/JPR/dataset_jpr_train/dataset_jpr_train/1/002366
1208,"1,28E+73",jpr_dados,F,47.0,Philips,170.0,2.0,0.48828125,0.999999997633136,1.0,-1024.0,True,,,,/home/neuro-source/main_source/datasets/sprap_2024_03/id_spr01208/id_spr01208_master_image.nii.gz,Normal,,,,,,,,D:/Backup/Mestrado/dados/JPR/dataset_jpr_train/dataset_jpr_train/3/001208
809,"1,28E+73",jpr_dados,M,32.0,GE MEDICAL SYSTEMS,165.0,1.25,0.509766,1.25,1.0,-1024.0,True,,,,/home/neuro-source/main_source/datasets/sprap_2024_03/id_spr00809/id_spr00809_master_image.nii.gz,Normal,,,,,,,,D:/Backup/Mestrado/dados/JPR/dataset_jpr_train/dataset_jpr_train/3/000809
821,"1,28E+73",jpr_dados,M,19.0,GE MEDICAL SYSTEMS,157.0,1.25,0.537109,1.25,1.0,-1024.0,True,,,,/home/neuro-source/main_source/datasets/sprap_2024_03/id_spr00821/id_spr00821_master_image.nii.gz,Normal,,,,,,,,D:/Backup/Mestrado/dados/JPR/dataset_jpr_train/dataset_jpr_train/3/000821
1510,"1,28E+73",jpr_dados,F,57.0,GE MEDICAL SYSTEMS,162.0,1.25,0.398438,1.0,1.0,-1024.0,True,,,,/home/neuro-source/main_source/datasets/sprap_2024_03/id_spr01510/id_spr01510_master_image.nii.gz,Normal,,,,,,,,D:/Backup/Mestrado/dados/JPR/dataset_jpr_train/dataset_jpr_train/2/001510
576,"1,28E+72",jpr_dados,F,30.0,GE MEDICAL SYSTEMS,148.0,1.25,0.517578,1.25,1.0,-1024.0,True,,,,/home/neuro-source/main_source/datasets/sprap_2024_03/id_spr00576/id_spr00576_master_image.nii.gz,Normal,,,,,,,,D:/Backup/Mestrado/dados/JPR/dataset_jpr_train/dataset_jpr_train/3/000576
1796,"1,28E+73",jpr_dados,F,29.0,TOSHIBA,186.0,2.0,0.454,1.0,1.0,0.0,True,,,,/home/neuro-source/main_source/datasets/sprap_2024_03/id_spr01796/id_spr01796_master_image.nii.gz,Normal,,,,,,,,D:/Backup/Mestrado/dados/JPR/dataset_jpr_train/dataset_jpr_train/2/001796
736,"1,28E+73",jpr_dados,F,23.0,GE MEDICAL SYSTEMS,141.0,1.25,0.488281,1.25,1.0,-1024.0,True,,,,/home/neuro-source/main_source/datasets/sprap_2024_03/id_spr00736/id_spr00736_master_image.nii.gz,Normal,,,,,,,,D:/Backup/Mestrado/dados/JPR/dataset_jpr_train/dataset_jpr_train/3/000736
531,"1,28E+73",jpr_dados,F,37.0,Canon Medical Systems,196.0,2.0,0.503,1.0,1.0,0.0,True,,,,/home/neuro-source/main_source/datasets/sprap_2024_03/id_spr00531/id_spr00531_master_image.nii.gz,Normal,,,,,,,,D:/Backup/Mestrado/dados/JPR/dataset_jpr_train/dataset_jpr_train/3/000531
2044,"1,28E+73",jpr_dados,F,41.0,GE MEDICAL SYSTEMS,304.0,0.625,0.46875,0.625,1.0,-1024.0,True,,,,/home/neuro-source/main_source/datasets/sprap_2024_03/id_spr02044/id_spr02044_master_image.nii.gz,Normal,,,,,,,,D:/Backup/Mestrado/dados/JPR/dataset_jpr_train/dataset_jpr_train/2/002044
464,"1,28E+73",jpr_dados,M,44.0,Canon Medical Systems,216.0,1.0,0.481,1.0,1.0,0.0,True,,,,/home/neuro-source/main_source/datasets/sprap_2024_03/id_spr00464/id_spr00464_master_image.nii.gz,Normal,,,,,,,,D:/Backup/Mestrado/dados/JPR/dataset_jpr_train/dataset_jpr_train/3/000464
1193,"1,28E+73",jpr_dados,F,40.0,GE MEDICAL SYSTEMS,129.0,1.25,0.488281,1.25,1.0,-1024.0,True,,,,/home/neuro-source/main_source/datasets/sprap_2024_03/id_spr01193/id_spr01193_master_image.nii.gz,Normal,,,,,,,,D:/Backup/Mestrado/dados/JPR/dataset_jpr_train/dataset_jpr_train/3/001193
1678,"1,28E+73",jpr_dados,F,29.0,GE MEDICAL SYSTEMS,145.0,1.25,0.488281,1.25,1.0,-1024.0,True,,,,/home/neuro-source/main_source/datasets/sprap_2024_03/id_spr01678/id_spr01678_master_image.nii.gz,Normal,,,,,,,,D:/Backup/Mestrado/dados/JPR/dataset_jpr_train/dataset_jpr_train/2/001678
1646,"1,28E+73",jpr_dados,F,36.0,GE MEDICAL SYSTEMS,176.0,1.25,0.416016,1.0,1.0,-1024.0,True,,,,/home/neuro-source/main_source/datasets/sprap_2024_03/id_spr01646/id_spr01646_master_image.nii.gz,Normal,,,,,,,,D:/Backup/Mestrado/dados/JPR/dataset_jpr_train/dataset_jpr_train/2/001646
1553,"1,28E+73",jpr_dados,M,38.0,TOSHIBA,244.0,1.0,0.451,0.7999999999999999,1.0,0.0,True,,,,/home/neuro-source/main_source/datasets/sprap_2024_03/id_spr01553/id_spr01553_master_image.nii.gz,Normal,,,,,,,,D:/Backup/Mestrado/dados/JPR/dataset_jpr_train/dataset_jpr_train/2/001553
1054,"1,28E+73",jpr_dados,F,38.0,Philips,236.0,1.5,0.439453125,0.7500000008510638,1.0,-1024.0,True,,,,/home/neuro-source/main_source/datasets/sprap_2024_03/id_spr01054/id_spr01054_master_image.nii.gz,Normal,,,,,,,,D:/Backup/Mestrado/dados/JPR/dataset_jpr_train/dataset_jpr_train/3/001054
1491,"1,28E+73",jpr_dados,M,43.0,GE MEDICAL SYSTEMS,141.0,1.25,0.488281,1.25,1.0,-1024.0,True,,,,/home/neuro-source/main_source/datasets/sprap_2024_03/id_spr01491/id_spr01491_master_image.nii.gz,Normal,,,,,,,,D:/Backup/Mestrado/dados/JPR/dataset_jpr_train/dataset_jpr_train/2/001491
1653,"1,28E+73",jpr_dados,F,23.0,GE MEDICAL SYSTEMS,128.0,1.25,0.447266,1.25,1.0,-1024.0,True,,,,/home/neuro-source/main_source/datasets/sprap_2024_03/id_spr01653/id_spr01653_master_image.nii.gz,Normal,,,,,,,,D:/Backup/Mestrado/dados/JPR/dataset_jpr_train/dataset_jpr_train/2/001653
393,"1,28E+73",jpr_dados,F,40.0,Philips,203.0,2.0,0.48828125,1.0,1.0,-1024.0,True,,,,/home/neuro-source/main_source/datasets/sprap_2024_03/id_spr00393/id_spr00393_master_image.nii.gz,Normal,,,,,,,,D:/Backup/Mestrado/dados/JPR/dataset_jpr_train/dataset_jpr_train/3/000393
1101,"1,28E+72",jpr_dados,F,20.0,GE MEDICAL SYSTEMS,196.0,1.25,0.568359,1.25,1.0,-1024.0,True,,,,/home/neuro-source/main_source/datasets/sprap_2024_03/id_spr01101/id_spr01101_master_image.nii.gz,Normal,,,,,,,,D:/Backup/Mestrado/dados/JPR/dataset_jpr_train/dataset_jpr_train/3/001101
872,"1,28E+73",jpr_dados,F,44.0,GE MEDICAL SYSTEMS,136.0,1.25,0.429688,1.25,1.0,-1024.0,True,,,,/home/neuro-source/main_source/datasets/sprap_2024_03/id_spr00872/id_spr00872_master_image.nii.gz,Normal,,,,,,,,D:/Backup/Mestrado/dados/JPR/dataset_jpr_train/dataset_jpr_train/3/000872
1842,"1,28E+72",jpr_dados,F,21.0,GE MEDICAL SYSTEMS,137.0,1.25,0.416016,1.25,1.0,-1024.0,True,,,,/home/neuro-source/main_source/datasets/sprap_2024_03/id_spr01842/id_spr01842_master_image.nii.gz,Normal,,,,,,,,D:/Backup/Mestrado/dados/JPR/dataset_jpr_train/dataset_jpr_train/2/001842
1691,"1,28E+73",jpr_dados,F,58.0,GE MEDICAL SYSTEMS,166.0,1.25,0.425781,1.0,1.0,-1024.0,True,,,,/home/neuro-source/main_source/datasets/sprap_2024_03/id_spr01691/id_spr01691_master_image.nii.gz,Normal,,,,,,,,D:/Backup/Mestrado/dados/JPR/dataset_jpr_train/dataset_jpr_train/2/001691
1787,"1,28E+72",jpr_dados,M,47.0,TOSHIBA,232.0,1.0,0.454,0.8,1.0,0.0,True,,,,/home/neuro-source/main_source/datasets/sprap_2024_03/id_spr01787/id_spr01787_master_image.nii.gz,Normal,,,,,,,,D:/Backup/Mestrado/dados/JPR/dataset_jpr_train/dataset_jpr_train/2/001787
1271,"1,28E+73",jpr_dados,M,41.0,GE MEDICAL SYSTEMS,145.0,1.25,0.533203,1.25,1.0,-1024.0,True,,,,/home/neuro-source/main_source/datasets/sprap_2024_03/id_spr01271/id_spr01271_master_image.nii.gz,Normal,,,,,,,,D:/Backup/Mestrado/dados/JPR/dataset_jpr_train/dataset_jpr_train/3/001271
2244,"1,28E+73",jpr_dados,F,31.0,GE MEDICAL SYSTEMS,141.0,1.25,0.425781,1.25,1.0,-1024.0,True,,,,/home/neuro-source/main_source/datasets/sprap_2024_03/id_spr02244/id_spr02244_master_image.nii.gz,Normal,,,,,,,,D:/Backup/Mestrado/dados/JPR/dataset_jpr_train/dataset_jpr_train/2/002244
1785,"1,28E+73",jpr_dados,F,21.0,GE MEDICAL SYSTEMS,150.0,1.25,0.488281,1.25,1.0,-1024.0,True,,,,/home/neuro-source/main_source/datasets/sprap_2024_03/id_spr01785/id_spr01785_master_image.nii.gz,Normal,,,,,,,,D:/Backup/Mestrado/dados/JPR/dataset_jpr_train/dataset_jpr_train/2/001785
1246,"1,28E+73",jpr_dados,F,34.0,GE MEDICAL SYSTEMS,196.0,2.5,0.503906,1.0,1.0,-1024.0,True,,,,/home/neuro-source/main_source/datasets/sprap_2024_03/id_spr01246/id_spr01246_master_image.nii.gz,Normal,,,,,,,,D:/Backup/Mestrado/dados/JPR/dataset_jpr_train/dataset_jpr_train/3/001246
884,"1,28E+73",jpr_dados,M,20.0,Canon Medical Systems,226.0,2.0,0.529,1.0,1.0,0.0,True,,,,/home/neuro-source/main_source/datasets/sprap_2024_03/id_spr00884/id_spr00884_master_image.nii.gz,Normal,,,,,,,,D:/Backup/Mestrado/dados/JPR/dataset_jpr_train/dataset_jpr_train/3/000884
1220,"1,28E+73",jpr_dados,F,36.0,GE MEDICAL SYSTEMS,149.0,1.25,0.482422,1.25,1.0,-1024.0,True,,,,/home/neuro-source/main_source/datasets/sprap_2024_03/id_spr01220/id_spr01220_master_image.nii.gz,Normal,,,,,,,,D:/Backup/Mestrado/dados/JPR/dataset_jpr_train/dataset_jpr_train/3/001220
1118,"1,28E+73",jpr_dados,M,33.0,GE MEDICAL SYSTEMS,153.0,1.25,0.488281,1.25,1.0,-1024.0,True,,,,/home/neuro-source/main_source/datasets/sprap_2024_03/id_spr01118/id_spr01118_master_image.nii.gz,Normal,,,,,,,,D:/Backup/Mestrado/dados/JPR/dataset_jpr_train/dataset_jpr_train/3/001118
1380,"1,28E+73",jpr_dados,F,47.0,Philips,223.0,1.5,0.425781,0.7500044009009008,1.0,-1024.0,True,,,,/home/neuro-source/main_source/datasets/sprap_2024_03/id_spr01380/id_spr01380_master_image.nii.gz,Normal,,,,,,,,D:/Backup/Mestrado/dados/JPR/dataset_jpr_train/dataset_jpr_train/2/001380
690,"1,28E+73",jpr_dados,F,36.0,TOSHIBA,153.0,1.0,0.468,1.0,1.0,0.0,True,,,,/home/neuro-source/main_source/datasets/sprap_2024_03/id_spr00690/id_spr00690_master_image.nii.gz,Normal,,,,,,,,D:/Backup/Mestrado/dados/JPR/dataset_jpr_train/dataset_jpr_train/3/000690
2118,"1,28E+73",jpr_dados,F,45.0,Philips,187.0,2.0,0.4375,1.0,1.0,-1024.0,True,,,,/home/neuro-source/main_source/datasets/sprap_2024_03/id_spr02118/id_spr02118_master_image.nii.gz,Normal,,,,,,,,D:/Backup/Mestrado/dados/JPR/dataset_jpr_train/dataset_jpr_train/2/002118
1087,"1,28E+71",jpr_dados,F,45.0,GE MEDICAL SYSTEMS,145.0,1.25,0.484375,1.25,1.0,-1024.0,True,,,,/home/neuro-source/main_source/datasets/sprap_2024_03/id_spr01087/id_spr01087_master_image.nii.gz,Normal,,,,,,,,D:/Backup/Mestrado/dados/JPR/dataset_jpr_train/dataset_jpr_train/3/001087
1961,"1,28E+73",jpr_dados,F,52.0,TOSHIBA,219.0,1.0,0.449,0.7999999999999999,1.0,0.0,True,,,,/home/neuro-source/main_source/datasets/sprap_2024_03/id_spr01961/id_spr01961_master_image.nii.gz,Normal,,,,,,,,D:/Backup/Mestrado/dados/JPR/dataset_jpr_train/dataset_jpr_train/2/001961
490,"1,28E+73",jpr_dados,F,26.0,GE MEDICAL SYSTEMS,153.0,1.25,0.488281,1.25,1.0,-1024.0,True,,,,/home/neuro-source/main_source/datasets/sprap_2024_03/id_spr00490/id_spr00490_master_image.nii.gz,Normal,,,,,,,,D:/Backup/Mestrado/dados/JPR/dataset_jpr_train/dataset_jpr_train/3/000490
2204,"1,28E+73",jpr_dados,F,45.0,GE MEDICAL SYSTEMS,136.0,1.25,0.462891,1.25,1.0,-1024.0,True,,,,/home/neuro-source/main_source/datasets/sprap_2024_03/id_spr02204/id_spr02204_master_image.nii.gz,Normal,,,,,,,,D:/Backup/Mestrado/dados/JPR/dataset_jpr_train/dataset_jpr_train/2/002204
1292,"1,28E+72",jpr_dados,F,43.0,GE MEDICAL SYSTEMS,137.0,1.25,0.457031,1.25,1.0,-1024.0,True,,,,/home/neuro-source/main_source/datasets/sprap_2024_03/id_spr01292/id_spr01292_master_image.nii.gz,Normal,,,,,,,,D:/Backup/Mestrado/dados/JPR/dataset_jpr_train/dataset_jpr_train/3/001292
550,"1,28E+73",jpr_dados,F,36.0,GE MEDICAL SYSTEMS,153.0,1.25,0.453125,1.25,1.0,-1024.0,True,,,,/home/neuro-source/main_source/datasets/sprap_2024_03/id_spr00550/id_spr00550_master_image.nii.gz,Normal,,,,,,,,D:/Backup/Mestrado/dados/JPR/dataset_jpr_train/dataset_jpr_train/3/000550
624,"1,28E+73",jpr_dados,F,24.0,Canon Medical Systems,216.0,2.0,0.517,1.0,1.0,0.0,True,,,,/home/neuro-source/main_source/datasets/sprap_2024_03/id_spr00624/id_spr00624_master_image.nii.gz,Normal,,,,,,,,D:/Backup/Mestrado/dados/JPR/dataset_jpr_train/dataset_jpr_train/3/000624
2085,"1,28E+73",jpr_dados,F,44.0,GE MEDICAL SYSTEMS,144.0,1.25,0.455078,1.25,1.0,-1024.0,True,,,,/home/neuro-source/main_source/datasets/sprap_2024_03/id_spr02085/id_spr02085_master_image.nii.gz,Normal,,,,,,,,D:/Backup/Mestrado/dados/JPR/dataset_jpr_train/dataset_jpr_train/2/002085
527,"1,28E+72",jpr_dados,M,40.0,Philips,245.0,2.0,0.48828125,1.0,1.0,-1024.0,True,,,,/home/neuro-source/main_source/datasets/sprap_2024_03/id_spr00527/id_spr00527_master_image.nii.gz,Normal,,,,,,,,D:/Backup/Mestrado/dados/JPR/dataset_jpr_train/dataset_jpr_train/3/000527
1829,"1,28E+72",jpr_dados,M,20.0,TOSHIBA,213.0,1.0,0.446,0.8000000000000002,1.0,0.0,True,,,,/home/neuro-source/main_source/datasets/sprap_2024_03/id_spr01829/id_spr01829_master_image.nii.gz,Normal,,,,,,,,D:/Backup/Mestrado/dados/JPR/dataset_jpr_train/dataset_jpr_train/2/001829
1820,"1,28E+73",jpr_dados,M,41.0,TOSHIBA,442.0,1.0,0.449,0.5,1.0,0.0,True,,,,/home/neuro-source/main_source/datasets/sprap_2024_03/id_spr01820/id_spr01820_master_image.nii.gz,Normal,,,,,,,,D:/Backup/Mestrado/dados/JPR/dataset_jpr_train/dataset_jpr_train/2/001820
1148,"1,28E+73",jpr_dados,F,53.0,GE MEDICAL SYSTEMS,127.0,1.25,0.488281,1.25,1.0,-1024.0,True,,,,/home/neuro-source/main_source/datasets/sprap_2024_03/id_spr01148/id_spr01148_master_image.nii.gz,Normal,,,,,,,,D:/Backup/Mestrado/dados/JPR/dataset_jpr_train/dataset_jpr_train/3/001148
942,"1,28E+73",jpr_dados,F,34.0,GE MEDICAL SYSTEMS,129.0,1.25,0.480469,1.25,1.0,-1024.0,True,,,,/home/neuro-source/main_source/datasets/sprap_2024_03/id_spr00942/id_spr00942_master_image.nii.gz,Normal,,,,,,,,D:/Backup/Mestrado/dados/JPR/dataset_jpr_train/dataset_jpr_train/3/000942
1735,"1,28E+73",jpr_dados,F,29.0,Philips,244.0,1.5,0.412109,0.7500040205761316,1.0,-1024.0,True,,,,/home/neuro-source/main_source/datasets/sprap_2024_03/id_spr01735/id_spr01735_master_image.nii.gz,Normal,,,,,,,,D:/Backup/Mestrado/dados/JPR/dataset_jpr_train/dataset_jpr_train/2/001735
2397,"1,28E+73",jpr_dados,M,72.0,GE MEDICAL SYSTEMS,177.0,2.5,0.523437976837,1.25,1.0,-1024.0,True,,,,/home/neuro-source/main_source/datasets/sprap_2024_03/id_spr02397/id_spr02397_master_image.nii.gz,Normal,,,,,,,,
921,"1,28E+73",jpr_dados,M,42.0,Canon Medical Systems,196.0,2.0,0.539,1.0,1.0,0.0,True,,,,/home/neuro-source/main_source/datasets/sprap_2024_03/id_spr00921/id_spr00921_master_image.nii.gz,Normal,,,,,,,,D:/Backup/Mestrado/dados/JPR/dataset_jpr_train/dataset_jpr_train/3/000921
907,"1,28E+73",jpr_dados,M,39.0,GE MEDICAL SYSTEMS,145.0,1.25,0.488281,1.25,1.0,-1024.0,True,,,,/home/neuro-source/main_source/datasets/sprap_2024_03/id_spr00907/id_spr00907_master_image.nii.gz,Normal,,,,,,,,D:/Backup/Mestrado/dados/JPR/dataset_jpr_train/dataset_jpr_train/3/000907
1291,"1,28E+73",jpr_dados,F,19.0,GE MEDICAL SYSTEMS,136.0,1.25,0.625,1.25,1.0,-1024.0,True,,,,/home/neuro-source/main_source/datasets/sprap_2024_03/id_spr01291/id_spr01291_master_image.nii.gz,Normal,,,,,,,,D:/Backup/Mestrado/dados/JPR/dataset_jpr_train/dataset_jpr_train/3/001291
2490,"1,28E+73",jpr_dados,F,52.0,GE MEDICAL SYSTEMS,293.0,1.25,0.429688006639,0.625,1.0,-1024.0,True,,,,/home/neuro-source/main_source/datasets/sprap_2024_03/id_spr02490/id_spr02490_master_image.nii.gz,Normal,,,,,,,,D:/Backup/Mestrado/dados/JPR/dataset_jpr_train/dataset_jpr_train/1/002490
2513,"1,28E+73",jpr_dados,F,34.0,GE MEDICAL SYSTEMS,273.0,1.25,0.455078005791,0.625,1.0,-1024.0,True,,,,/home/neuro-source/main_source/datasets/sprap_2024_03/id_spr02513/id_spr02513_master_image.nii.gz,Normal,,,,,,,,
2026,"1,28E+73",jpr_dados,M,36.0,GE MEDICAL SYSTEMS,232.0,1.25,0.488281,0.8,1.0,-1024.0,True,,,,/home/neuro-source/main_source/datasets/sprap_2024_03/id_spr02026/id_spr02026_master_image.nii.gz,Normal,,,,,,,,D:/Backup/Mestrado/dados/JPR/dataset_jpr_train/dataset_jpr_train/2/002026
1196,"1,28E+73",jpr_dados,F,26.0,Canon Medical Systems,196.0,1.0,0.503,1.0,1.0,0.0,True,,,,/home/neuro-source/main_source/datasets/sprap_2024_03/id_spr01196/id_spr01196_master_image.nii.gz,Normal,,,,,,,,D:/Backup/Mestrado/dados/JPR/dataset_jpr_train/dataset_jpr_train/3/001196
688,"1,28E+73",jpr_dados,F,35.0,Canon Medical Systems,201.0,2.0,0.517,1.0,1.0,0.0,True,,,,/home/neuro-source/main_source/datasets/sprap_2024_03/id_spr00688/id_spr00688_master_image.nii.gz,Normal,,,,,,,,D:/Backup/Mestrado/dados/JPR/dataset_jpr_train/dataset_jpr_train/3/000688
1233,"1,28E+73",jpr_dados,M,44.0,Philips,218.0,1.5,0.4609375,0.749999999078341,1.0,-1024.0,True,,,,/home/neuro-source/main_source/datasets/sprap_2024_03/id_spr01233/id_spr01233_master_image.nii.gz,Normal,,,,,,,,D:/Backup/Mestrado/dados/JPR/dataset_jpr_train/dataset_jpr_train/3/001233
1880,"1,28E+73",jpr_dados,F,44.0,TOSHIBA,219.0,1.0,0.412,0.7999999999999999,1.0,0.0,True,,,,/home/neuro-source/main_source/datasets/sprap_2024_03/id_spr01880/id_spr01880_master_image.nii.gz,Normal,,,,,,,,D:/Backup/Mestrado/dados/JPR/dataset_jpr_train/dataset_jpr_train/2/001880
660,"1,28E+73",jpr_dados,F,40.0,GE MEDICAL SYSTEMS,145.0,1.25,0.492188,1.25,1.0,-1024.0,True,,,,/home/neuro-source/main_source/datasets/sprap_2024_03/id_spr00660/id_spr00660_master_image.nii.gz,Normal,,,,,,,,D:/Backup/Mestrado/dados/JPR/dataset_jpr_train/dataset_jpr_train/3/000660
954,"1,28E+73",jpr_dados,M,36.0,GE MEDICAL SYSTEMS,145.0,1.25,0.488281,1.25,1.0,-1024.0,True,,,,/home/neuro-source/main_source/datasets/sprap_2024_03/id_spr00954/id_spr00954_master_image.nii.gz,Normal,,,,,,,,D:/Backup/Mestrado/dados/JPR/dataset_jpr_train/dataset_jpr_train/3/000954
902,"1,28E+72",jpr_dados,F,55.0,GE MEDICAL SYSTEMS,141.0,1.25,0.488281,1.25,1.0,-1024.0,True,,,,/home/neuro-source/main_source/datasets/sprap_2024_03/id_spr00902/id_spr00902_master_image.nii.gz,Normal,,,,,,,,D:/Backup/Mestrado/dados/JPR/dataset_jpr_train/dataset_jpr_train/3/000902
2485,"1,28E+73",jpr_dados,M,61.0,GE MEDICAL SYSTEMS,297.0,1.25,0.488281011581,0.625,1.0,-1024.0,True,,,,/home/neuro-source/main_source/datasets/sprap_2024_03/id_spr02485/id_spr02485_master_image.nii.gz,Normal,,,,,,,,D:/Backup/Mestrado/dados/JPR/dataset_jpr_train/dataset_jpr_train/1/002485
2586,"1,28E+73",jpr_dados,F,65.0,GE MEDICAL SYSTEMS,141.0,2.5,0.423828005791,1.25,1.0,-1024.0,True,,,,/home/neuro-source/main_source/datasets/sprap_2024_03/id_spr02586/id_spr02586_master_image.nii.gz,Normal,,,,,,,,D:/Backup/Mestrado/dados/JPR/dataset_jpr_train/dataset_jpr_train/1/002586
1576,"1,28E+73",jpr_dados,M,41.0,GE MEDICAL SYSTEMS,150.0,1.25,0.488281,1.25,1.0,-1024.0,True,,,,/home/neuro-source/main_source/datasets/sprap_2024_03/id_spr01576/id_spr01576_master_image.nii.gz,Normal,,,,,,,,D:/Backup/Mestrado/dados/JPR/dataset_jpr_train/dataset_jpr_train/2/001576
2360,"1,28E+73",jpr_dados,M,75.0,GE MEDICAL SYSTEMS,289.0,1.25,0.488281011581,0.625,1.0,-1024.0,True,,,,/home/neuro-source/main_source/datasets/sprap_2024_03/id_spr02360/id_spr02360_master_image.nii.gz,Normal,,,,,,,,D:/Backup/Mestrado/dados/JPR/dataset_jpr_train/dataset_jpr_train/2/002360
2215,"1,28E+73",jpr_dados,M,38.0,GE MEDICAL SYSTEMS,134.0,1.25,0.455078,1.25,1.0,-1024.0,True,,,,/home/neuro-source/main_source/datasets/sprap_2024_03/id_spr02215/id_spr02215_master_image.nii.gz,Normal,,,,,,,,D:/Backup/Mestrado/dados/JPR/dataset_jpr_train/dataset_jpr_train/2/002215
1427,"1,28E+73",jpr_dados,F,57.0,TOSHIBA,219.0,1.0,0.449,0.7999999999999999,1.0,0.0,True,,,,/home/neuro-source/main_source/datasets/sprap_2024_03/id_spr01427/id_spr01427_master_image.nii.gz,Normal,,,,,,,,D:/Backup/Mestrado/dados/JPR/dataset_jpr_train/dataset_jpr_train/2/001427
1141,"1,28E+73",jpr_dados,F,24.0,GE MEDICAL SYSTEMS,133.0,1.25,0.488281,1.25,1.0,-1024.0,True,,,,/home/neuro-source/main_source/datasets/sprap_2024_03/id_spr01141/id_spr01141_master_image.nii.gz,Normal,,,,,,,,D:/Backup/Mestrado/dados/JPR/dataset_jpr_train/dataset_jpr_train/3/001141
1672,"1,28E+73",jpr_dados,M,58.0,GE MEDICAL SYSTEMS,149.0,1.25,0.488281,1.25,1.0,-1024.0,True,,,,/home/neuro-source/main_source/datasets/sprap_2024_03/id_spr01672/id_spr01672_master_image.nii.gz,Normal,,,,,,,,D:/Backup/Mestrado/dados/JPR/dataset_jpr_train/dataset_jpr_train/2/001672
1041,"1,28E+73",jpr_dados,F,28.0,Canon Medical Systems,206.0,1.0,0.598,1.0,1.0,0.0,True,,,,/home/neuro-source/main_source/datasets/sprap_2024_03/id_spr01041/id_spr01041_master_image.nii.gz,Normal,,,,,,,,D:/Backup/Mestrado/dados/JPR/dataset_jpr_train/dataset_jpr_train/3/001041
1063,"1,28E+73",jpr_dados,M,43.0,Canon Medical Systems,181.0,2.0,0.485,1.0,1.0,0.0,True,,,,/home/neuro-source/main_source/datasets/sprap_2024_03/id_spr01063/id_spr01063_master_image.nii.gz,Normal,,,,,,,,D:/Backup/Mestrado/dados/JPR/dataset_jpr_train/dataset_jpr_train/3/001063
2022,"1,28E+73",jpr_dados,M,58.0,TOSHIBA,219.0,1.0,0.468,0.7999999999999999,1.0,0.0,True,,,,/home/neuro-source/main_source/datasets/sprap_2024_03/id_spr02022/id_spr02022_master_image.nii.gz,Normal,,,,,,,,D:/Backup/Mestrado/dados/JPR/dataset_jpr_train/dataset_jpr_train/2/002022
1186,"1,28E+73",jpr_dados,M,41.0,GE MEDICAL SYSTEMS,172.0,1.25,0.488281,1.25,1.0,-1024.0,True,,,,/home/neuro-source/main_source/datasets/sprap_2024_03/id_spr01186/id_spr01186_master_image.nii.gz,Normal,,,,,,,,D:/Backup/Mestrado/dados/JPR/dataset_jpr_train/dataset_jpr_train/3/001186
1825,"1,28E+73",jpr_dados,F,41.0,TOSHIBA,213.0,1.0,0.43,0.8000000000000002,1.0,0.0,True,,,,/home/neuro-source/main_source/datasets/sprap_2024_03/id_spr01825/id_spr01825_master_image.nii.gz,Normal,,,,,,,,D:/Backup/Mestrado/dados/JPR/dataset_jpr_train/dataset_jpr_train/2/001825
568,"1,28E+72",jpr_dados,M,56.0,GE MEDICAL SYSTEMS,154.0,1.25,0.46875,1.25,1.0,-1024.0,True,,,,/home/neuro-source/main_source/datasets/sprap_2024_03/id_spr00568/id_spr00568_master_image.nii.gz,Normal,,,,,,,,D:/Backup/Mestrado/dados/JPR/dataset_jpr_train/dataset_jpr_train/3/000568
926,"1,28E+73",jpr_dados,F,44.0,GE MEDICAL SYSTEMS,153.0,1.25,0.488281,1.25,1.0,-1024.0,True,,,,/home/neuro-source/main_source/datasets/sprap_2024_03/id_spr00926/id_spr00926_master_image.nii.gz,Normal,,,,,,,,D:/Backup/Mestrado/dados/JPR/dataset_jpr_train/dataset_jpr_train/3/000926
2091,"1,28E+72",jpr_dados,F,26.0,GE MEDICAL SYSTEMS,139.0,1.25,0.458984,1.25,1.0,-1024.0,True,,,,/home/neuro-source/main_source/datasets/sprap_2024_03/id_spr02091/id_spr02091_master_image.nii.gz,Normal,,,,,,,,D:/Backup/Mestrado/dados/JPR/dataset_jpr_train/dataset_jpr_train/2/002091
978,"1,28E+73",jpr_dados,M,37.0,GE MEDICAL SYSTEMS,153.0,1.25,0.488281,1.25,1.0,-1024.0,True,,,,/home/neuro-source/main_source/datasets/sprap_2024_03/id_spr00978/id_spr00978_master_image.nii.gz,Normal,,,,,,,,D:/Backup/Mestrado/dados/JPR/dataset_jpr_train/dataset_jpr_train/3/000978
2053,"1,28E+73",jpr_dados,F,25.0,TOSHIBA,238.0,1.0,0.429,0.8,1.0,0.0,True,,,,/home/neuro-source/main_source/datasets/sprap_2024_03/id_spr02053/id_spr02053_master_image.nii.gz,Normal,,,,,,,,D:/Backup/Mestrado/dados/JPR/dataset_jpr_train/dataset_jpr_train/2/002053
1191,"1,28E+73",jpr_dados,F,42.0,GE MEDICAL SYSTEMS,145.0,1.25,0.488281,1.25,1.0,-1024.0,True,,,,/home/neuro-source/main_source/datasets/sprap_2024_03/id_spr01191/id_spr01191_master_image.nii.gz,Normal,,,,,,,,D:/Backup/Mestrado/dados/JPR/dataset_jpr_train/dataset_jpr_train/3/001191
1044,"1,28E+73",jpr_dados,F,36.0,Philips,180.0,2.0,0.416015625,10.000.000.011.173.100,1.0,-1024.0,True,,,,/home/neuro-source/main_source/datasets/sprap_2024_03/id_spr01044/id_spr01044_master_image.nii.gz,Normal,,,,,,,,D:/Backup/Mestrado/dados/JPR/dataset_jpr_train/dataset_jpr_train/3/001044
1729,"1,28E+73",jpr_dados,F,38.0,SIEMENS,256.0,1.0,0.439453125,0.7000000000000001,1.0,-1024.0,True,,,,/home/neuro-source/main_source/datasets/sprap_2024_03/id_spr01729/id_spr01729_master_image.nii.gz,Normal,,,,,,,,D:/Backup/Mestrado/dados/JPR/dataset_jpr_train/dataset_jpr_train/2/001729
896,"1,28E+73",jpr_dados,M,19.0,Canon Medical Systems,216.0,2.0,0.512,1.0,1.0,0.0,True,,,,/home/neuro-source/main_source/datasets/sprap_2024_03/id_spr00896/id_spr00896_master_image.nii.gz,Normal,,,,,,,,D:/Backup/Mestrado/dados/JPR/dataset_jpr_train/dataset_jpr_train/3/000896
2152,"1,28E+73",jpr_dados,M,44.0,GE MEDICAL SYSTEMS,133.0,1.25,0.488281,1.25,1.0,-1024.0,True,,,,/home/neuro-source/main_source/datasets/sprap_2024_03/id_spr02152/id_spr02152_master_image.nii.gz,Normal,,,,,,,,D:/Backup/Mestrado/dados/JPR/dataset_jpr_train/dataset_jpr_train/2/002152
2252,"1,28E+73",jpr_dados,M,37.0,GE MEDICAL SYSTEMS,149.0,1.25,0.435547,1.25,1.0,-1024.0,True,,,,/home/neuro-source/main_source/datasets/sprap_2024_03/id_spr02252/id_spr02252_master_image.nii.gz,Normal,,,,,,,,D:/Backup/Mestrado/dados/JPR/dataset_jpr_train/dataset_jpr_train/2/002252
1937,"1,28E+73",jpr_dados,F,69.0,GE MEDICAL SYSTEMS,142.0,1.25,0.431641,1.25,1.0,-1024.0,True,,,,/home/neuro-source/main_source/datasets/sprap_2024_03/id_spr01937/id_spr01937_master_image.nii.gz,Normal,,,,,,,,D:/Backup/Mestrado/dados/JPR/dataset_jpr_train/dataset_jpr_train/2/001937
898,"1,28E+73",jpr_dados,F,36.0,TOSHIBA,156.0,1.0,0.41,1.0,1.0,0.0,True,,,,/home/neuro-source/main_source/datasets/sprap_2024_03/id_spr00898/id_spr00898_master_image.nii.gz,Normal,,,,,,,,D:/Backup/Mestrado/dados/JPR/dataset_jpr_train/dataset_jpr_train/3/000898
638,"1,28E+73",jpr_dados,F,38.0,Philips,186.0,2.0,0.48828125,1.000.000.001.081.080,1.0,-1024.0,True,,,,/home/neuro-source/main_source/datasets/sprap_2024_03/id_spr00638/id_spr00638_master_image.nii.gz,Normal,,,,,,,,D:/Backup/Mestrado/dados/JPR/dataset_jpr_train/dataset_jpr_train/3/000638
1395,"1,28E+73",jpr_dados,F,31.0,GE MEDICAL SYSTEMS,158.0,1.25,0.429688,1.25,1.0,-1024.0,True,,,,/home/neuro-source/main_source/datasets/sprap_2024_03/id_spr01395/id_spr01395_master_image.nii.gz,Normal,,,,,,,,D:/Backup/Mestrado/dados/JPR/dataset_jpr_train/dataset_jpr_train/2/001395
1737,"1,28E+73",jpr_dados,M,39.0,TOSHIBA,232.0,1.0,0.463,0.8,1.0,0.0,True,,,,/home/neuro-source/main_source/datasets/sprap_2024_03/id_spr01737/id_spr01737_master_image.nii.gz,Normal,,,,,,,,D:/Backup/Mestrado/dados/JPR/dataset_jpr_train/dataset_jpr_train/2/001737
1702,"1,28E+73",jpr_dados,F,20.0,GE MEDICAL SYSTEMS,129.0,1.25,0.447266,1.25,1.0,-1024.0,True,,,,/home/neuro-source/main_source/datasets/sprap_2024_03/id_spr01702/id_spr01702_master_image.nii.gz,Normal,,,,,,,,D:/Backup/Mestrado/dados/JPR/dataset_jpr_train/dataset_jpr_train/2/001702
2428,"1,28E+73",jpr_dados,M,71.0,GE MEDICAL SYSTEMS,293.0,1.25,0.43164101243,0.625,1.0,-1024.0,True,,,,/home/neuro-source/main_source/datasets/sprap_2024_03/id_spr02428/id_spr02428_master_image.nii.gz,Normal,,,,,,,,D:/Backup/Mestrado/dados/JPR/dataset_jpr_train/dataset_jpr_train/1/002428
2175,"1,28E+73",jpr_dados,F,30.0,GE MEDICAL SYSTEMS,136.0,1.25,0.431641,1.25,1.0,-1024.0,True,,,,/home/neuro-source/main_source/datasets/sprap_2024_03/id_spr02175/id_spr02175_master_image.nii.gz,Normal,,,,,,,,D:/Backup/Mestrado/dados/JPR/dataset_jpr_train/dataset_jpr_train/2/002175
1540,"1,28E+73",jpr_dados,F,55.0,GE MEDICAL SYSTEMS,256.0,0.625,0.435547,0.6427529411764705,1.0,-1024.0,True,,,,/home/neuro-source/main_source/datasets/sprap_2024_03/id_spr01540/id_spr01540_master_image.nii.gz,Normal,,,,,,,,D:/Backup/Mestrado/dados/JPR/dataset_jpr_train/dataset_jpr_train/2/001540
2116,"1,28E+73",jpr_dados,F,45.0,Philips,175.0,2.0,0.416015625,1.0,1.0,-1024.0,True,,,,/home/neuro-source/main_source/datasets/sprap_2024_03/id_spr02116/id_spr02116_master_image.nii.gz,Normal,,,,,,,,D:/Backup/Mestrado/dados/JPR/dataset_jpr_train/dataset_jpr_train/2/002116
649,"1,28E+73",jpr_dados,F,42.0,GE MEDICAL SYSTEMS,137.0,1.25,0.488281,1.25,1.0,-1024.0,True,,,,/home/neuro-source/main_source/datasets/sprap_2024_03/id_spr00649/id_spr00649_master_image.nii.gz,Normal,,,,,,,,D:/Backup/Mestrado/dados/JPR/dataset_jpr_train/dataset_jpr_train/3/000649
1638,"1,28E+73",jpr_dados,F,43.0,GE MEDICAL SYSTEMS,133.0,1.25,0.488281,1.25,1.0,-1024.0,True,,,,/home/neuro-source/main_source/datasets/sprap_2024_03/id_spr01638/id_spr01638_master_image.nii.gz,Normal,,,,,,,,D:/Backup/Mestrado/dados/JPR/dataset_jpr_train/dataset_jpr_train/2/001638
748,"1,28E+73",jpr_dados,M,27.0,GE MEDICAL SYSTEMS,149.0,1.25,0.488281,1.25,1.0,-1024.0,True,,,,/home/neuro-source/main_source/datasets/sprap_2024_03/id_spr00748/id_spr00748_master_image.nii.gz,Normal,,,,,,,,D:/Backup/Mestrado/dados/JPR/dataset_jpr_train/dataset_jpr_train/3/000748
440,"1,28E+73",jpr_dados,M,61.0,Canon Medical Systems,231.0,2.0,0.578,1.0,1.0,0.0,True,,,,/home/neuro-source/main_source/datasets/sprap_2024_03/id_spr00440/id_spr00440_master_image.nii.gz,Normal,,,,,,,,D:/Backup/Mestrado/dados/JPR/dataset_jpr_train/dataset_jpr_train/3/000440
1028,"1,28E+73",jpr_dados,F,21.0,GE MEDICAL SYSTEMS,177.0,1.25,0.498047,1.25,1.0,-1024.0,True,,,,/home/neuro-source/main_source/datasets/sprap_2024_03/id_spr01028/id_spr01028_master_image.nii.gz,Normal,,,,,,,,D:/Backup/Mestrado/dados/JPR/dataset_jpr_train/dataset_jpr_train/3/001028
1972,"1,28E+73",jpr_dados,F,30.0,GE MEDICAL SYSTEMS,232.0,1.25,0.46875,0.8,1.0,-1024.0,True,,,,/home/neuro-source/main_source/datasets/sprap_2024_03/id_spr01972/id_spr01972_master_image.nii.gz,Normal,,,,,,,,D:/Backup/Mestrado/dados/JPR/dataset_jpr_train/dataset_jpr_train/2/001972
1628,"1,28E+73",jpr_dados,F,37.0,SIEMENS,256.0,1.0,0.419921875,0.7,1.0,-1024.0,True,,,,/home/neuro-source/main_source/datasets/sprap_2024_03/id_spr01628/id_spr01628_master_image.nii.gz,Normal,,,,,,,,D:/Backup/Mestrado/dados/JPR/dataset_jpr_train/dataset_jpr_train/2/001628
1983,"1,28E+73",jpr_dados,F,49.0,GE MEDICAL SYSTEMS,198.0,1.25,0.488281,0.9,1.0,-1024.0,True,,,,/home/neuro-source/main_source/datasets/sprap_2024_03/id_spr01983/id_spr01983_master_image.nii.gz,Normal,,,,,,,,D:/Backup/Mestrado/dados/JPR/dataset_jpr_train/dataset_jpr_train/2/001983
2309,"1,28E+73",jpr_dados,F,34.0,TOSHIBA,181.0,2.0,0.43,1.0,1.0,0.0,True,,,,/home/neuro-source/main_source/datasets/sprap_2024_03/id_spr02309/id_spr02309_master_image.nii.gz,Normal,,,,,,,,D:/Backup/Mestrado/dados/JPR/dataset_jpr_train/dataset_jpr_train/2/002309
1526,"1,28E+73",jpr_dados,F,56.0,GE MEDICAL SYSTEMS,162.0,1.25,0.396484,1.0,1.0,-1024.0,True,,,,/home/neuro-source/main_source/datasets/sprap_2024_03/id_spr01526/id_spr01526_master_image.nii.gz,Normal,,,,,,,,D:/Backup/Mestrado/dados/JPR/dataset_jpr_train/dataset_jpr_train/2/001526
434,"1,28E+73",jpr_dados,M,18.0,GE MEDICAL SYSTEMS,213.0,1.25,0.523438,1.25,1.0,-1024.0,True,,,,/home/neuro-source/main_source/datasets/sprap_2024_03/id_spr00434/id_spr00434_master_image.nii.gz,Normal,,,,,,,,D:/Backup/Mestrado/dados/JPR/dataset_jpr_train/dataset_jpr_train/3/000434
2054,"1,28E+73",jpr_dados,M,27.0,TOSHIBA,213.0,1.0,0.43,0.8000000000000002,1.0,0.0,True,,,,/home/neuro-source/main_source/datasets/sprap_2024_03/id_spr02054/id_spr02054_master_image.nii.gz,Normal,,,,,,,,D:/Backup/Mestrado/dados/JPR/dataset_jpr_train/dataset_jpr_train/2/002054
1128,"1,28E+73",jpr_dados,F,31.0,Canon Medical Systems,226.0,2.0,0.517,1.0,1.0,0.0,True,,,,/home/neuro-source/main_source/datasets/sprap_2024_03/id_spr01128/id_spr01128_master_image.nii.gz,Normal,,,,,,,,D:/Backup/Mestrado/dados/JPR/dataset_jpr_train/dataset_jpr_train/3/001128
1436,"1,28E+73",jpr_dados,F,46.0,Philips,241.0,1.5,0.441406,0.75,1.0,-1024.0,True,,,,/home/neuro-source/main_source/datasets/sprap_2024_03/id_spr01436/id_spr01436_master_image.nii.gz,Normal,,,,,,,,D:/Backup/Mestrado/dados/JPR/dataset_jpr_train/dataset_jpr_train/2/001436
2051,"1,28E+73",jpr_dados,M,31.0,TOSHIBA,232.0,1.0,0.505,0.8,1.0,0.0,True,,,,/home/neuro-source/main_source/datasets/sprap_2024_03/id_spr02051/id_spr02051_master_image.nii.gz,Normal,,,,,,,,D:/Backup/Mestrado/dados/JPR/dataset_jpr_train/dataset_jpr_train/2/002051
1201,"1,28E+73",jpr_dados,F,48.0,GE MEDICAL SYSTEMS,137.0,1.25,0.625,1.25,1.0,-1024.0,True,,,,/home/neuro-source/main_source/datasets/sprap_2024_03/id_spr01201/id_spr01201_master_image.nii.gz,Normal,,,,,,,,D:/Backup/Mestrado/dados/JPR/dataset_jpr_train/dataset_jpr_train/3/001201
1094,"1,28E+73",jpr_dados,F,35.0,GE MEDICAL SYSTEMS,157.0,1.25,0.488281,1.25,1.0,-1024.0,True,,,,/home/neuro-source/main_source/datasets/sprap_2024_03/id_spr01094/id_spr01094_master_image.nii.gz,Normal,,,,,,,,D:/Backup/Mestrado/dados/JPR/dataset_jpr_train/dataset_jpr_train/3/001094
2481,"1,28E+73",jpr_dados,F,41.0,GE MEDICAL SYSTEMS,155.0,2.5,0.433593988419,1.25,1.0,-1024.0,True,,,,/home/neuro-source/main_source/datasets/sprap_2024_03/id_spr02481/id_spr02481_master_image.nii.gz,Normal,,,,,,,,D:/Backup/Mestrado/dados/JPR/dataset_jpr_train/dataset_jpr_train/1/002481
1830,"1,28E+73",jpr_dados,M,25.0,GE MEDICAL SYSTEMS,137.0,1.25,0.416016,1.25,1.0,-1024.0,True,,,,/home/neuro-source/main_source/datasets/sprap_2024_03/id_spr01830/id_spr01830_master_image.nii.gz,Normal,,,,,,,,D:/Backup/Mestrado/dados/JPR/dataset_jpr_train/dataset_jpr_train/2/001830
628,"1,28E+73",jpr_dados,M,21.0,GE MEDICAL SYSTEMS,148.0,1.25,0.501953,1.25,1.0,-1024.0,True,,,,/home/neuro-source/main_source/datasets/sprap_2024_03/id_spr00628/id_spr00628_master_image.nii.gz,Normal,,,,,,,,D:/Backup/Mestrado/dados/JPR/dataset_jpr_train/dataset_jpr_train/3/000628
2464,"1,28E+73",jpr_dados,M,44.0,GE MEDICAL SYSTEMS,626.0,1.25,0.488281011581,0.019,1.0,-1024.0,True,,,,/home/neuro-source/main_source/datasets/sprap_2024_03/id_spr02464/id_spr02464_master_image.nii.gz,Normal,,,,,,,,D:/Backup/Mestrado/dados/JPR/dataset_jpr_train/dataset_jpr_train/1/002464
1430,"1,28E+73",jpr_dados,F,40.0,GE MEDICAL SYSTEMS,134.0,1.25,0.402344,1.25,1.0,-1024.0,True,,,,/home/neuro-source/main_source/datasets/sprap_2024_03/id_spr01430/id_spr01430_master_image.nii.gz,Normal,,,,,,,,D:/Backup/Mestrado/dados/JPR/dataset_jpr_train/dataset_jpr_train/2/001430
2043,"1,28E+73",jpr_dados,F,50.0,GE MEDICAL SYSTEMS,221.0,0.625,0.365234,0.625,1.0,-1024.0,True,,,,/home/neuro-source/main_source/datasets/sprap_2024_03/id_spr02043/id_spr02043_master_image.nii.gz,Normal,,,,,,,,D:/Backup/Mestrado/dados/JPR/dataset_jpr_train/dataset_jpr_train/2/002043
367,"1,28E+73",jpr_dados,M,22.0,TOSHIBA,176.0,1.0,0.5,1.0,1.0,0.0,True,,,,/home/neuro-source/main_source/datasets/sprap_2024_03/id_spr00367/id_spr00367_master_image.nii.gz,Normal,,,,,,,,
835,"1,28E+72",jpr_dados,F,31.0,Canon Medical Systems,161.0,2.0,0.473,1.0,1.0,0.0,True,,,,/home/neuro-source/main_source/datasets/sprap_2024_03/id_spr00835/id_spr00835_master_image.nii.gz,Normal,,,,,,,,D:/Backup/Mestrado/dados/JPR/dataset_jpr_train/dataset_jpr_train/3/000835
2235,"1,28E+73",jpr_dados,F,28.0,GE MEDICAL SYSTEMS,138.0,1.25,0.46875,1.25,1.0,-1024.0,True,,,,/home/neuro-source/main_source/datasets/sprap_2024_03/id_spr02235/id_spr02235_master_image.nii.gz,Normal,,,,,,,,D:/Backup/Mestrado/dados/JPR/dataset_jpr_train/dataset_jpr_train/2/002235
1823,"1,28E+73",jpr_dados,F,57.0,TOSHIBA,207.0,1.0,0.413,0.8,1.0,0.0,True,,,,/home/neuro-source/main_source/datasets/sprap_2024_03/id_spr01823/id_spr01823_master_image.nii.gz,Normal,,,,,,,,D:/Backup/Mestrado/dados/JPR/dataset_jpr_train/dataset_jpr_train/2/001823
1626,"1,28E+73",jpr_dados,F,36.0,TOSHIBA,207.0,1.0,0.388,0.8,1.0,0.0,True,,,,/home/neuro-source/main_source/datasets/sprap_2024_03/id_spr01626/id_spr01626_master_image.nii.gz,Normal,,,,,,,,D:/Backup/Mestrado/dados/JPR/dataset_jpr_train/dataset_jpr_train/2/001626
2432,"1,28E+72",jpr_dados,M,56.0,TOSHIBA,226.0,1.0,0.430000007153,0.8,1.0,0.0,True,,,,/home/neuro-source/main_source/datasets/sprap_2024_03/id_spr02432/id_spr02432_master_image.nii.gz,Normal,,,,,,,,D:/Backup/Mestrado/dados/JPR/dataset_jpr_train/dataset_jpr_train/1/002432
2612,"1,28E+73",jpr_dados,M,21.0,GE MEDICAL SYSTEMS,141.0,2.5,0.554687976837,1.25,1.0,-1024.0,True,,,,/home/neuro-source/main_source/datasets/sprap_2024_03/id_spr02612/id_spr02612_master_image.nii.gz,Normal,,,,,,,,D:/Backup/Mestrado/dados/JPR/dataset_jpr_train/dataset_jpr_train/1/002612
893,"1,28E+73",jpr_dados,F,34.0,GE MEDICAL SYSTEMS,145.0,1.25,0.488281,1.25,1.0,-1024.0,True,,,,/home/neuro-source/main_source/datasets/sprap_2024_03/id_spr00893/id_spr00893_master_image.nii.gz,Normal,,,,,,,,D:/Backup/Mestrado/dados/JPR/dataset_jpr_train/dataset_jpr_train/3/000893
1408,"1,28E+73",jpr_dados,M,54.0,GE MEDICAL SYSTEMS,133.0,1.25,0.429688,1.25,1.0,-1024.0,True,,,,/home/neuro-source/main_source/datasets/sprap_2024_03/id_spr01408/id_spr01408_master_image.nii.gz,Normal,,,,,,,,D:/Backup/Mestrado/dados/JPR/dataset_jpr_train/dataset_jpr_train/2/001408
1421,"1,28E+73",jpr_dados,F,51.0,SIEMENS,182.0,1.0,0.45703125,10.000.000.000.000.000,1.0,-1024.0,True,,,,/home/neuro-source/main_source/datasets/sprap_2024_03/id_spr01421/id_spr01421_master_image.nii.gz,Normal,,,,,,,,D:/Backup/Mestrado/dados/JPR/dataset_jpr_train/dataset_jpr_train/2/001421
2195,"1,28E+73",jpr_dados,F,31.0,SIEMENS,252.0,1.0,0.46875,0.7000000000000002,1.0,-1024.0,True,,,,/home/neuro-source/main_source/datasets/sprap_2024_03/id_spr02195/id_spr02195_master_image.nii.gz,Normal,,,,,,,,D:/Backup/Mestrado/dados/JPR/dataset_jpr_train/dataset_jpr_train/2/002195
2008,"1,28E+73",jpr_dados,M,56.0,TOSHIBA,251.0,1.0,0.553,0.8,1.0,0.0,True,,,,/home/neuro-source/main_source/datasets/sprap_2024_03/id_spr02008/id_spr02008_master_image.nii.gz,Normal,,,,,,,,D:/Backup/Mestrado/dados/JPR/dataset_jpr_train/dataset_jpr_train/2/002008
2423,"1,28E+73",jpr_dados,M,39.0,GE MEDICAL SYSTEMS,269.0,1.25,0.41210898757,0.625,1.0,-1024.0,True,,,,/home/neuro-source/main_source/datasets/sprap_2024_03/id_spr02423/id_spr02423_master_image.nii.gz,Normal,,,,,,,,D:/Backup/Mestrado/dados/JPR/dataset_jpr_train/dataset_jpr_train/1/002423
619,"1,28E+73",jpr_dados,M,38.0,GE MEDICAL SYSTEMS,137.0,1.25,0.488281,1.25,1.0,-1024.0,True,,,,/home/neuro-source/main_source/datasets/sprap_2024_03/id_spr00619/id_spr00619_master_image.nii.gz,Normal,,,,,,,,D:/Backup/Mestrado/dados/JPR/dataset_jpr_train/dataset_jpr_train/3/000619
1531,"1,28E+73",jpr_dados,F,26.0,GE MEDICAL SYSTEMS,160.0,1.25,0.398438,1.0,1.0,-1024.0,True,,,,/home/neuro-source/main_source/datasets/sprap_2024_03/id_spr01531/id_spr01531_master_image.nii.gz,Normal,,,,,,,,D:/Backup/Mestrado/dados/JPR/dataset_jpr_train/dataset_jpr_train/2/001531
2643,"1,28E+73",jpr_dados,F,56.0,GE MEDICAL SYSTEMS,140.0,5.0,0.44335898757,0.1258992805755395,1.0,-1024.0,True,,,,/home/neuro-source/main_source/datasets/sprap_2024_03/id_spr02643/id_spr02643_master_image.nii.gz,Normal,,,,,,,,D:/Backup/Mestrado/dados/JPR/dataset_jpr_train/dataset_jpr_train/1/002643
2382,"1,28E+73",jpr_dados,F,53.0,GE MEDICAL SYSTEMS,305.0,1.25,0.460938006639,0.625,1.0,-1024.0,True,,,,/home/neuro-source/main_source/datasets/sprap_2024_03/id_spr02382/id_spr02382_master_image.nii.gz,Normal,,,,,,,,D:/Backup/Mestrado/dados/JPR/dataset_jpr_train/dataset_jpr_train/1/002382
1950,"1,28E+73",jpr_dados,F,59.0,Canon Medical Systems,188.0,1.0,0.377,0.8000000000000002,1.0,0.0,True,,,,/home/neuro-source/main_source/datasets/sprap_2024_03/id_spr01950/id_spr01950_master_image.nii.gz,Normal,,,,,,,,D:/Backup/Mestrado/dados/JPR/dataset_jpr_train/dataset_jpr_train/2/001950
1779,"1,28E+72",jpr_dados,M,23.0,GE MEDICAL SYSTEMS,192.0,1.25,0.488281,1.0,1.0,-1024.0,True,,,,/home/neuro-source/main_source/datasets/sprap_2024_03/id_spr01779/id_spr01779_master_image.nii.gz,Normal,,,,,,,,D:/Backup/Mestrado/dados/JPR/dataset_jpr_train/dataset_jpr_train/2/001779
517,"1,28E+73",jpr_dados,F,26.0,GE MEDICAL SYSTEMS,165.0,1.25,0.488281,1.25,1.0,-1024.0,True,,,,/home/neuro-source/main_source/datasets/sprap_2024_03/id_spr00517/id_spr00517_master_image.nii.gz,Normal,,,,,,,,D:/Backup/Mestrado/dados/JPR/dataset_jpr_train/dataset_jpr_train/3/000517
385,"1,28E+73",jpr_dados,M,28.0,GE MEDICAL SYSTEMS,141.0,1.25,0.488281,1.25,1.0,-1024.0,True,,,,/home/neuro-source/main_source/datasets/sprap_2024_03/id_spr00385/id_spr00385_master_image.nii.gz,Normal,,,,,,,,D:/Backup/Mestrado/dados/JPR/dataset_jpr_train/dataset_jpr_train/3/000385
2160,"1,28E+73",jpr_dados,F,44.0,GE MEDICAL SYSTEMS,145.0,1.25,0.419922,1.25,1.0,-1024.0,True,,,,/home/neuro-source/main_source/datasets/sprap_2024_03/id_spr02160/id_spr02160_master_image.nii.gz,Normal,,,,,,,,D:/Backup/Mestrado/dados/JPR/dataset_jpr_train/dataset_jpr_train/2/002160
770,"1,28E+73",jpr_dados,F,36.0,Canon Medical Systems,166.0,2.0,0.429,1.0,1.0,0.0,True,,,,/home/neuro-source/main_source/datasets/sprap_2024_03/id_spr00770/id_spr00770_master_image.nii.gz,Normal,,,,,,,,D:/Backup/Mestrado/dados/JPR/dataset_jpr_train/dataset_jpr_train/3/000770
2142,"1,28E+73",jpr_dados,F,37.0,SIEMENS,216.0,0.75,0.388671875,0.7,1.0,-1024.0,True,,,,/home/neuro-source/main_source/datasets/sprap_2024_03/id_spr02142/id_spr02142_master_image.nii.gz,Normal,,,,,,,,D:/Backup/Mestrado/dados/JPR/dataset_jpr_train/dataset_jpr_train/2/002142
2596,"1,28E+73",jpr_dados,F,64.0,GE MEDICAL SYSTEMS,278.0,2.5,0.439453005791,0.1444043321299639,1.0,-1024.0,True,,,,/home/neuro-source/main_source/datasets/sprap_2024_03/id_spr02596/id_spr02596_master_image.nii.gz,Normal,,,,,,,,D:/Backup/Mestrado/dados/JPR/dataset_jpr_train/dataset_jpr_train/1/002596
2030,"1,28E+73",jpr_dados,M,23.0,GE MEDICAL SYSTEMS,127.0,1.25,0.488281,1.25,1.0,-1024.0,True,,,,/home/neuro-source/main_source/datasets/sprap_2024_03/id_spr02030/id_spr02030_master_image.nii.gz,Normal,,,,,,,,D:/Backup/Mestrado/dados/JPR/dataset_jpr_train/dataset_jpr_train/2/002030
596,"1,28E+73",jpr_dados,M,33.0,Canon Medical Systems,226.0,2.0,0.581,1.0,1.0,0.0,True,,,,/home/neuro-source/main_source/datasets/sprap_2024_03/id_spr00596/id_spr00596_master_image.nii.gz,Normal,,,,,,,,D:/Backup/Mestrado/dados/JPR/dataset_jpr_train/dataset_jpr_train/3/000596
1923,"1,28E+73",jpr_dados,M,32.0,Philips,279.0,1.5,0.488281,0.75,1.0,-1024.0,True,,,,/home/neuro-source/main_source/datasets/sprap_2024_03/id_spr01923/id_spr01923_master_image.nii.gz,Normal,,,,,,,,D:/Backup/Mestrado/dados/JPR/dataset_jpr_train/dataset_jpr_train/2/001923
870,"1,28E+73",jpr_dados,F,31.0,GE MEDICAL SYSTEMS,157.0,1.25,0.605469,1.25,1.0,-1024.0,True,,,,/home/neuro-source/main_source/datasets/sprap_2024_03/id_spr00870/id_spr00870_master_image.nii.gz,Normal,,,,,,,,D:/Backup/Mestrado/dados/JPR/dataset_jpr_train/dataset_jpr_train/3/000870
822,"1,28E+73",jpr_dados,F,41.0,Canon Medical Systems,206.0,2.0,0.5,1.0,1.0,0.0,True,,,,/home/neuro-source/main_source/datasets/sprap_2024_03/id_spr00822/id_spr00822_master_image.nii.gz,Normal,,,,,,,,D:/Backup/Mestrado/dados/JPR/dataset_jpr_train/dataset_jpr_train/3/000822
712,"1,28E+73",jpr_dados,M,37.0,Canon Medical Systems,211.0,1.0,0.598,1.0,1.0,0.0,True,,,,/home/neuro-source/main_source/datasets/sprap_2024_03/id_spr00712/id_spr00712_master_image.nii.gz,Normal,,,,,,,,D:/Backup/Mestrado/dados/JPR/dataset_jpr_train/dataset_jpr_train/3/000712
1831,"1,28E+73",jpr_dados,M,26.0,GE MEDICAL SYSTEMS,171.0,1.25,0.488281,1.0,1.0,-1024.0,True,,,,/home/neuro-source/main_source/datasets/sprap_2024_03/id_spr01831/id_spr01831_master_image.nii.gz,Normal,,,,,,,,D:/Backup/Mestrado/dados/JPR/dataset_jpr_train/dataset_jpr_train/2/001831
998,"1,28E+72",jpr_dados,F,50.0,GE MEDICAL SYSTEMS,142.0,1.25,0.464844,1.25,1.0,-1024.0,True,,,,/home/neuro-source/main_source/datasets/sprap_2024_03/id_spr00998/id_spr00998_master_image.nii.gz,Normal,,,,,,,,D:/Backup/Mestrado/dados/JPR/dataset_jpr_train/dataset_jpr_train/3/000998
2478,"1,28E+73",jpr_dados,M,54.0,GE MEDICAL SYSTEMS,153.0,2.5,0.488281011581,1.25,1.0,-1024.0,True,,,,/home/neuro-source/main_source/datasets/sprap_2024_03/id_spr02478/id_spr02478_master_image.nii.gz,Normal,,,,,,,,D:/Backup/Mestrado/dados/JPR/dataset_jpr_train/dataset_jpr_train/1/002478
1815,"1,28E+73",jpr_dados,M,43.0,GE MEDICAL SYSTEMS,495.0,0.625,0.560547,0.625,1.0,-1024.0,True,,,,/home/neuro-source/main_source/datasets/sprap_2024_03/id_spr01815/id_spr01815_master_image.nii.gz,Normal,,,,,,,,D:/Backup/Mestrado/dados/JPR/dataset_jpr_train/dataset_jpr_train/2/001815
1123,"1,28E+73",jpr_dados,M,39.0,GE MEDICAL SYSTEMS,153.0,1.25,0.537109,1.25,1.0,-1024.0,True,,,,/home/neuro-source/main_source/datasets/sprap_2024_03/id_spr01123/id_spr01123_master_image.nii.gz,Normal,,,,,,,,D:/Backup/Mestrado/dados/JPR/dataset_jpr_train/dataset_jpr_train/3/001123
1931,"1,28E+73",jpr_dados,M,21.0,TOSHIBA,201.0,2.0,0.449,1.0,1.0,0.0,True,,,,/home/neuro-source/main_source/datasets/sprap_2024_03/id_spr01931/id_spr01931_master_image.nii.gz,Normal,,,,,,,,D:/Backup/Mestrado/dados/JPR/dataset_jpr_train/dataset_jpr_train/2/001931
2258,"1,28E+73",jpr_dados,F,46.0,Philips,176.0,2.0,0.408203125,1.0,1.0,-1024.0,True,,,,/home/neuro-source/main_source/datasets/sprap_2024_03/id_spr02258/id_spr02258_master_image.nii.gz,Normal,,,,,,,,D:/Backup/Mestrado/dados/JPR/dataset_jpr_train/dataset_jpr_train/2/002258
931,"1,28E+71",jpr_dados,M,45.0,GE MEDICAL SYSTEMS,161.0,1.25,0.625,1.25,1.0,-1024.0,True,,,,/home/neuro-source/main_source/datasets/sprap_2024_03/id_spr00931/id_spr00931_master_image.nii.gz,Normal,,,,,,,,D:/Backup/Mestrado/dados/JPR/dataset_jpr_train/dataset_jpr_train/3/000931
1908,"1,28E+73",jpr_dados,M,63.0,TOSHIBA,244.0,1.0,0.461,0.8,1.0,0.0,True,,,,/home/neuro-source/main_source/datasets/sprap_2024_03/id_spr01908/id_spr01908_master_image.nii.gz,Normal,,,,,,,,D:/Backup/Mestrado/dados/JPR/dataset_jpr_train/dataset_jpr_train/2/001908
1612,"1,28E+73",jpr_dados,F,19.0,TOSHIBA,181.0,2.0,0.417,1.0,1.0,0.0,True,,,,/home/neuro-source/main_source/datasets/sprap_2024_03/id_spr01612/id_spr01612_master_image.nii.gz,Normal,,,,,,,,D:/Backup/Mestrado/dados/JPR/dataset_jpr_train/dataset_jpr_train/2/001612
525,"1,28E+73",jpr_dados,F,51.0,GE MEDICAL SYSTEMS,145.0,1.25,0.488281,1.25,1.0,-1024.0,True,,,,/home/neuro-source/main_source/datasets/sprap_2024_03/id_spr00525/id_spr00525_master_image.nii.gz,Normal,,,,,,,,D:/Backup/Mestrado/dados/JPR/dataset_jpr_train/dataset_jpr_train/3/000525
1486,"1,28E+73",jpr_dados,M,49.0,GE MEDICAL SYSTEMS,181.0,1.25,0.474609,1.0,1.0,-1024.0,True,,,,/home/neuro-source/main_source/datasets/sprap_2024_03/id_spr01486/id_spr01486_master_image.nii.gz,Normal,,,,,,,,D:/Backup/Mestrado/dados/JPR/dataset_jpr_train/dataset_jpr_train/2/001486
2429,"1,28E+73",jpr_dados,M,54.0,GE MEDICAL SYSTEMS,293.0,1.25,0.488281011581,0.625,1.0,-1024.0,True,,,,/home/neuro-source/main_source/datasets/sprap_2024_03/id_spr02429/id_spr02429_master_image.nii.gz,Normal,,,,,,,,D:/Backup/Mestrado/dados/JPR/dataset_jpr_train/dataset_jpr_train/1/002429
2100,"1,28E+73",jpr_dados,F,38.0,GE MEDICAL SYSTEMS,143.0,1.25,0.445312,1.25,1.0,-1024.0,True,,,,/home/neuro-source/main_source/datasets/sprap_2024_03/id_spr02100/id_spr02100_master_image.nii.gz,Normal,,,,,,,,D:/Backup/Mestrado/dados/JPR/dataset_jpr_train/dataset_jpr_train/2/002100
2334,"1,28E+73",jpr_dados,F,33.0,TOSHIBA,213.0,1.0,0.449,0.8000000000000002,1.0,0.0,True,,,,/home/neuro-source/main_source/datasets/sprap_2024_03/id_spr02334/id_spr02334_master_image.nii.gz,Normal,,,,,,,,D:/Backup/Mestrado/dados/JPR/dataset_jpr_train/dataset_jpr_train/2/002334
1287,"1,28E+73",jpr_dados,F,43.0,GE MEDICAL SYSTEMS,127.0,1.25,0.449219,1.25,1.0,-1024.0,True,,,,/home/neuro-source/main_source/datasets/sprap_2024_03/id_spr01287/id_spr01287_master_image.nii.gz,Normal,,,,,,,,D:/Backup/Mestrado/dados/JPR/dataset_jpr_train/dataset_jpr_train/3/001287
2564,"1,28E+73",jpr_dados,F,73.0,GE MEDICAL SYSTEMS,143.0,2.5,0.488281011581,1.25,1.0,-1024.0,True,,,,/home/neuro-source/main_source/datasets/sprap_2024_03/id_spr02564/id_spr02564_master_image.nii.gz,Normal,,,,,,,,D:/Backup/Mestrado/dados/JPR/dataset_jpr_train/dataset_jpr_train/1/002564
2500,"1,28E+72",jpr_dados,F,44.0,GE MEDICAL SYSTEMS,285.0,1.25,0.441406011581,0.625,1.0,-1024.0,True,,,,/home/neuro-source/main_source/datasets/sprap_2024_03/id_spr02500/id_spr02500_master_image.nii.gz,Normal,,,,,,,,D:/Backup/Mestrado/dados/JPR/dataset_jpr_train/dataset_jpr_train/1/002500
2014,"1,28E+73",jpr_dados,M,48.0,GE MEDICAL SYSTEMS,145.0,1.25,0.488281,1.25,1.0,-1024.0,True,,,,/home/neuro-source/main_source/datasets/sprap_2024_03/id_spr02014/id_spr02014_master_image.nii.gz,Normal,,,,,,,,D:/Backup/Mestrado/dados/JPR/dataset_jpr_train/dataset_jpr_train/2/002014
689,"1,28E+73",jpr_dados,M,35.0,TOSHIBA,176.0,1.0,0.507,1.0,1.0,0.0,True,,,,/home/neuro-source/main_source/datasets/sprap_2024_03/id_spr00689/id_spr00689_master_image.nii.gz,Normal,,,,,,,,D:/Backup/Mestrado/dados/JPR/dataset_jpr_train/dataset_jpr_train/3/000689
2642,"1,28E+73",jpr_dados,F,46.0,GE MEDICAL SYSTEMS,278.0,2.5,0.392578005791,0.0270758122743682,1.0,-1024.0,True,,,,/home/neuro-source/main_source/datasets/sprap_2024_03/id_spr02642/id_spr02642_master_image.nii.gz,Normal,,,,,,,,D:/Backup/Mestrado/dados/JPR/dataset_jpr_train/dataset_jpr_train/1/002642
1111,"1,28E+73",jpr_dados,F,39.0,GE MEDICAL SYSTEMS,137.0,1.25,0.488281,1.25,1.0,-1024.0,True,,,,/home/neuro-source/main_source/datasets/sprap_2024_03/id_spr01111/id_spr01111_master_image.nii.gz,Normal,,,,,,,,D:/Backup/Mestrado/dados/JPR/dataset_jpr_train/dataset_jpr_train/3/001111
1844,"1,28E+73",jpr_dados,F,58.0,GE MEDICAL SYSTEMS,192.0,1.25,0.423828,0.9,1.0,-1024.0,True,,,,/home/neuro-source/main_source/datasets/sprap_2024_03/id_spr01844/id_spr01844_master_image.nii.gz,Normal,,,,,,,,D:/Backup/Mestrado/dados/JPR/dataset_jpr_train/dataset_jpr_train/2/001844
2279,"1,28E+73",jpr_dados,F,20.0,TOSHIBA,166.0,2.0,0.415,1.0,1.0,0.0,True,,,,/home/neuro-source/main_source/datasets/sprap_2024_03/id_spr02279/id_spr02279_master_image.nii.gz,Normal,,,,,,,,D:/Backup/Mestrado/dados/JPR/dataset_jpr_train/dataset_jpr_train/2/002279
2484,"1,28E+73",jpr_dados,F,44.0,GE MEDICAL SYSTEMS,131.0,2.5,0.488281011581,1.25,1.0,-1024.0,True,,,,/home/neuro-source/main_source/datasets/sprap_2024_03/id_spr02484/id_spr02484_master_image.nii.gz,Normal,,,,,,,,D:/Backup/Mestrado/dados/JPR/dataset_jpr_train/dataset_jpr_train/1/002484
1280,"1,28E+73",jpr_dados,M,52.0,GE MEDICAL SYSTEMS,149.0,1.25,0.572266,1.25,1.0,-1024.0,True,,,,/home/neuro-source/main_source/datasets/sprap_2024_03/id_spr01280/id_spr01280_master_image.nii.gz,Normal,,,,,,,,D:/Backup/Mestrado/dados/JPR/dataset_jpr_train/dataset_jpr_train/3/001280
1414,"1,28E+73",jpr_dados,F,45.0,TOSHIBA,226.0,1.0,0.404,0.8,1.0,0.0,True,,,,/home/neuro-source/main_source/datasets/sprap_2024_03/id_spr01414/id_spr01414_master_image.nii.gz,Normal,,,,,,,,D:/Backup/Mestrado/dados/JPR/dataset_jpr_train/dataset_jpr_train/2/001414
1688,"1,28E+73",jpr_dados,M,24.0,TOSHIBA,226.0,1.0,0.466,0.8,1.0,0.0,True,,,,/home/neuro-source/main_source/datasets/sprap_2024_03/id_spr01688/id_spr01688_master_image.nii.gz,Normal,,,,,,,,D:/Backup/Mestrado/dados/JPR/dataset_jpr_train/dataset_jpr_train/2/001688
547,"1,28E+73",jpr_dados,F,56.0,GE MEDICAL SYSTEMS,141.0,1.25,0.488281,1.25,1.0,-1024.0,True,,,,/home/neuro-source/main_source/datasets/sprap_2024_03/id_spr00547/id_spr00547_master_image.nii.gz,Normal,,,,,,,,D:/Backup/Mestrado/dados/JPR/dataset_jpr_train/dataset_jpr_train/3/000547
2365,"1,28E+73",jpr_dados,F,59.0,GE MEDICAL SYSTEMS,159.0,2.5,0.488281011581,1.25,1.0,-1024.0,True,,,,/home/neuro-source/main_source/datasets/sprap_2024_03/id_spr02365/id_spr02365_master_image.nii.gz,Normal,,,,,,,,D:/Backup/Mestrado/dados/JPR/dataset_jpr_train/dataset_jpr_train/1/002365
1870,"1,28E+73",jpr_dados,F,33.0,TOSHIBA,232.0,1.0,0.429,0.8,1.0,0.0,True,,,,/home/neuro-source/main_source/datasets/sprap_2024_03/id_spr01870/id_spr01870_master_image.nii.gz,Normal,,,,,,,,D:/Backup/Mestrado/dados/JPR/dataset_jpr_train/dataset_jpr_train/2/001870
2539,"1,28E+73",jpr_dados,M,60.0,GE MEDICAL SYSTEMS,281.0,1.25,0.488281011581,0.625,1.0,-1024.0,True,,,,/home/neuro-source/main_source/datasets/sprap_2024_03/id_spr02539/id_spr02539_master_image.nii.gz,Normal,,,,,,,,D:/Backup/Mestrado/dados/JPR/dataset_jpr_train/dataset_jpr_train/1/002539
1248,"1,28E+73",jpr_dados,M,59.0,Philips,184.0,2.0,0.48828125,10.000.000.021.857.900,1.0,-1024.0,True,,,,/home/neuro-source/main_source/datasets/sprap_2024_03/id_spr01248/id_spr01248_master_image.nii.gz,Normal,,,,,,,,D:/Backup/Mestrado/dados/JPR/dataset_jpr_train/dataset_jpr_train/3/001248
979,"1,28E+73",jpr_dados,F,40.0,GE MEDICAL SYSTEMS,133.0,1.25,0.488281,1.25,1.0,-1024.0,True,,,,/home/neuro-source/main_source/datasets/sprap_2024_03/id_spr00979/id_spr00979_master_image.nii.gz,Normal,,,,,,,,D:/Backup/Mestrado/dados/JPR/dataset_jpr_train/dataset_jpr_train/3/000979
1278,"1,28E+73",jpr_dados,F,52.0,Philips,168.0,2.0,0.447265625,12.455.089.820.359.200,1.0,-1024.0,True,,,,/home/neuro-source/main_source/datasets/sprap_2024_03/id_spr01278/id_spr01278_master_image.nii.gz,Normal,,,,,,,,D:/Backup/Mestrado/dados/JPR/dataset_jpr_train/dataset_jpr_train/3/001278
650,"1,28E+73",jpr_dados,M,29.0,GE MEDICAL SYSTEMS,145.0,1.25,0.488281,1.25,1.0,-1024.0,True,,,,/home/neuro-source/main_source/datasets/sprap_2024_03/id_spr00650/id_spr00650_master_image.nii.gz,Normal,,,,,,,,D:/Backup/Mestrado/dados/JPR/dataset_jpr_train/dataset_jpr_train/3/000650
1512,"1,28E+73",jpr_dados,F,47.0,GE MEDICAL SYSTEMS,180.0,1.25,0.460938,1.0,1.0,-1024.0,True,,,,/home/neuro-source/main_source/datasets/sprap_2024_03/id_spr01512/id_spr01512_master_image.nii.gz,Normal,,,,,,,,D:/Backup/Mestrado/dados/JPR/dataset_jpr_train/dataset_jpr_train/2/001512
1599,"1,28E+73",jpr_dados,F,47.0,TOSHIBA,171.0,2.0,0.503,1.0,1.0,0.0,True,,,,/home/neuro-source/main_source/datasets/sprap_2024_03/id_spr01599/id_spr01599_master_image.nii.gz,Normal,,,,,,,,D:/Backup/Mestrado/dados/JPR/dataset_jpr_train/dataset_jpr_train/2/001599
906,"1,28E+73",jpr_dados,F,41.0,GE MEDICAL SYSTEMS,133.0,1.25,0.488281,1.25,1.0,-1024.0,True,,,,/home/neuro-source/main_source/datasets/sprap_2024_03/id_spr00906/id_spr00906_master_image.nii.gz,Normal,,,,,,,,D:/Backup/Mestrado/dados/JPR/dataset_jpr_train/dataset_jpr_train/3/000906
2289,"1,28E+73",jpr_dados,F,40.0,TOSHIBA,186.0,2.0,0.485,1.0,1.0,0.0,True,,,,/home/neuro-source/main_source/datasets/sprap_2024_03/id_spr02289/id_spr02289_master_image.nii.gz,Normal,,,,,,,,D:/Backup/Mestrado/dados/JPR/dataset_jpr_train/dataset_jpr_train/2/002289
1160,"1,28E+73",jpr_dados,M,25.0,Philips,170.0,2.0,0.48828125,1.0,1.0,-1024.0,True,,,,/home/neuro-source/main_source/datasets/sprap_2024_03/id_spr01160/id_spr01160_master_image.nii.gz,Normal,,,,,,,,D:/Backup/Mestrado/dados/JPR/dataset_jpr_train/dataset_jpr_train/3/001160
1976,"1,28E+73",jpr_dados,F,21.0,GE MEDICAL SYSTEMS,154.0,1.25,0.433594,1.25,1.0,-1024.0,True,,,,/home/neuro-source/main_source/datasets/sprap_2024_03/id_spr01976/id_spr01976_master_image.nii.gz,Normal,,,,,,,,D:/Backup/Mestrado/dados/JPR/dataset_jpr_train/dataset_jpr_train/2/001976
411,"1,28E+73",jpr_dados,F,42.0,GE MEDICAL SYSTEMS,145.0,1.25,0.488281,1.25,1.0,-1024.0,True,,,,/home/neuro-source/main_source/datasets/sprap_2024_03/id_spr00411/id_spr00411_master_image.nii.gz,Normal,,,,,,,,D:/Backup/Mestrado/dados/JPR/dataset_jpr_train/dataset_jpr_train/3/000411
2133,"1,28E+73",jpr_dados,F,20.0,Philips,181.0,2.0,0.408203125,1.0,1.0,-1024.0,True,,,,/home/neuro-source/main_source/datasets/sprap_2024_03/id_spr02133/id_spr02133_master_image.nii.gz,Normal,,,,,,,,D:/Backup/Mestrado/dados/JPR/dataset_jpr_train/dataset_jpr_train/2/002133
1772,"1,28E+73",jpr_dados,M,40.0,GE MEDICAL SYSTEMS,137.0,1.25,0.488281,1.25,1.0,-1024.0,True,,,,/home/neuro-source/main_source/datasets/sprap_2024_03/id_spr01772/id_spr01772_master_image.nii.gz,Normal,,,,,,,,D:/Backup/Mestrado/dados/JPR/dataset_jpr_train/dataset_jpr_train/2/001772
2299,"1,28E+73",jpr_dados,F,31.0,TOSHIBA,171.0,2.0,0.439,1.0,1.0,0.0,True,,,,/home/neuro-source/main_source/datasets/sprap_2024_03/id_spr02299/id_spr02299_master_image.nii.gz,Normal,,,,,,,,D:/Backup/Mestrado/dados/JPR/dataset_jpr_train/dataset_jpr_train/2/002299
1432,"1,28E+73",jpr_dados,F,37.0,GE MEDICAL SYSTEMS,130.0,1.25,0.439453,1.25,1.0,-1024.0,True,,,,/home/neuro-source/main_source/datasets/sprap_2024_03/id_spr01432/id_spr01432_master_image.nii.gz,Normal,,,,,,,,D:/Backup/Mestrado/dados/JPR/dataset_jpr_train/dataset_jpr_train/2/001432
2210,"1,28E+73",jpr_dados,F,39.0,GE MEDICAL SYSTEMS,138.0,1.25,0.488281,1.25,1.0,-1024.0,True,,,,/home/neuro-source/main_source/datasets/sprap_2024_03/id_spr02210/id_spr02210_master_image.nii.gz,Normal,,,,,,,,D:/Backup/Mestrado/dados/JPR/dataset_jpr_train/dataset_jpr_train/2/002210
2416,"1,28E+73",jpr_dados,F,81.0,GE MEDICAL SYSTEMS,141.0,2.5,0.488281011581,1.25,1.0,-1024.0,True,,,,/home/neuro-source/main_source/datasets/sprap_2024_03/id_spr02416/id_spr02416_master_image.nii.gz,Normal,,,,,,,,D:/Backup/Mestrado/dados/JPR/dataset_jpr_train/dataset_jpr_train/1/002416
894,"1,28E+73",jpr_dados,F,56.0,GE MEDICAL SYSTEMS,141.0,1.25,0.488281,1.25,1.0,-1024.0,True,,,,/home/neuro-source/main_source/datasets/sprap_2024_03/id_spr00894/id_spr00894_master_image.nii.gz,Normal,,,,,,,,D:/Backup/Mestrado/dados/JPR/dataset_jpr_train/dataset_jpr_train/3/000894
1992,"1,28E+73",jpr_dados,F,65.0,GE MEDICAL SYSTEMS,191.0,1.25,0.486328,1.0,1.0,-1024.0,True,,,,/home/neuro-source/main_source/datasets/sprap_2024_03/id_spr01992/id_spr01992_master_image.nii.gz,Normal,,,,,,,,D:/Backup/Mestrado/dados/JPR/dataset_jpr_train/dataset_jpr_train/2/001992
1329,"1,28E+73",jpr_dados,F,37.0,Philips,231.0,1.5,0.439453,0.75,1.0,-1024.0,True,,,,/home/neuro-source/main_source/datasets/sprap_2024_03/id_spr01329/id_spr01329_master_image.nii.gz,Normal,,,,,,,,D:/Backup/Mestrado/dados/JPR/dataset_jpr_train/dataset_jpr_train/2/001329
1864,"1,28E+73",jpr_dados,M,40.0,GE MEDICAL SYSTEMS,153.0,1.25,0.458984,1.25,1.0,-1024.0,True,,,,/home/neuro-source/main_source/datasets/sprap_2024_03/id_spr01864/id_spr01864_master_image.nii.gz,Normal,,,,,,,,D:/Backup/Mestrado/dados/JPR/dataset_jpr_train/dataset_jpr_train/2/001864
1707,"1,28E+73",jpr_dados,F,27.0,TOSHIBA,191.0,2.0,0.446,1.0,1.0,0.0,True,,,,/home/neuro-source/main_source/datasets/sprap_2024_03/id_spr01707/id_spr01707_master_image.nii.gz,Normal,,,,,,,,D:/Backup/Mestrado/dados/JPR/dataset_jpr_train/dataset_jpr_train/2/001707
1110,"1,28E+73",jpr_dados,F,18.0,GE MEDICAL SYSTEMS,141.0,1.25,0.46875,1.25,1.0,-1024.0,True,,,,/home/neuro-source/main_source/datasets/sprap_2024_03/id_spr01110/id_spr01110_master_image.nii.gz,Normal,,,,,,,,D:/Backup/Mestrado/dados/JPR/dataset_jpr_train/dataset_jpr_train/3/001110
1158,"1,28E+73",jpr_dados,M,28.0,Canon Medical Systems,176.0,2.0,0.429,1.0,1.0,0.0,True,,,,/home/neuro-source/main_source/datasets/sprap_2024_03/id_spr01158/id_spr01158_master_image.nii.gz,Normal,,,,,,,,D:/Backup/Mestrado/dados/JPR/dataset_jpr_train/dataset_jpr_train/3/001158
2499,"1,28E+73",jpr_dados,F,48.0,GE MEDICAL SYSTEMS,309.0,1.25,0.44335898757,0.625,1.0,-1024.0,True,,,,/home/neuro-source/main_source/datasets/sprap_2024_03/id_spr02499/id_spr02499_master_image.nii.gz,Normal,,,,,,,,D:/Backup/Mestrado/dados/JPR/dataset_jpr_train/dataset_jpr_train/1/002499
1893,"1,28E+73",jpr_dados,F,34.0,GE MEDICAL SYSTEMS,143.0,1.25,0.447266,1.25,1.0,-1024.0,True,,,,/home/neuro-source/main_source/datasets/sprap_2024_03/id_spr01893/id_spr01893_master_image.nii.gz,Normal,,,,,,,,D:/Backup/Mestrado/dados/JPR/dataset_jpr_train/dataset_jpr_train/2/001893
730,"1,28E+73",jpr_dados,F,35.0,GE MEDICAL SYSTEMS,141.0,1.25,0.488281,1.25,1.0,-1024.0,True,,,,/home/neuro-source/main_source/datasets/sprap_2024_03/id_spr00730/id_spr00730_master_image.nii.gz,Normal,,,,,,,,D:/Backup/Mestrado/dados/JPR/dataset_jpr_train/dataset_jpr_train/3/000730
588,"1,28E+73",jpr_dados,F,24.0,TOSHIBA,176.0,1.0,0.397,1.0,1.0,0.0,True,,,,/home/neuro-source/main_source/datasets/sprap_2024_03/id_spr00588/id_spr00588_master_image.nii.gz,Normal,,,,,,,,D:/Backup/Mestrado/dados/JPR/dataset_jpr_train/dataset_jpr_train/3/000588
1020,"1,28E+73",jpr_dados,M,35.0,GE MEDICAL SYSTEMS,141.0,1.25,0.488281,1.25,1.0,-1024.0,True,,,,/home/neuro-source/main_source/datasets/sprap_2024_03/id_spr01020/id_spr01020_master_image.nii.gz,Normal,,,,,,,,D:/Backup/Mestrado/dados/JPR/dataset_jpr_train/dataset_jpr_train/3/001020
584,"1,28E+73",jpr_dados,F,39.0,GE MEDICAL SYSTEMS,133.0,1.25,0.488281,1.25,1.0,-1024.0,True,,,,/home/neuro-source/main_source/datasets/sprap_2024_03/id_spr00584/id_spr00584_master_image.nii.gz,Normal,,,,,,,,D:/Backup/Mestrado/dados/JPR/dataset_jpr_train/dataset_jpr_train/3/000584
1129,"1,28E+73",jpr_dados,F,39.0,GE MEDICAL SYSTEMS,148.0,1.25,0.46875,1.25,1.0,-1024.0,True,,,,/home/neuro-source/main_source/datasets/sprap_2024_03/id_spr01129/id_spr01129_master_image.nii.gz,Normal,,,,,,,,D:/Backup/Mestrado/dados/JPR/dataset_jpr_train/dataset_jpr_train/3/001129
1189,"1,28E+73",jpr_dados,F,30.0,Philips,241.0,1.5,0.48828125,0.75,1.0,-1024.0,True,,,,/home/neuro-source/main_source/datasets/sprap_2024_03/id_spr01189/id_spr01189_master_image.nii.gz,Normal,,,,,,,,D:/Backup/Mestrado/dados/JPR/dataset_jpr_train/dataset_jpr_train/3/001189
2187,"1,28E+73",jpr_dados,F,48.0,SIEMENS,247.0,1.0,0.4453125,0.7000000000000002,1.0,-1024.0,True,,,,/home/neuro-source/main_source/datasets/sprap_2024_03/id_spr02187/id_spr02187_master_image.nii.gz,Normal,,,,,,,,D:/Backup/Mestrado/dados/JPR/dataset_jpr_train/dataset_jpr_train/2/002187
751,"1,28E+73",jpr_dados,F,35.0,GE MEDICAL SYSTEMS,151.0,2.5,0.488281,1.0,1.0,-1024.0,True,,,,/home/neuro-source/main_source/datasets/sprap_2024_03/id_spr00751/id_spr00751_master_image.nii.gz,Normal,,,,,,,,D:/Backup/Mestrado/dados/JPR/dataset_jpr_train/dataset_jpr_train/3/000751
2410,"1,28E+73",jpr_dados,F,77.0,GE MEDICAL SYSTEMS,297.0,2.5,0.455078005791,0.625,1.0,-1024.0,True,,,,/home/neuro-source/main_source/datasets/sprap_2024_03/id_spr02410/id_spr02410_master_image.nii.gz,Normal,,,,,,,,D:/Backup/Mestrado/dados/JPR/dataset_jpr_train/dataset_jpr_train/1/002410
1610,"1,28E+73",jpr_dados,F,36.0,Philips,273.0,1.5,0.417969,0.75,1.0,-1024.0,True,,,,/home/neuro-source/main_source/datasets/sprap_2024_03/id_spr01610/id_spr01610_master_image.nii.gz,Normal,,,,,,,,D:/Backup/Mestrado/dados/JPR/dataset_jpr_train/dataset_jpr_train/2/001610
2322,"1,28E+73",jpr_dados,F,44.0,TOSHIBA,176.0,2.0,0.424,1.0,1.0,0.0,True,,,,/home/neuro-source/main_source/datasets/sprap_2024_03/id_spr02322/id_spr02322_master_image.nii.gz,Normal,,,,,,,,D:/Backup/Mestrado/dados/JPR/dataset_jpr_train/dataset_jpr_train/2/002322
2113,"1,28E+73",jpr_dados,M,57.0,Philips,182.0,2.0,0.48828125,1.0,1.0,-1024.0,True,,,,/home/neuro-source/main_source/datasets/sprap_2024_03/id_spr02113/id_spr02113_master_image.nii.gz,Normal,,,,,,,,D:/Backup/Mestrado/dados/JPR/dataset_jpr_train/dataset_jpr_train/2/002113
2640,"1,28E+73",jpr_dados,F,44.0,GE MEDICAL SYSTEMS,141.0,2.5,0.488281011581,1.25,1.0,-1024.0,True,,,,/home/neuro-source/main_source/datasets/sprap_2024_03/id_spr02640/id_spr02640_master_image.nii.gz,Normal,,,,,,,,D:/Backup/Mestrado/dados/JPR/dataset_jpr_train/dataset_jpr_train/1/002640
458,"1,28E+73",jpr_dados,F,29.0,Canon Medical Systems,221.0,2.0,0.503,1.0,1.0,0.0,True,,,,/home/neuro-source/main_source/datasets/sprap_2024_03/id_spr00458/id_spr00458_master_image.nii.gz,Normal,,,,,,,,D:/Backup/Mestrado/dados/JPR/dataset_jpr_train/dataset_jpr_train/3/000458
734,"1,28E+73",jpr_dados,F,37.0,GE MEDICAL SYSTEMS,149.0,1.25,0.488281,1.25,1.0,-1024.0,True,,,,/home/neuro-source/main_source/datasets/sprap_2024_03/id_spr00734/id_spr00734_master_image.nii.gz,Normal,,,,,,,,D:/Backup/Mestrado/dados/JPR/dataset_jpr_train/dataset_jpr_train/3/000734
2470,"1,28E+73",jpr_dados,F,75.0,GE MEDICAL SYSTEMS,297.0,1.25,0.445311993361,0.625,1.0,-1024.0,True,,,,/home/neuro-source/main_source/datasets/sprap_2024_03/id_spr02470/id_spr02470_master_image.nii.gz,Normal,,,,,,,,D:/Backup/Mestrado/dados/JPR/dataset_jpr_train/dataset_jpr_train/1/002470
746,"1,28E+73",jpr_dados,M,29.0,GE MEDICAL SYSTEMS,177.0,1.25,0.513672,1.25,1.0,-1024.0,True,,,,/home/neuro-source/main_source/datasets/sprap_2024_03/id_spr00746/id_spr00746_master_image.nii.gz,Normal,,,,,,,,D:/Backup/Mestrado/dados/JPR/dataset_jpr_train/dataset_jpr_train/3/000746
504,"1,28E+73",jpr_dados,M,70.0,GE MEDICAL SYSTEMS,177.0,1.25,0.533203,1.25,1.0,-1024.0,True,,,,/home/neuro-source/main_source/datasets/sprap_2024_03/id_spr00504/id_spr00504_master_image.nii.gz,Normal,,,,,,,,D:/Backup/Mestrado/dados/JPR/dataset_jpr_train/dataset_jpr_train/3/000504
1197,"1,28E+73",jpr_dados,F,23.0,Philips,226.0,1.5,0.423828125,0.7500000017777778,1.0,-1024.0,True,,,,/home/neuro-source/main_source/datasets/sprap_2024_03/id_spr01197/id_spr01197_master_image.nii.gz,Normal,,,,,,,,D:/Backup/Mestrado/dados/JPR/dataset_jpr_train/dataset_jpr_train/3/001197
984,"1,28E+73",jpr_dados,M,44.0,GE MEDICAL SYSTEMS,145.0,1.25,0.488281,1.25,1.0,-1024.0,True,,,,/home/neuro-source/main_source/datasets/sprap_2024_03/id_spr00984/id_spr00984_master_image.nii.gz,Normal,,,,,,,,D:/Backup/Mestrado/dados/JPR/dataset_jpr_train/dataset_jpr_train/3/000984
2526,"1,28E+73",jpr_dados,F,36.0,GE MEDICAL SYSTEMS,133.0,2.5,0.414061993361,1.25,1.0,-1024.0,True,,,,/home/neuro-source/main_source/datasets/sprap_2024_03/id_spr02526/id_spr02526_master_image.nii.gz,Normal,,,,,,,,D:/Backup/Mestrado/dados/JPR/dataset_jpr_train/dataset_jpr_train/1/002526
2346,"1,28E+73",jpr_dados,F,39.0,GE MEDICAL SYSTEMS,139.0,1.25,0.488281,1.25,1.0,-1024.0,True,,,,/home/neuro-source/main_source/datasets/sprap_2024_03/id_spr02346/id_spr02346_master_image.nii.gz,Normal,,,,,,,,D:/Backup/Mestrado/dados/JPR/dataset_jpr_train/dataset_jpr_train/2/002346
2380,"1,28E+73",jpr_dados,F,50.0,GE MEDICAL SYSTEMS,143.0,2.5,0.435546994209,1.25,1.0,-1024.0,True,,,,/home/neuro-source/main_source/datasets/sprap_2024_03/id_spr02380/id_spr02380_master_image.nii.gz,Normal,,,,,,,,D:/Backup/Mestrado/dados/JPR/dataset_jpr_train/dataset_jpr_train/1/002380
2531,"1,28E+73",jpr_dados,M,53.0,GE MEDICAL SYSTEMS,167.0,2.5,0.509765982628,1.25,1.0,-1024.0,True,,,,/home/neuro-source/main_source/datasets/sprap_2024_03/id_spr02531/id_spr02531_master_image.nii.gz,Normal,,,,,,,,D:/Backup/Mestrado/dados/JPR/dataset_jpr_train/dataset_jpr_train/1/002531
854,"1,28E+72",jpr_dados,F,44.0,Siemens Healthineers,186.0,2.0,0.3525358362,0.9999981301662578,1.0,-8192.0,True,,,,/home/neuro-source/main_source/datasets/sprap_2024_03/id_spr00854/id_spr00854_master_image.nii.gz,Normal,,,,,,,,D:/Backup/Mestrado/dados/JPR/dataset_jpr_train/dataset_jpr_train/3/000854
1497,"1,28E+73",jpr_dados,F,23.0,TOSHIBA,226.0,1.0,0.449,0.8,1.0,0.0,True,,,,/home/neuro-source/main_source/datasets/sprap_2024_03/id_spr01497/id_spr01497_master_image.nii.gz,Normal,,,,,,,,D:/Backup/Mestrado/dados/JPR/dataset_jpr_train/dataset_jpr_train/2/001497
2403,"1,28E+73",jpr_dados,F,37.0,GE MEDICAL SYSTEMS,265.0,1.25,0.421875,0.625,1.0,-1024.0,True,,,,/home/neuro-source/main_source/datasets/sprap_2024_03/id_spr02403/id_spr02403_master_image.nii.gz,Normal,,,,,,,,D:/Backup/Mestrado/dados/JPR/dataset_jpr_train/dataset_jpr_train/1/002403
1494,"1,28E+73",jpr_dados,F,54.0,GE MEDICAL SYSTEMS,186.0,1.25,0.451172,1.0,1.0,-1024.0,True,,,,/home/neuro-source/main_source/datasets/sprap_2024_03/id_spr01494/id_spr01494_master_image.nii.gz,Normal,,,,,,,,D:/Backup/Mestrado/dados/JPR/dataset_jpr_train/dataset_jpr_train/2/001494
1537,"1,28E+73",jpr_dados,F,24.0,GE MEDICAL SYSTEMS,165.0,1.25,0.488281,1.0,1.0,-1024.0,True,,,,/home/neuro-source/main_source/datasets/sprap_2024_03/id_spr01537/id_spr01537_master_image.nii.gz,Normal,,,,,,,,D:/Backup/Mestrado/dados/JPR/dataset_jpr_train/dataset_jpr_train/2/001537
900,"1,28E+73",jpr_dados,M,20.0,GE MEDICAL SYSTEMS,139.0,1.25,0.488281,1.25,1.0,-1024.0,True,,,,/home/neuro-source/main_source/datasets/sprap_2024_03/id_spr00900/id_spr00900_master_image.nii.gz,Normal,,,,,,,,D:/Backup/Mestrado/dados/JPR/dataset_jpr_train/dataset_jpr_train/3/000900
1282,"1,28E+73",jpr_dados,F,30.0,GE MEDICAL SYSTEMS,165.0,1.25,0.542969,1.25,1.0,-1024.0,True,,,,/home/neuro-source/main_source/datasets/sprap_2024_03/id_spr01282/id_spr01282_master_image.nii.gz,Normal,,,,,,,,D:/Backup/Mestrado/dados/JPR/dataset_jpr_train/dataset_jpr_train/3/001282
1635,"1,28E+72",jpr_dados,F,53.0,GE MEDICAL SYSTEMS,135.0,1.25,0.488281,1.25,1.0,-1024.0,True,,,,/home/neuro-source/main_source/datasets/sprap_2024_03/id_spr01635/id_spr01635_master_image.nii.gz,Normal,,,,,,,,D:/Backup/Mestrado/dados/JPR/dataset_jpr_train/dataset_jpr_train/2/001635
1924,"1,28E+73",jpr_dados,F,41.0,SIEMENS,251.0,1.0,0.42578125,0.7,1.0,-1024.0,True,,,,/home/neuro-source/main_source/datasets/sprap_2024_03/id_spr01924/id_spr01924_master_image.nii.gz,Normal,,,,,,,,D:/Backup/Mestrado/dados/JPR/dataset_jpr_train/dataset_jpr_train/2/001924
1976,"1,28E+73",jpr_dados,F,21.0,GE MEDICAL SYSTEMS,154.0,1.25,0.433594,1.25,1.0,-1024.0,True,,,,/home/neuro-source/main_source/datasets/sprap_2024_03/id_spr01976/id_spr01976_master_image.nii.gz,Normal,,,,,,,,D:/Backup/Mestrado/dados/JPR/dataset_jpr_train/dataset_jpr_train/2/001976
1337,"1,28E+73",jpr_dados,F,30.0,TOSHIBA,181.0,2.0,0.463,1.0,1.0,0.0,True,,,,/home/neuro-source/main_source/datasets/sprap_2024_03/id_spr01337/id_spr01337_master_image.nii.gz,Normal,,,,,,,,D:/Backup/Mestrado/dados/JPR/dataset_jpr_train/dataset_jpr_train/2/001337
555,"1,28E+73",jpr_dados,F,18.0,GE MEDICAL SYSTEMS,153.0,1.25,0.519531,1.25,1.0,-1024.0,True,,,,/home/neuro-source/main_source/datasets/sprap_2024_03/id_spr00555/id_spr00555_master_image.nii.gz,Normal,,,,,,,,D:/Backup/Mestrado/dados/JPR/dataset_jpr_train/dataset_jpr_train/3/000555
1915,"1,28E+73",jpr_dados,F,58.0,Philips,240.0,1.5,0.451172,0.7500001255230128,1.0,-1024.0,True,,,,/home/neuro-source/main_source/datasets/sprap_2024_03/id_spr01915/id_spr01915_master_image.nii.gz,Normal,,,,,,,,D:/Backup/Mestrado/dados/JPR/dataset_jpr_train/dataset_jpr_train/2/001915
2207,"1,28E+73",jpr_dados,F,44.0,GE MEDICAL SYSTEMS,137.0,1.25,0.464844,1.25,1.0,-1024.0,True,,,,/home/neuro-source/main_source/datasets/sprap_2024_03/id_spr02207/id_spr02207_master_image.nii.gz,Normal,,,,,,,,D:/Backup/Mestrado/dados/JPR/dataset_jpr_train/dataset_jpr_train/2/002207
935,"1,28E+73",jpr_dados,F,38.0,Philips,171.0,2.0,0.416015625,1.0,1.0,-1024.0,True,,,,/home/neuro-source/main_source/datasets/sprap_2024_03/id_spr00935/id_spr00935_master_image.nii.gz,Normal,,,,,,,,D:/Backup/Mestrado/dados/JPR/dataset_jpr_train/dataset_jpr_train/3/000935
1426,"1,28E+73",jpr_dados,F,42.0,GE MEDICAL SYSTEMS,137.0,1.25,0.488281,1.25,1.0,-1024.0,True,,,,/home/neuro-source/main_source/datasets/sprap_2024_03/id_spr01426/id_spr01426_master_image.nii.gz,Normal,,,,,,,,D:/Backup/Mestrado/dados/JPR/dataset_jpr_train/dataset_jpr_train/2/001426
1717,"1,28E+73",jpr_dados,M,43.0,SIEMENS,274.0,1.0,0.4921875,0.6999999999999996,1.0,-1024.0,True,,,,/home/neuro-source/main_source/datasets/sprap_2024_03/id_spr01717/id_spr01717_master_image.nii.gz,Normal,,,,,,,,D:/Backup/Mestrado/dados/JPR/dataset_jpr_train/dataset_jpr_train/2/001717
775,"1,28E+73",jpr_dados,F,39.0,GE MEDICAL SYSTEMS,129.0,1.25,0.476562,1.25,1.0,-1024.0,True,,,,/home/neuro-source/main_source/datasets/sprap_2024_03/id_spr00775/id_spr00775_master_image.nii.gz,Normal,,,,,,,,D:/Backup/Mestrado/dados/JPR/dataset_jpr_train/dataset_jpr_train/3/000775
514,"1,28E+73",jpr_dados,M,51.0,GE MEDICAL SYSTEMS,157.0,1.25,0.488281,1.25,1.0,-1024.0,True,,,,/home/neuro-source/main_source/datasets/sprap_2024_03/id_spr00514/id_spr00514_master_image.nii.gz,Normal,,,,,,,,D:/Backup/Mestrado/dados/JPR/dataset_jpr_train/dataset_jpr_train/3/000514
2292,"1,28E+73",jpr_dados,M,32.0,TOSHIBA,186.0,2.0,0.454,1.0,1.0,0.0,True,,,,/home/neuro-source/main_source/datasets/sprap_2024_03/id_spr02292/id_spr02292_master_image.nii.gz,Normal,,,,,,,,D:/Backup/Mestrado/dados/JPR/dataset_jpr_train/dataset_jpr_train/2/002292
2474,"1,28E+73",jpr_dados,F,60.0,GE MEDICAL SYSTEMS,277.0,1.25,0.423828005791,0.625,1.0,-1024.0,True,,,,/home/neuro-source/main_source/datasets/sprap_2024_03/id_spr02474/id_spr02474_master_image.nii.gz,Normal,,,,,,,,D:/Backup/Mestrado/dados/JPR/dataset_jpr_train/dataset_jpr_train/1/002474
2147,"1,28E+73",jpr_dados,F,21.0,SIEMENS,261.0,0.75,0.421875,0.7,1.0,-1024.0,True,,,,/home/neuro-source/main_source/datasets/sprap_2024_03/id_spr02147/id_spr02147_master_image.nii.gz,Normal,,,,,,,,D:/Backup/Mestrado/dados/JPR/dataset_jpr_train/dataset_jpr_train/2/002147
2105,"1,28E+73",jpr_dados,F,18.0,Philips,225.0,1.5,0.443359,0.7500043616071428,1.0,-1024.0,True,,,,/home/neuro-source/main_source/datasets/sprap_2024_03/id_spr02105/id_spr02105_master_image.nii.gz,Normal,,,,,,,,D:/Backup/Mestrado/dados/JPR/dataset_jpr_train/dataset_jpr_train/2/002105
494,"1,28E+73",jpr_dados,M,35.0,GE MEDICAL SYSTEMS,145.0,1.25,0.488281,1.25,1.0,-1024.0,True,,,,/home/neuro-source/main_source/datasets/sprap_2024_03/id_spr00494/id_spr00494_master_image.nii.gz,Normal,,,,,,,,D:/Backup/Mestrado/dados/JPR/dataset_jpr_train/dataset_jpr_train/3/000494
1816,"1,28E+73",jpr_dados,M,55.0,TOSHIBA,226.0,1.0,0.448,0.8,1.0,0.0,True,,,,/home/neuro-source/main_source/datasets/sprap_2024_03/id_spr01816/id_spr01816_master_image.nii.gz,Normal,,,,,,,,D:/Backup/Mestrado/dados/JPR/dataset_jpr_train/dataset_jpr_train/2/001816
609,"1,28E+73",jpr_dados,F,29.0,GE MEDICAL SYSTEMS,141.0,1.25,0.488281,1.25,1.0,-1024.0,True,,,,/home/neuro-source/main_source/datasets/sprap_2024_03/id_spr00609/id_spr00609_master_image.nii.gz,Normal,,,,,,,,D:/Backup/Mestrado/dados/JPR/dataset_jpr_train/dataset_jpr_train/3/000609
2541,"1,28E+73",jpr_dados,M,83.0,GE MEDICAL SYSTEMS,145.0,2.5,0.44726601243,1.25,1.0,-1024.0,True,,,,/home/neuro-source/main_source/datasets/sprap_2024_03/id_spr02541/id_spr02541_master_image.nii.gz,Normal,,,,,,,,D:/Backup/Mestrado/dados/JPR/dataset_jpr_train/dataset_jpr_train/1/002541
915,"1,28E+72",jpr_dados,F,25.0,Canon Medical Systems,211.0,2.0,0.49,1.0,1.0,0.0,True,,,,/home/neuro-source/main_source/datasets/sprap_2024_03/id_spr00915/id_spr00915_master_image.nii.gz,Normal,,,,,,,,D:/Backup/Mestrado/dados/JPR/dataset_jpr_train/dataset_jpr_train/3/000915
2383,"1,28E+73",jpr_dados,F,35.0,GE MEDICAL SYSTEMS,293.0,1.25,0.449218988419,0.625,1.0,-1024.0,True,,,,/home/neuro-source/main_source/datasets/sprap_2024_03/id_spr02383/id_spr02383_master_image.nii.gz,Normal,,,,,,,,D:/Backup/Mestrado/dados/JPR/dataset_jpr_train/dataset_jpr_train/1/002383
1647,"1,28E+73",jpr_dados,F,34.0,GE MEDICAL SYSTEMS,176.0,1.25,0.453125,1.0,1.0,-1024.0,True,,,,/home/neuro-source/main_source/datasets/sprap_2024_03/id_spr01647/id_spr01647_master_image.nii.gz,Normal,,,,,,,,D:/Backup/Mestrado/dados/JPR/dataset_jpr_train/dataset_jpr_train/2/001647
397,"1,28E+73",jpr_dados,M,22.0,Canon Medical Systems,226.0,2.0,0.481,1.0,1.0,0.0,True,,,,/home/neuro-source/main_source/datasets/sprap_2024_03/id_spr00397/id_spr00397_master_image.nii.gz,Normal,,,,,,,,D:/Backup/Mestrado/dados/JPR/dataset_jpr_train/dataset_jpr_train/3/000397
1073,"1,28E+73",jpr_dados,M,29.0,GE MEDICAL SYSTEMS,157.0,1.25,0.488281,1.25,1.0,-1024.0,True,,,,/home/neuro-source/main_source/datasets/sprap_2024_03/id_spr01073/id_spr01073_master_image.nii.gz,Normal,,,,,,,,D:/Backup/Mestrado/dados/JPR/dataset_jpr_train/dataset_jpr_train/3/001073
1826,"1,28E+73",jpr_dados,F,44.0,GE MEDICAL SYSTEMS,145.0,1.25,0.488281,1.25,1.0,-1024.0,True,,,,/home/neuro-source/main_source/datasets/sprap_2024_03/id_spr01826/id_spr01826_master_image.nii.gz,Normal,,,,,,,,D:/Backup/Mestrado/dados/JPR/dataset_jpr_train/dataset_jpr_train/2/001826
1523,"1,28E+73",jpr_dados,F,20.0,GE MEDICAL SYSTEMS,162.0,1.25,0.488281,1.0,1.0,-1024.0,True,,,,/home/neuro-source/main_source/datasets/sprap_2024_03/id_spr01523/id_spr01523_master_image.nii.gz,Normal,,,,,,,,D:/Backup/Mestrado/dados/JPR/dataset_jpr_train/dataset_jpr_train/2/001523
621,"1,28E+73",jpr_dados,F,56.0,GE MEDICAL SYSTEMS,145.0,1.25,0.488281,1.25,1.0,-1024.0,True,,,,/home/neuro-source/main_source/datasets/sprap_2024_03/id_spr00621/id_spr00621_master_image.nii.gz,Normal,,,,,,,,D:/Backup/Mestrado/dados/JPR/dataset_jpr_train/dataset_jpr_train/3/000621
1623,"1,28E+73",jpr_dados,M,34.0,TOSHIBA,226.0,1.0,0.417,0.8,1.0,0.0,True,,,,/home/neuro-source/main_source/datasets/sprap_2024_03/id_spr01623/id_spr01623_master_image.nii.gz,Normal,,,,,,,,D:/Backup/Mestrado/dados/JPR/dataset_jpr_train/dataset_jpr_train/2/001623
557,"1,28E+73",jpr_dados,M,29.0,GE MEDICAL SYSTEMS,153.0,1.25,0.496094,1.25,1.0,-1024.0,True,,,,/home/neuro-source/main_source/datasets/sprap_2024_03/id_spr00557/id_spr00557_master_image.nii.gz,Normal,,,,,,,,D:/Backup/Mestrado/dados/JPR/dataset_jpr_train/dataset_jpr_train/3/000557
2636,"1,28E+73",jpr_dados,M,80.0,TOSHIBA,181.0,2.0,0.481000006199,1.0,1.0,0.0,True,,,,/home/neuro-source/main_source/datasets/sprap_2024_03/id_spr02636/id_spr02636_master_image.nii.gz,Normal,,,,,,,,D:/Backup/Mestrado/dados/JPR/dataset_jpr_train/dataset_jpr_train/1/002636
1703,"1,28E+73",jpr_dados,F,28.0,GE MEDICAL SYSTEMS,141.0,1.25,0.488281,1.25,1.0,-1024.0,True,,,,/home/neuro-source/main_source/datasets/sprap_2024_03/id_spr01703/id_spr01703_master_image.nii.gz,Normal,,,,,,,,D:/Backup/Mestrado/dados/JPR/dataset_jpr_train/dataset_jpr_train/2/001703
49,,physionet,Male,35.0,,,,,,,,False,,,,/home/validacao-retrospectiva-neuro-new/physionet_scans/ct_scans/049.nii,Intraparenchymal/Epidural/Fracture,,,,512.0,512.0,39.0,,D:/Backup/Mestrado/dados/Physionet/physionet_scans/ct_scans/049.nii
50,,physionet,Female,0.583,,,,,,,,False,,,,/home/validacao-retrospectiva-neuro-new/physionet_scans/ct_scans/050.nii,Intraparenchymal/Fracture,,,,512.0,512.0,32.0,,D:/Backup/Mestrado/dados/Physionet/physionet_scans/ct_scans/050.nii
51,,physionet,Male,5.0,,,,,,,,False,,,,/home/validacao-retrospectiva-neuro-new/physionet_scans/ct_scans/051.nii,Intraparenchymal/Subdural/Fracture,,,,512.0,512.0,46.0,,D:/Backup/Mestrado/dados/Physionet/physionet_scans/ct_scans/051.nii
52,,physionet,Male,8.0,,,,,,,,False,,,,/home/validacao-retrospectiva-neuro-new/physionet_scans/ct_scans/052.nii,Epidural/Fracture,,,,512.0,512.0,35.0,,D:/Backup/Mestrado/dados/Physionet/physionet_scans/ct_scans/052.nii
53,,physionet,Male,44.0,,,,,,,,False,,,,/home/validacao-retrospectiva-neuro-new/physionet_scans/ct_scans/053.nii,Intraparenchymal/Epidural/Fracture,,,,512.0,512.0,35.0,,D:/Backup/Mestrado/dados/Physionet/physionet_scans/ct_scans/053.nii
54,,physionet,Female,60.0,,,,,,,,True,,,,/home/validacao-retrospectiva-neuro-new/physionet_scans/ct_scans/054.nii,Normal,,,,512.0,512.0,33.0,,D:/Backup/Mestrado/dados/Physionet/physionet_scans/ct_scans/054.nii
55,,physionet,Female,21.0,,,,,,,,True,,,,/home/validacao-retrospectiva-neuro-new/physionet_scans/ct_scans/055.nii,Normal,,,,512.0,512.0,56.0,,D:/Backup/Mestrado/dados/Physionet/physionet_scans/ct_scans/055.nii
56,,physionet,Female,58.0,,,,,,,,True,,,,/home/validacao-retrospectiva-neuro-new/physionet_scans/ct_scans/056.nii,Normal,,,,512.0,512.0,40.0,,D:/Backup/Mestrado/dados/Physionet/physionet_scans/ct_scans/056.nii
57,,physionet,Male,26.0,,,,,,,,True,,,,/home/validacao-retrospectiva-neuro-new/physionet_scans/ct_scans/057.nii,Normal,,,,512.0,512.0,43.0,,D:/Backup/Mestrado/dados/Physionet/physionet_scans/ct_scans/057.nii
58,,physionet,Male,44.0,,,,,,,,False,,,,/home/validacao-retrospectiva-neuro-new/physionet_scans/ct_scans/058.nii,Intraparenchymal,,,,512.0,512.0,38.0,,D:/Backup/Mestrado/dados/Physionet/physionet_scans/ct_scans/058.nii
66,,physionet,Male,0.6,,,,,,,,False,,,,/home/validacao-retrospectiva-neuro-new/physionet_scans/ct_scans/066.nii,Epidural,,,,512.0,512.0,34.0,,D:/Backup/Mestrado/dados/Physionet/physionet_scans/ct_scans/066.nii
67,,physionet,Male,2.0,,,,,,,,False,,,,/home/validacao-retrospectiva-neuro-new/physionet_scans/ct_scans/067.nii,Epidural/Fracture,,,,512.0,512.0,31.0,,D:/Backup/Mestrado/dados/Physionet/physionet_scans/ct_scans/067.nii
68,,physionet,Male,8.0,,,,,,,,False,,,,/home/validacao-retrospectiva-neuro-new/physionet_scans/ct_scans/068.nii,Epidural/Fracture,,,,512.0,512.0,32.0,,D:/Backup/Mestrado/dados/Physionet/physionet_scans/ct_scans/068.nii
69,,physionet,Male,36.0,,,,,,,,False,,,,/home/validacao-retrospectiva-neuro-new/physionet_scans/ct_scans/069.nii,Intraparenchymal/Fracture,,,,512.0,512.0,40.0,,D:/Backup/Mestrado/dados/Physionet/physionet_scans/ct_scans/069.nii
70,,physionet,Male,5.0,,,,,,,,False,,,,/home/validacao-retrospectiva-neuro-new/physionet_scans/ct_scans/070.nii,Epidural,,,,512.0,512.0,39.0,,D:/Backup/Mestrado/dados/Physionet/physionet_scans/ct_scans/070.nii
71,,physionet,Female,72.0,,,,,,,,False,,,,/home/validacao-retrospectiva-neuro-new/physionet_scans/ct_scans/071.nii,Intraparenchymal/Subdural,,,,512.0,512.0,34.0,,D:/Backup/Mestrado/dados/Physionet/physionet_scans/ct_scans/071.nii
72,,physionet,Male,42.0,,,,,,,,False,,,,/home/validacao-retrospectiva-neuro-new/physionet_scans/ct_scans/072.nii,Intraparenchymal,,,,512.0,512.0,33.0,,D:/Backup/Mestrado/dados/Physionet/physionet_scans/ct_scans/072.nii
73,,physionet,Male,5.0,,,,,,,,False,,,,/home/validacao-retrospectiva-neuro-new/physionet_scans/ct_scans/073.nii,Epidural,,,,512.0,512.0,37.0,,D:/Backup/Mestrado/dados/Physionet/physionet_scans/ct_scans/073.nii
74,,physionet,Male,18.0,,,,,,,,False,,,,/home/validacao-retrospectiva-neuro-new/physionet_scans/ct_scans/074.nii,Epidural/Subdural/Fracture,,,,512.0,512.0,39.0,,D:/Backup/Mestrado/dados/Physionet/physionet_scans/ct_scans/074.nii
75,,physionet,Male,3.0,,,,,,,,False,,,,/home/validacao-retrospectiva-neuro-new/physionet_scans/ct_scans/075.nii,Epidural,,,,512.0,512.0,36.0,,D:/Backup/Mestrado/dados/Physionet/physionet_scans/ct_scans/075.nii
76,,physionet,Male,40.0,,,,,,,,False,,,,/home/validacao-retrospectiva-neuro-new/physionet_scans/ct_scans/076.nii,Intraparenchymal/Subarachnoid/Fracture,,,,512.0,512.0,51.0,,D:/Backup/Mestrado/dados/Physionet/physionet_scans/ct_scans/076.nii
77,,physionet,Male,33.0,,,,,,,,False,,,,/home/validacao-retrospectiva-neuro-new/physionet_scans/ct_scans/077.nii,Epidural/Fracture,,,,512.0,512.0,35.0,,D:/Backup/Mestrado/dados/Physionet/physionet_scans/ct_scans/077.nii
78,,physionet,Male,33.0,,,,,,,,False,,,,/home/validacao-retrospectiva-neuro-new/physionet_scans/ct_scans/078.nii,Epidural/Fracture,,,,512.0,512.0,36.0,,D:/Backup/Mestrado/dados/Physionet/physionet_scans/ct_scans/078.nii
79,,physionet,Male,2.0,,,,,,,,False,,,,/home/validacao-retrospectiva-neuro-new/physionet_scans/ct_scans/079.nii,Intraparenchymal,,,,512.0,512.0,40.0,,D:/Backup/Mestrado/dados/Physionet/physionet_scans/ct_scans/079.nii
80,,physionet,Male,60.0,,,,,,,,False,,,,/home/validacao-retrospectiva-neuro-new/physionet_scans/ct_scans/080.nii,Intraventricular /Intraparenchymal/Subarachnoid,,,,512.0,512.0,33.0,,D:/Backup/Mestrado/dados/Physionet/physionet_scans/ct_scans/080.nii
81,,physionet,Male,17.0,,,,,,,,False,,,,/home/validacao-retrospectiva-neuro-new/physionet_scans/ct_scans/081.nii,Subdural/Fracture,,,,512.0,512.0,56.0,,D:/Backup/Mestrado/dados/Physionet/physionet_scans/ct_scans/081.nii
82,,physionet,Male,49.0,,,,,,,,False,,,,/home/validacao-retrospectiva-neuro-new/physionet_scans/ct_scans/082.nii,Subarachnoid/Fracture,,,,512.0,512.0,34.0,,D:/Backup/Mestrado/dados/Physionet/physionet_scans/ct_scans/082.nii
83,,physionet,Male,30.0,,,,,,,,False,,,,/home/validacao-retrospectiva-neuro-new/physionet_scans/ct_scans/083.nii,Epidural/Fracture,,,,512.0,512.0,37.0,,D:/Backup/Mestrado/dados/Physionet/physionet_scans/ct_scans/083.nii
84,,physionet,Male,18.0,,,,,,,,False,,,,/home/validacao-retrospectiva-neuro-new/physionet_scans/ct_scans/084.nii,Intraparenchymal/Subarachnoid,,,,512.0,512.0,52.0,,D:/Backup/Mestrado/dados/Physionet/physionet_scans/ct_scans/084.nii
85,,physionet,Male,0.002,,,,,,,,False,,,,/home/validacao-retrospectiva-neuro-new/physionet_scans/ct_scans/085.nii,Intraventricular ,,,,512.0,512.0,34.0,,D:/Backup/Mestrado/dados/Physionet/physionet_scans/ct_scans/085.nii
86,,physionet,Female,4.0,,,,,,,,False,,,,/home/validacao-retrospectiva-neuro-new/physionet_scans/ct_scans/086.nii,Epidural,,,,512.0,512.0,37.0,,D:/Backup/Mestrado/dados/Physionet/physionet_scans/ct_scans/086.nii
87,,physionet,Female,3.0,,,,,,,,False,,,,/home/validacao-retrospectiva-neuro-new/physionet_scans/ct_scans/087.nii,Epidural/Fracture,,,,512.0,512.0,32.0,,D:/Backup/Mestrado/dados/Physionet/physionet_scans/ct_scans/087.nii
88,,physionet,Male,22.0,,,,,,,,False,,,,/home/validacao-retrospectiva-neuro-new/physionet_scans/ct_scans/088.nii,Epidural/Fracture,,,,512.0,512.0,34.0,,D:/Backup/Mestrado/dados/Physionet/physionet_scans/ct_scans/088.nii
89,,physionet,Male,16.0,,,,,,,,False,,,,/home/validacao-retrospectiva-neuro-new/physionet_scans/ct_scans/089.nii,Epidural,,,,512.0,512.0,42.0,,D:/Backup/Mestrado/dados/Physionet/physionet_scans/ct_scans/089.nii
90,,physionet,Male,6.0,,,,,,,,False,,,,/home/validacao-retrospectiva-neuro-new/physionet_scans/ct_scans/090.nii,Epidural,,,,512.0,512.0,33.0,,D:/Backup/Mestrado/dados/Physionet/physionet_scans/ct_scans/090.nii
91,,physionet,Female,57.0,,,,,,,,False,,,,/home/validacao-retrospectiva-neuro-new/physionet_scans/ct_scans/091.nii,Intraventricular /Intraparenchymal,,,,512.0,512.0,37.0,,D:/Backup/Mestrado/dados/Physionet/physionet_scans/ct_scans/091.nii
92,,physionet,Male,70.0,,,,,,,,False,,,,/home/validacao-retrospectiva-neuro-new/physionet_scans/ct_scans/092.nii,Intraventricular /Intraparenchymal/Subarachnoid/Epidural/Fracture,,,,512.0,512.0,37.0,,D:/Backup/Mestrado/dados/Physionet/physionet_scans/ct_scans/092.nii
93,,physionet,Male,21.0,,,,,,,,False,,,,/home/validacao-retrospectiva-neuro-new/physionet_scans/ct_scans/093.nii,Subarachnoid/Epidural/Fracture,,,,512.0,512.0,38.0,,D:/Backup/Mestrado/dados/Physionet/physionet_scans/ct_scans/093.nii
94,,physionet,Male,16.0,,,,,,,,False,,,,/home/validacao-retrospectiva-neuro-new/physionet_scans/ct_scans/094.nii,Intraventricular /Intraparenchymal/Subarachnoid/Fracture,,,,512.0,512.0,47.0,,D:/Backup/Mestrado/dados/Physionet/physionet_scans/ct_scans/094.nii
95,,physionet,Female,11.0,,,,,,,,False,,,,/home/validacao-retrospectiva-neuro-new/physionet_scans/ct_scans/095.nii,Fracture,,,,512.0,512.0,37.0,,D:/Backup/Mestrado/dados/Physionet/physionet_scans/ct_scans/095.nii
96,,physionet,Male,41.0,,,,,,,,True,,,,/home/validacao-retrospectiva-neuro-new/physionet_scans/ct_scans/096.nii,Normal,,,,512.0,512.0,37.0,,D:/Backup/Mestrado/dados/Physionet/physionet_scans/ct_scans/096.nii
97,,physionet,Male,33.0,,,,,,,,False,,,,/home/validacao-retrospectiva-neuro-new/physionet_scans/ct_scans/097.nii,Intraparenchymal/Epidural/Fracture,,,,512.0,512.0,33.0,,D:/Backup/Mestrado/dados/Physionet/physionet_scans/ct_scans/097.nii
98,,physionet,Male,35.0,,,,,,,,True,,,,/home/validacao-retrospectiva-neuro-new/physionet_scans/ct_scans/098.nii,Normal,,,,512.0,512.0,48.0,,D:/Backup/Mestrado/dados/Physionet/physionet_scans/ct_scans/098.nii
99,,physionet,Male,18.0,,,,,,,,True,,,,/home/validacao-retrospectiva-neuro-new/physionet_scans/ct_scans/099.nii,Normal,,,,512.0,512.0,33.0,,D:/Backup/Mestrado/dados/Physionet/physionet_scans/ct_scans/099.nii
100,,physionet,Female,18.0,,,,,,,,True,,,,/home/validacao-retrospectiva-neuro-new/physionet_scans/ct_scans/100.nii,Normal,,,,512.0,512.0,34.0,,D:/Backup/Mestrado/dados/Physionet/physionet_scans/ct_scans/100.nii
101,,physionet,Female,19.0,,,,,,,,True,,,,/home/validacao-retrospectiva-neuro-new/physionet_scans/ct_scans/101.nii,Normal,,,,512.0,512.0,35.0,,D:/Backup/Mestrado/dados/Physionet/physionet_scans/ct_scans/101.nii
102,,physionet,Female,40.0,,,,,,,,True,,,,/home/validacao-retrospectiva-neuro-new/physionet_scans/ct_scans/102.nii,Normal,,,,512.0,512.0,37.0,,D:/Backup/Mestrado/dados/Physionet/physionet_scans/ct_scans/102.nii
103,,physionet,Female,58.0,,,,,,,,True,,,,/home/validacao-retrospectiva-neuro-new/physionet_scans/ct_scans/103.nii,Normal,,,,512.0,512.0,40.0,,D:/Backup/Mestrado/dados/Physionet/physionet_scans/ct_scans/103.nii
104,,physionet,Female,60.0,,,,,,,,True,,,,/home/validacao-retrospectiva-neuro-new/physionet_scans/ct_scans/104.nii,Normal,,,,512.0,512.0,31.0,,D:/Backup/Mestrado/dados/Physionet/physionet_scans/ct_scans/104.nii
105,,physionet,Female,35.0,,,,,,,,True,,,,/home/validacao-retrospectiva-neuro-new/physionet_scans/ct_scans/105.nii,Normal,,,,512.0,512.0,34.0,,D:/Backup/Mestrado/dados/Physionet/physionet_scans/ct_scans/105.nii
106,,physionet,Female,12.0,,,,,,,,True,,,,/home/validacao-retrospectiva-neuro-new/physionet_scans/ct_scans/106.nii,Normal,,,,512.0,512.0,36.0,,D:/Backup/Mestrado/dados/Physionet/physionet_scans/ct_scans/106.nii
107,,physionet,Female,50.0,,,,,,,,True,,,,/home/validacao-retrospectiva-neuro-new/physionet_scans/ct_scans/107.nii,Normal,,,,512.0,512.0,37.0,,D:/Backup/Mestrado/dados/Physionet/physionet_scans/ct_scans/107.nii
108,,physionet,Female,32.0,,,,,,,,True,,,,/home/validacao-retrospectiva-neuro-new/physionet_scans/ct_scans/108.nii,Normal,,,,512.0,512.0,58.0,,D:/Backup/Mestrado/dados/Physionet/physionet_scans/ct_scans/108.nii
109,,physionet,Female,42.0,,,,,,,,True,,,,/home/validacao-retrospectiva-neuro-new/physionet_scans/ct_scans/109.nii,Normal,,,,512.0,512.0,33.0,,D:/Backup/Mestrado/dados/Physionet/physionet_scans/ct_scans/109.nii
110,,physionet,Female,35.0,,,,,,,,True,,,,/home/validacao-retrospectiva-neuro-new/physionet_scans/ct_scans/110.nii,Normal,,,,512.0,512.0,33.0,,D:/Backup/Mestrado/dados/Physionet/physionet_scans/ct_scans/110.nii
111,,physionet,Male,65.0,,,,,,,,True,,,,/home/validacao-retrospectiva-neuro-new/physionet_scans/ct_scans/111.nii,Normal,,,,512.0,512.0,39.0,,D:/Backup/Mestrado/dados/Physionet/physionet_scans/ct_scans/111.nii
112,,physionet,Female,2.0,,,,,,,,True,,,,/home/validacao-retrospectiva-neuro-new/physionet_scans/ct_scans/112.nii,Normal,,,,512.0,512.0,38.0,,D:/Backup/Mestrado/dados/Physionet/physionet_scans/ct_scans/112.nii
113,,physionet,Female,40.0,,,,,,,,True,,,,/home/validacao-retrospectiva-neuro-new/physionet_scans/ct_scans/113.nii,Normal,,,,512.0,512.0,33.0,,D:/Backup/Mestrado/dados/Physionet/physionet_scans/ct_scans/113.nii
114,,physionet,Male,15.0,,,,,,,,True,,,,/home/validacao-retrospectiva-neuro-new/physionet_scans/ct_scans/114.nii,Normal,,,,512.0,512.0,32.0,,D:/Backup/Mestrado/dados/Physionet/physionet_scans/ct_scans/114.nii
115,,physionet,Female,31.0,,,,,,,,True,,,,/home/validacao-retrospectiva-neuro-new/physionet_scans/ct_scans/115.nii,Normal,,,,512.0,512.0,38.0,,D:/Backup/Mestrado/dados/Physionet/physionet_scans/ct_scans/115.nii
116,,physionet,Male,28.0,,,,,,,,True,,,,/home/validacao-retrospectiva-neuro-new/physionet_scans/ct_scans/116.nii,Normal,,,,512.0,512.0,36.0,,D:/Backup/Mestrado/dados/Physionet/physionet_scans/ct_scans/116.nii
117,,physionet,Male,35.0,,,,,,,,True,,,,/home/validacao-retrospectiva-neuro-new/physionet_scans/ct_scans/117.nii,Normal,,,,512.0,512.0,33.0,,D:/Backup/Mestrado/dados/Physionet/physionet_scans/ct_scans/117.nii
118,,physionet,Male,26.0,,,,,,,,True,,,,/home/validacao-retrospectiva-neuro-new/physionet_scans/ct_scans/118.nii,Normal,,,,512.0,512.0,35.0,,D:/Backup/Mestrado/dados/Physionet/physionet_scans/ct_scans/118.nii
119,,physionet,Male,23.0,,,,,,,,True,,,,/home/validacao-retrospectiva-neuro-new/physionet_scans/ct_scans/119.nii,Normal,,,,512.0,512.0,36.0,,D:/Backup/Mestrado/dados/Physionet/physionet_scans/ct_scans/119.nii
120,,physionet,Female,35.0,,,,,,,,True,,,,/home/validacao-retrospectiva-neuro-new/physionet_scans/ct_scans/120.nii,Normal,,,,512.0,512.0,35.0,,D:/Backup/Mestrado/dados/Physionet/physionet_scans/ct_scans/120.nii
121,,physionet,Female,50.0,,,,,,,,True,,,,/home/validacao-retrospectiva-neuro-new/physionet_scans/ct_scans/121.nii,Normal,,,,512.0,512.0,35.0,,D:/Backup/Mestrado/dados/Physionet/physionet_scans/ct_scans/121.nii
122,,physionet,Female,1.0,,,,,,,,True,,,,/home/validacao-retrospectiva-neuro-new/physionet_scans/ct_scans/122.nii,Normal,,,,512.0,512.0,32.0,,D:/Backup/Mestrado/dados/Physionet/physionet_scans/ct_scans/122.nii
123,,physionet,Female,31.0,,,,,,,,True,,,,/home/validacao-retrospectiva-neuro-new/physionet_scans/ct_scans/123.nii,Normal,,,,512.0,512.0,43.0,,D:/Backup/Mestrado/dados/Physionet/physionet_scans/ct_scans/123.nii
124,,physionet,Female,26.0,,,,,,,,True,,,,/home/validacao-retrospectiva-neuro-new/physionet_scans/ct_scans/124.nii,Normal,,,,512.0,512.0,37.0,,D:/Backup/Mestrado/dados/Physionet/physionet_scans/ct_scans/124.nii
125,,physionet,Female,40.0,,,,,,,,True,,,,/home/validacao-retrospectiva-neuro-new/physionet_scans/ct_scans/125.nii,Normal,,,,512.0,512.0,43.0,,D:/Backup/Mestrado/dados/Physionet/physionet_scans/ct_scans/125.nii
126,,physionet,Female,58.0,,,,,,,,True,,,,/home/validacao-retrospectiva-neuro-new/physionet_scans/ct_scans/126.nii,Normal,,,,512.0,512.0,34.0,,D:/Backup/Mestrado/dados/Physionet/physionet_scans/ct_scans/126.nii
127,,physionet,Male,5.0,,,,,,,,True,,,,/home/validacao-retrospectiva-neuro-new/physionet_scans/ct_scans/127.nii,Normal,,,,512.0,512.0,36.0,,D:/Backup/Mestrado/dados/Physionet/physionet_scans/ct_scans/127.nii
128,,physionet,Female,32.0,,,,,,,,True,,,,/home/validacao-retrospectiva-neuro-new/physionet_scans/ct_scans/128.nii,Normal,,,,512.0,512.0,35.0,,D:/Backup/Mestrado/dados/Physionet/physionet_scans/ct_scans/128.nii
129,,physionet,Female,5.0,,,,,,,,True,,,,/home/validacao-retrospectiva-neuro-new/physionet_scans/ct_scans/129.nii,Normal,,,,512.0,512.0,35.0,,D:/Backup/Mestrado/dados/Physionet/physionet_scans/ct_scans/129.nii
130,,physionet,Female,24.0,,,,,,,,True,,,,/home/validacao-retrospectiva-neuro-new/physionet_scans/ct_scans/130.nii,Normal,,,,512.0,512.0,36.0,,D:/Backup/Mestrado/dados/Physionet/physionet_scans/ct_scans/130.nii
CQ500-CT-231,"1,23E+56",cq500_dados,,,,288.0,0.625,0.429688,0.6250034843205574,10.0,-10240.0,True,,,,/home/neuro-source/main_source/datasets/cq500_2023_08/id_cq500031/id_cq500031_master_image.nii.gz,Normal,,,,,,,B2,
CQ500-CT-231,"1,23E+56",cq500_dados,,,,288.0,0.625,0.429688,0.6250034843205574,10.0,-10240.0,True,,,,/home/neuro-source/main_source/datasets/cq500_2023_08/id_cq500031/id_cq500031_master_image.nii.gz,Normal,,,,,,,B2,
CQ500-CT-200,"1,23E+56",cq500_dados,,,,288.0,0.625,0.5,0.6250034843205575,10.0,-10240.0,True,,,,/home/neuro-source/main_source/datasets/cq500_2023_08/id_cq500000/id_cq500000_master_image.nii.gz,Normal,,,,,,,B2,
CQ500-CT-420,"1,23E+56",cq500_dados,,,,256.0,0.625,0.505859,0.6455607843137254,10.0,-10240.0,False,,,,/home/neuro-source/main_source/datasets/cq500_2023_08/id_cq500020/id_cq500020_master_image.nii.gz,R1:ICH/R1:IPH/R1:IVH/R1:SDH/R1:BleedLocation-Left/R1:BleedLocation-Right/R1:MassEffect/R1:MidlineShift/R2:ICH/R2:IPH/R2:IVH/R2:BleedLocation-Right/R2:MassEffect/R2:MidlineShift/R3:ICH/R3:IPH/R3:IVH/R3:SAH/R3:BleedLocation-Right/R3:MassEffect/R3:MidlineShift,,,,,,,B2,
CQ500-CT-81,"1,23E+56",cq500_dados,,,,288.0,0.625,0.503906,0.6250034843205575,10.0,-10240.0,False,,,,/home/neuro-source/main_source/datasets/cq500_2023_08/id_cq500001/id_cq500001_master_image.nii.gz,R1:Fracture/R1:CalvarialFracture,,,,,,,B2,
CQ500-CT-32,"1,23E+56",cq500_dados,,,,256.0,0.625,0.488281,0.6427529411764706,10.0,-10240.0,True,,,,/home/neuro-source/main_source/datasets/cq500_2023_08/id_cq500002/id_cq500002_master_image.nii.gz,Normal,,,,,,,B2,
CQ500-CT-32,"1,23E+56",cq500_dados,,,,256.0,0.625,0.488281,0.6427529411764706,10.0,-10240.0,True,,,,/home/neuro-source/main_source/datasets/cq500_2023_08/id_cq500002/id_cq500002_master_image.nii.gz,Normal,,,,,,,B2,
CQ500-CT-405,"1,23E+56",cq500_dados,,,,255.0,0.625,0.429688,0.6274645669291339,10.0,-10240.0,True,,,,/home/neuro-source/main_source/datasets/cq500_2023_08/id_cq500005/id_cq500005_master_image.nii.gz,Normal,,,,,,,B2,
CQ500-CT-162,"1,23E+56",cq500_dados,,,,270.0,0.625,0.419922,0.5608438661710037,10.0,-10240.0,False,,,,/home/neuro-source/main_source/datasets/cq500_2023_08/id_cq500062/id_cq500062_master_image.nii.gz,R1:MassEffect/R1:MidlineShift,,,,,,,B2,
CQ500-CT-162,"1,23E+56",cq500_dados,,,,240.0,0.625,0.419922,0.6312426778242678,10.0,-10240.0,False,,,,/home/neuro-source/main_source/datasets/cq500_2023_08/id_cq500062/id_cq500062_master_image.nii.gz,R1:MassEffect/R1:MidlineShift,,,,,,,B2,
CQ500-CT-162,"1,23E+56",cq500_dados,,,,192.0,0.625,0.40625,0.8556387434554974,10.0,-10240.0,False,,,,/home/neuro-source/main_source/datasets/cq500_2023_08/id_cq500062/id_cq500062_master_image.nii.gz,R1:MassEffect/R1:MidlineShift,,,,,,,B2,
CQ500-CT-257,"1,23E+56",cq500_dados,,,,256.0,0.625,0.488281,0.6327843137254903,10.0,-10240.0,False,,,,/home/neuro-source/main_source/datasets/cq500_2023_08/id_cq500057/id_cq500057_master_image.nii.gz,R1:ICH/R1:EDH/R1:BleedLocation-Right,,,,,,,B2,
CQ500-CT-488,"1,23E+56",cq500_dados,,,,224.0,0.625,0.488281,0.6694663677130045,10.0,-10240.0,False,,,,/home/neuro-source/main_source/datasets/cq500_2023_08/id_cq500088/id_cq500088_master_image.nii.gz,R1:ICH/R1:IPH/R1:IVH/R1:SAH/R1:BleedLocation-Left/R1:BleedLocation-Right/R1:MassEffect/R1:MidlineShift/R2:ICH/R2:IPH/R2:IVH/R2:BleedLocation-Left/R2:MassEffect/R2:MidlineShift/R3:ICH/R3:IPH/R3:IVH/R3:SAH/R3:BleedLocation-Left/R3:BleedLocation-Right,,,,,,,B2,
CQ500-CT-166,"1,23E+56",cq500_dados,,,,288.0,0.625,0.488281,0.6284390243902439,10.0,-10240.0,False,,,,/home/neuro-source/main_source/datasets/cq500_2023_08/id_cq500066/id_cq500066_master_image.nii.gz,R1:ICH/R1:IPH/R1:BleedLocation-Left/R1:MassEffect/R1:MidlineShift/R2:ICH/R2:IPH/R2:BleedLocation-Left/R2:MassEffect/R2:MidlineShift/R3:ICH/R3:IPH/R3:BleedLocation-Left/R3:MassEffect/R3:MidlineShift,,,,,,,B2,
CQ500-CT-166,"1,23E+56",cq500_dados,,,,288.0,0.625,0.488281,0.6284390243902439,10.0,-10240.0,False,,,,/home/neuro-source/main_source/datasets/cq500_2023_08/id_cq500066/id_cq500066_master_image.nii.gz,R1:ICH/R1:IPH/R1:BleedLocation-Left/R1:MassEffect/R1:MidlineShift/R2:ICH/R2:IPH/R2:BleedLocation-Left/R2:MassEffect/R2:MidlineShift/R3:ICH/R3:IPH/R3:BleedLocation-Left/R3:MassEffect/R3:MidlineShift,,,,,,,B2,
CQ500-CT-321,"1,23E+56",cq500_dados,,,,187.0,0.625,0.494141,0.625005376344086,10.0,-10240.0,True,,,,/home/neuro-source/main_source/datasets/cq500_2023_08/id_cq500021/id_cq500021_master_image.nii.gz,Normal,,,,,,,B2,
CQ500-CT-273,"1,23E+56",cq500_dados,,,,128.0,0.625,0.519531,0.6319370078740157,10.0,-10240.0,False,,,,/home/neuro-source/main_source/datasets/cq500_2023_08/id_cq500073/id_cq500073_master_image.nii.gz,R1:ICH/R1:IPH/R1:BleedLocation-Right/R1:MassEffect/R1:MidlineShift/R2:ICH/R2:IPH/R2:BleedLocation-Right/R2:MassEffect/R2:MidlineShift/R3:ICH/R3:IPH/R3:BleedLocation-Right/R3:MassEffect/R3:MidlineShift,,,,,,,B2,
CQ500-CT-345,"1,23E+56",cq500_dados,,,,645.0,1.25,0.792969,1.25,10.0,-10240.0,False,,,,/home/neuro-source/main_source/datasets/cq500_2023_08/id_cq500045/id_cq500045_master_image.nii.gz,R1:ICH/R1:IPH/R1:IVH/R1:BleedLocation-Left/R1:BleedLocation-Right,,,,,,,B2,
CQ500-CT-345,"1,23E+56",cq500_dados,,,,256.0,0.625,0.582031,0.6441254901960785,10.0,-10240.0,False,,,,/home/neuro-source/main_source/datasets/cq500_2023_08/id_cq500045/id_cq500045_master_image.nii.gz,R1:ICH/R1:IPH/R1:IVH/R1:BleedLocation-Left/R1:BleedLocation-Right,,,,,,,B2,
CQ500-CT-196,"1,23E+56",cq500_dados,,,,256.0,0.625,0.488281,0.6296901960784314,10.0,-10240.0,False,,,,/home/neuro-source/main_source/datasets/cq500_2023_08/id_cq500096/id_cq500096_master_image.nii.gz,R1:ICH/R1:IPH/R1:BleedLocation-Left/R1:MassEffect/R2:ICH/R2:IPH/R2:BleedLocation-Left/R3:ICH/R3:IPH/R3:BleedLocation-Left,,,,,,,B2,
CQ500-CT-18,"1,23E+56",cq500_dados,,,,256.0,0.625,0.488281,0.6279058823529412,10.0,-10240.0,False,,,,/home/neuro-source/main_source/datasets/cq500_2023_08/id_cq500008/id_cq500008_master_image.nii.gz,R1:ICH/R1:IPH/R1:BleedLocation-Left/R2:ICH/R2:IPH/R2:BleedLocation-Left/R3:ICH/R3:IPH/R3:BleedLocation-Left,,,,,,,B2,
CQ500-CT-302,"1,23E+56",cq500_dados,,,,256.0,0.625,0.460938,0.6250039215686275,10.0,-10240.0,True,,,,/home/neuro-source/main_source/datasets/cq500_2023_08/id_cq500002/id_cq500002_master_image.nii.gz,Normal,,,,,,,B2,
CQ500-CT-367,"1,23E+56",cq500_dados,,,,256.0,0.625,0.521484,0.6250039215686275,10.0,-10240.0,True,,,,/home/neuro-source/main_source/datasets/cq500_2023_08/id_cq500067/id_cq500067_master_image.nii.gz,Normal,,,,,,,B2,
CQ500-CT-367,"1,23E+56",cq500_dados,,,,256.0,0.625,0.521484,0.6250039215686275,10.0,-10240.0,True,,,,/home/neuro-source/main_source/datasets/cq500_2023_08/id_cq500067/id_cq500067_master_image.nii.gz,Normal,,,,,,,B2,
CQ500-CT-103,"1,23E+56",cq500_dados,,,,256.0,0.625,0.429688,0.6250039215686274,10.0,-10240.0,True,,,,/home/neuro-source/main_source/datasets/cq500_2023_08/id_cq500003/id_cq500003_master_image.nii.gz,Normal,,,,,,,B2,
CQ500-CT-127,"1,23E+56",cq500_dados,,,,352.0,0.625,0.472656,0.625002849002849,10.0,-10240.0,True,,,,/home/neuro-source/main_source/datasets/cq500_2023_08/id_cq500027/id_cq500027_master_image.nii.gz,Normal,,,,,,,B2,
CQ500-CT-132,"1,23E+56",cq500_dados,,,,251.0,0.625,0.46875,0.625,10.0,-10240.0,True,,,,/home/neuro-source/main_source/datasets/cq500_2023_08/id_cq500032/id_cq500032_master_image.nii.gz,Normal,,,,,,,B1,
CQ500-CT-482,"1,23E+56",cq500_dados,,,,250.0,0.625,0.462891,0.625,10.0,-10240.0,True,,,,/home/neuro-source/main_source/datasets/cq500_2023_08/id_cq500082/id_cq500082_master_image.nii.gz,Normal,,,,,,,B1,
CQ500-CT-470,"1,23E+56",cq500_dados,,,,247.0,0.625,0.462891,0.625,10.0,-10240.0,True,,,,/home/neuro-source/main_source/datasets/cq500_2023_08/id_cq500070/id_cq500070_master_image.nii.gz,Normal,,,,,,,B1,
CQ500-CT-470,"1,23E+56",cq500_dados,,,,473.0,0.625,0.876953,0.625,10.0,-10240.0,True,,,,/home/neuro-source/main_source/datasets/cq500_2023_08/id_cq500070/id_cq500070_master_image.nii.gz,Normal,,,,,,,B1,
CQ500-CT-470,"1,23E+56",cq500_dados,,,,449.0,0.625,0.863281,0.625,10.0,-10240.0,True,,,,/home/neuro-source/main_source/datasets/cq500_2023_08/id_cq500070/id_cq500070_master_image.nii.gz,Normal,,,,,,,B1,
CQ500-CT-470,"1,23E+56",cq500_dados,,,,250.0,0.625,0.488281,0.625,10.0,-10240.0,True,,,,/home/neuro-source/main_source/datasets/cq500_2023_08/id_cq500070/id_cq500070_master_image.nii.gz,Normal,,,,,,,B1,
CQ500-CT-284,"1,23E+56",cq500_dados,,,,240.0,0.625,0.40625,0.625,10.0,-10240.0,False,,,,/home/neuro-source/main_source/datasets/cq500_2023_08/id_cq500084/id_cq500084_master_image.nii.gz,R1:ICH/R1:SDH/R1:BleedLocation-Left/R1:BleedLocation-Right,,,,,,,B1,
CQ500-CT-122,"1,23E+56",cq500_dados,,,,252.0,0.625,0.474609,0.625,10.0,-10240.0,True,,,,/home/neuro-source/main_source/datasets/cq500_2023_08/id_cq500022/id_cq500022_master_image.nii.gz,Normal,,,,,,,B1,
CQ500-CT-353,"1,23E+56",cq500_dados,,,,228.0,0.625,0.433594,0.625,10.0,-10240.0,True,,,,/home/neuro-source/main_source/datasets/cq500_2023_08/id_cq500053/id_cq500053_master_image.nii.gz,Normal,,,,,,,B1,
CQ500-CT-95,"1,23E+56",cq500_dados,,,,233.0,0.625,0.451172,0.625,10.0,-10240.0,False,,,,/home/neuro-source/main_source/datasets/cq500_2023_08/id_cq500005/id_cq500005_master_image.nii.gz,R1:ICH/R1:IPH/R1:IVH/R1:SAH/R1:BleedLocation-Left/R1:MassEffect/R1:MidlineShift/R2:ICH/R2:IPH/R2:IVH/R2:BleedLocation-Left/R2:MassEffect/R2:MidlineShift/R3:ICH/R3:IPH/R3:IVH/R3:MassEffect/R3:MidlineShift,,,,,,,B1,
CQ500-CT-47,"1,23E+56",cq500_dados,,,,228.0,0.625,0.4375,0.625,10.0,-10240.0,True,,,,/home/neuro-source/main_source/datasets/cq500_2023_08/id_cq500007/id_cq500007_master_image.nii.gz,Normal,,,,,,,B1,
CQ500-CT-276,"1,23E+56",cq500_dados,,,,233.0,0.625,0.441406,0.625,10.0,-10240.0,True,,,,/home/neuro-source/main_source/datasets/cq500_2023_08/id_cq500076/id_cq500076_master_image.nii.gz,Normal,,,,,,,B1,
CQ500-CT-480,"1,23E+56",cq500_dados,,,,233.0,0.625,0.488281,0.625,10.0,-10240.0,False,,,,/home/neuro-source/main_source/datasets/cq500_2023_08/id_cq500080/id_cq500080_master_image.nii.gz,R1:ICH/R1:SDH/R1:BleedLocation-Right/R1:ChronicBleed/R1:MassEffect/R1:MidlineShift/R2:ICH/R2:SDH/R2:BleedLocation-Right/R2:ChronicBleed/R2:MassEffect/R2:MidlineShift/R3:ICH/R3:IPH/R3:SDH/R3:BleedLocation-Right/R3:MassEffect/R3:MidlineShift,,,,,,,B1,
CQ500-CT-13,"1,23E+56",cq500_dados,,,,233.0,0.625,0.464844,0.625,10.0,-10240.0,False,,,,/home/neuro-source/main_source/datasets/cq500_2023_08/id_cq500003/id_cq500003_master_image.nii.gz,R1:ICH/R1:IPH/R1:SDH/R1:SAH/R1:BleedLocation-Left/R1:BleedLocation-Right/R1:Fracture/R1:CalvarialFracture/R1:MassEffect/R2:ICH/R2:IPH/R2:EDH/R2:BleedLocation-Left/R2:BleedLocation-Right/R2:Fracture/R2:CalvarialFracture/R2:MassEffect/R2:MidlineShift/R3:ICH/R3:IPH/R3:SDH/R3:EDH/R3:BleedLocation-Left/R3:BleedLocation-Right/R3:Fracture/R3:CalvarialFracture,,,,,,,B1,
CQ500-CT-124,"1,23E+56",cq500_dados,,,,232.0,0.625,0.414062,0.625,10.0,-10240.0,True,,,,/home/neuro-source/main_source/datasets/cq500_2023_08/id_cq500024/id_cq500024_master_image.nii.gz,Normal,,,,,,,B1,
CQ500-CT-124,"1,23E+56",cq500_dados,,,,226.0,0.625,0.414062,0.625,10.0,-10240.0,True,,,,/home/neuro-source/main_source/datasets/cq500_2023_08/id_cq500024/id_cq500024_master_image.nii.gz,Normal,,,,,,,B1,
CQ500-CT-175,"1,23E+56",cq500_dados,,,,223.0,0.625,0.421875,0.625,10.0,-10240.0,True,,,,/home/neuro-source/main_source/datasets/cq500_2023_08/id_cq500075/id_cq500075_master_image.nii.gz,Normal,,,,,,,B1,
CQ500-CT-441,"1,23E+56",cq500_dados,,,,231.0,0.625,0.455078,0.625,10.0,-10240.0,True,,,,/home/neuro-source/main_source/datasets/cq500_2023_08/id_cq500041/id_cq500041_master_image.nii.gz,Normal,,,,,,,B1,
CQ500-CT-89,"1,23E+56",cq500_dados,,,,233.0,0.625,0.419922,0.625,10.0,-10240.0,True,,,,/home/neuro-source/main_source/datasets/cq500_2023_08/id_cq500009/id_cq500009_master_image.nii.gz,Normal,,,,,,,B1,
CQ500-CT-229,"1,23E+56",cq500_dados,,,,233.0,0.625,0.462891,0.625,10.0,-10240.0,True,,,,/home/neuro-source/main_source/datasets/cq500_2023_08/id_cq500029/id_cq500029_master_image.nii.gz,Normal,,,,,,,B1,
CQ500-CT-195,"1,23E+56",cq500_dados,,,,233.0,0.625,0.431641,0.625,10.0,-10240.0,True,,,,/home/neuro-source/main_source/datasets/cq500_2023_08/id_cq500095/id_cq500095_master_image.nii.gz,Normal,,,,,,,B1,
CQ500-CT-349,"1,23E+56",cq500_dados,,,,335.0,0.625,0.488281,0.625,10.0,-10240.0,False,,,,/home/neuro-source/main_source/datasets/cq500_2023_08/id_cq500049/id_cq500049_master_image.nii.gz,R1:Fracture/R1:OtherFracture/R2:Fracture/R2:OtherFracture,,,,,,,B1,
CQ500-CT-36,"1,23E+56",cq500_dados,,,,233.0,0.625,0.4375,0.625,10.0,-10240.0,True,,,,/home/neuro-source/main_source/datasets/cq500_2023_08/id_cq500006/id_cq500006_master_image.nii.gz,Normal,,,,,,,B1,
CQ500-CT-69,"1,23E+56",cq500_dados,,,,233.0,0.625,0.427734,0.625,10.0,-10240.0,True,,,,/home/neuro-source/main_source/datasets/cq500_2023_08/id_cq500009/id_cq500009_master_image.nii.gz,Normal,,,,,,,B1,
CQ500-CT-311,"1,23E+56",cq500_dados,,,,233.0,0.625,0.443359,0.625,10.0,-10240.0,True,,,,/home/neuro-source/main_source/datasets/cq500_2023_08/id_cq500011/id_cq500011_master_image.nii.gz,Normal,,,,,,,B1,
CQ500-CT-74,"1,23E+56",cq500_dados,,,,240.0,0.625,0.457031,0.625,10.0,-10240.0,True,,,,/home/neuro-source/main_source/datasets/cq500_2023_08/id_cq500004/id_cq500004_master_image.nii.gz,Normal,,,,,,,B1,
CQ500-CT-192,"1,23E+56",cq500_dados,,,,250.0,0.625,0.453125,0.625,10.0,-10240.0,False,,,,/home/neuro-source/main_source/datasets/cq500_2023_08/id_cq500092/id_cq500092_master_image.nii.gz,R1:ICH/R1:SDH/R1:BleedLocation-Left/R1:ChronicBleed/R1:MassEffect/R1:MidlineShift/R2:ICH/R2:SDH/R2:BleedLocation-Left/R2:ChronicBleed/R2:MassEffect/R2:MidlineShift/R3:ICH/R3:SDH/R3:BleedLocation-Left/R3:MassEffect/R3:MidlineShift,,,,,,,B1,
CQ500-CT-98,"1,23E+56",cq500_dados,,,,270.0,0.625,0.482422,0.625,10.0,-10240.0,True,,,,/home/neuro-source/main_source/datasets/cq500_2023_08/id_cq500008/id_cq500008_master_image.nii.gz,Normal,,,,,,,B1,
CQ500-CT-97,"1,23E+56",cq500_dados,,,,245.0,0.625,0.417969,0.625,10.0,-10240.0,True,,,,/home/neuro-source/main_source/datasets/cq500_2023_08/id_cq500007/id_cq500007_master_image.nii.gz,Normal,,,,,,,B1,
CQ500-CT-194,"1,23E+56",cq500_dados,,,,233.0,0.625,0.398438,0.625,10.0,-10240.0,True,,,,/home/neuro-source/main_source/datasets/cq500_2023_08/id_cq500094/id_cq500094_master_image.nii.gz,Normal,,,,,,,B1,
CQ500-CT-194,"1,23E+56",cq500_dados,,,,233.0,0.625,0.398438,0.625,10.0,-10240.0,True,,,,/home/neuro-source/main_source/datasets/cq500_2023_08/id_cq500094/id_cq500094_master_image.nii.gz,Normal,,,,,,,B1,
CQ500-CT-23,"1,23E+56",cq500_dados,,,,225.0,0.625,0.419922,0.625,10.0,-10240.0,True,,,,/home/neuro-source/main_source/datasets/cq500_2023_08/id_cq500003/id_cq500003_master_image.nii.gz,Normal,,,,,,,B1,
CQ500-CT-23,"1,23E+56",cq500_dados,,,,225.0,0.625,0.419922,0.625,10.0,-10240.0,True,,,,/home/neuro-source/main_source/datasets/cq500_2023_08/id_cq500003/id_cq500003_master_image.nii.gz,Normal,,,,,,,B1,
CQ500-CT-439,"1,23E+56",cq500_dados,,,,225.0,0.625,0.431641,0.625,10.0,-10240.0,True,,,,/home/neuro-source/main_source/datasets/cq500_2023_08/id_cq500039/id_cq500039_master_image.nii.gz,Normal,,,,,,,B1,
CQ500-CT-71,"1,23E+56",cq500_dados,,,,233.0,0.625,0.4375,0.625,10.0,-10240.0,True,,,,/home/neuro-source/main_source/datasets/cq500_2023_08/id_cq500001/id_cq500001_master_image.nii.gz,Normal,,,,,,,B1,
CQ500-CT-71,"1,23E+56",cq500_dados,,,,233.0,0.625,0.4375,0.625,10.0,-10240.0,True,,,,/home/neuro-source/main_source/datasets/cq500_2023_08/id_cq500001/id_cq500001_master_image.nii.gz,Normal,,,,,,,B1,
CQ500-CT-31,"1,23E+56",cq500_dados,,,,233.0,0.625,0.380859,0.625,10.0,-10240.0,False,,,,/home/neuro-source/main_source/datasets/cq500_2023_08/id_cq500001/id_cq500001_master_image.nii.gz,R1:ICH/R1:IPH/R1:BleedLocation-Left/R1:MassEffect,,,,,,,B1,
CQ500-CT-390,"1,23E+56",cq500_dados,,,,222.0,0.625,0.380859,0.625,10.0,-10240.0,True,,,,/home/neuro-source/main_source/datasets/cq500_2023_08/id_cq500090/id_cq500090_master_image.nii.gz,Normal,,,,,,,B1,
CQ500-CT-390,"1,23E+56",cq500_dados,,,,222.0,0.625,0.380859,0.625,10.0,-10240.0,True,,,,/home/neuro-source/main_source/datasets/cq500_2023_08/id_cq500090/id_cq500090_master_image.nii.gz,Normal,,,,,,,B1,
CQ500-CT-138,"1,23E+56",cq500_dados,,,,246.0,0.625,0.488281,0.625,10.0,-10240.0,True,,,,/home/neuro-source/main_source/datasets/cq500_2023_08/id_cq500038/id_cq500038_master_image.nii.gz,Normal,,,,,,,B1,
CQ500-CT-286,"1,23E+56",cq500_dados,,,,233.0,0.625,0.53125,0.625,10.0,-10240.0,True,,,,/home/neuro-source/main_source/datasets/cq500_2023_08/id_cq500086/id_cq500086_master_image.nii.gz,Normal,,,,,,,B1,
CQ500-CT-72,"1,23E+56",cq500_dados,,,,238.0,0.625,0.435547,0.625,10.0,-10240.0,True,,,,/home/neuro-source/main_source/datasets/cq500_2023_08/id_cq500002/id_cq500002_master_image.nii.gz,Normal,,,,,,,B1,
CQ500-CT-72,"1,23E+56",cq500_dados,,,,238.0,0.625,0.435547,0.625,10.0,-10240.0,True,,,,/home/neuro-source/main_source/datasets/cq500_2023_08/id_cq500002/id_cq500002_master_image.nii.gz,Normal,,,,,,,B1,
CQ500-CT-105,"1,23E+56",cq500_dados,,,,232.0,0.625,0.398438,0.625,10.0,-10240.0,True,,,,/home/neuro-source/main_source/datasets/cq500_2023_08/id_cq500005/id_cq500005_master_image.nii.gz,Normal,,,,,,,B1,
CQ500-CT-105,"1,23E+56",cq500_dados,,,,224.0,0.625,0.392578,0.625,10.0,-10240.0,True,,,,/home/neuro-source/main_source/datasets/cq500_2023_08/id_cq500005/id_cq500005_master_image.nii.gz,Normal,,,,,,,B1,
CQ500-CT-88,"1,23E+56",cq500_dados,,,,247.0,0.625,0.488281,0.625,10.0,-10240.0,True,,,,/home/neuro-source/main_source/datasets/cq500_2023_08/id_cq500008/id_cq500008_master_image.nii.gz,Normal,,,,,,,B1,
CQ500-CT-88,"1,23E+56",cq500_dados,,,,247.0,0.625,0.488281,0.625,10.0,-10240.0,True,,,,/home/neuro-source/main_source/datasets/cq500_2023_08/id_cq500008/id_cq500008_master_image.nii.gz,Normal,,,,,,,B1,
CQ500-CT-467,"1,23E+56",cq500_dados,,,,246.0,0.625,0.472656,0.625,10.0,-10240.0,True,,,,/home/neuro-source/main_source/datasets/cq500_2023_08/id_cq500067/id_cq500067_master_image.nii.gz,Normal,,,,,,,B1,
CQ500-CT-146,"1,23E+56",cq500_dados,,,,233.0,0.625,0.419922,0.625,10.0,-10240.0,True,,,,/home/neuro-source/main_source/datasets/cq500_2023_08/id_cq500046/id_cq500046_master_image.nii.gz,Normal,,,,,,,B1,
CQ500-CT-146,"1,23E+56",cq500_dados,,,,233.0,0.625,0.419922,0.625,10.0,-10240.0,True,,,,/home/neuro-source/main_source/datasets/cq500_2023_08/id_cq500046/id_cq500046_master_image.nii.gz,Normal,,,,,,,B1,
CQ500-CT-324,"1,23E+56",cq500_dados,,,,233.0,0.625,0.488281,0.625,10.0,-10240.0,True,,,,/home/neuro-source/main_source/datasets/cq500_2023_08/id_cq500024/id_cq500024_master_image.nii.gz,Normal,,,,,,,B1,
CQ500-CT-477,"1,23E+56",cq500_dados,,,,418.0,0.625,0.785156,0.625,10.0,-10240.0,False,,,,/home/neuro-source/main_source/datasets/cq500_2023_08/id_cq500077/id_cq500077_master_image.nii.gz,R2:Fracture/R2:OtherFracture,,,,,,,B1,
CQ500-CT-477,"1,23E+56",cq500_dados,,,,242.0,0.625,0.460938,0.625,10.0,-10240.0,False,,,,/home/neuro-source/main_source/datasets/cq500_2023_08/id_cq500077/id_cq500077_master_image.nii.gz,R2:Fracture/R2:OtherFracture,,,,,,,B1,
CQ500-CT-34,"1,23E+56",cq500_dados,,,,249.0,0.625,0.482422,0.625,10.0,-10240.0,True,,,,/home/neuro-source/main_source/datasets/cq500_2023_08/id_cq500004/id_cq500004_master_image.nii.gz,Normal,,,,,,,B1,
CQ500-CT-165,"1,23E+56",cq500_dados,,,,239.0,0.625,0.488281,0.625,10.0,-10240.0,True,,,,/home/neuro-source/main_source/datasets/cq500_2023_08/id_cq500065/id_cq500065_master_image.nii.gz,Normal,,,,,,,B1,
CQ500-CT-252,"1,23E+56",cq500_dados,,,,260.0,0.625,0.488281,0.625,10.0,-10240.0,True,,,,/home/neuro-source/main_source/datasets/cq500_2023_08/id_cq500052/id_cq500052_master_image.nii.gz,Normal,,,,,,,B1,
CQ500-CT-39,"1,23E+56",cq500_dados,,,,233.0,0.625,0.488281,0.625,10.0,-10240.0,True,,,,/home/neuro-source/main_source/datasets/cq500_2023_08/id_cq500009/id_cq500009_master_image.nii.gz,Normal,,,,,,,B1,
CQ500-CT-21,"1,23E+56",cq500_dados,,,,226.0,0.625,0.416016,0.625,10.0,-10240.0,True,,,,/home/neuro-source/main_source/datasets/cq500_2023_08/id_cq500001/id_cq500001_master_image.nii.gz,Normal,,,,,,,B1,
CQ500-CT-77,"1,23E+56",cq500_dados,,,,233.0,0.625,0.447266,0.625,10.0,-10240.0,True,,,,/home/neuro-source/main_source/datasets/cq500_2023_08/id_cq500007/id_cq500007_master_image.nii.gz,Normal,,,,,,,B1,
CQ500-CT-265,"1,23E+56",cq500_dados,,,,221.0,0.625,0.396484,0.625,10.0,-10240.0,False,,,,/home/neuro-source/main_source/datasets/cq500_2023_08/id_cq500065/id_cq500065_master_image.nii.gz,R1:ICH/R1:IPH/R1:BleedLocation-Left/R1:BleedLocation-Right,,,,,,,B1,
CQ500-CT-265,"1,23E+56",cq500_dados,,,,217.0,0.625,0.431641,0.625,10.0,-10240.0,False,,,,/home/neuro-source/main_source/datasets/cq500_2023_08/id_cq500065/id_cq500065_master_image.nii.gz,R1:ICH/R1:IPH/R1:BleedLocation-Left/R1:BleedLocation-Right,,,,,,,B1,
CQ500-CT-42,"1,23E+56",cq500_dados,,,,237.0,0.625,0.408203,0.625,10.0,-10240.0,True,,,,/home/neuro-source/main_source/datasets/cq500_2023_08/id_cq500002/id_cq500002_master_image.nii.gz,Normal,,,,,,,B1,
CQ500-CT-289,"1,23E+56",cq500_dados,,,,233.0,0.625,0.439453,0.625,10.0,-10240.0,False,,,,/home/neuro-source/main_source/datasets/cq500_2023_08/id_cq500089/id_cq500089_master_image.nii.gz,R1:MassEffect,,,,,,,B1,
CQ500-CT-289,"1,23E+56",cq500_dados,,,,233.0,0.625,0.488281,0.625,10.0,-10240.0,False,,,,/home/neuro-source/main_source/datasets/cq500_2023_08/id_cq500089/id_cq500089_master_image.nii.gz,R1:MassEffect,,,,,,,B1,
CQ500-CT-99,"1,23E+56",cq500_dados,,,,246.0,0.625,0.513672,0.625,10.0,-10240.0,True,,,,/home/neuro-source/main_source/datasets/cq500_2023_08/id_cq500009/id_cq500009_master_image.nii.gz,Normal,,,,,,,B1,
CQ500-CT-218,"1,23E+56",cq500_dados,,,,207.0,0.625,0.412109,0.6503203883495146,10.0,-10240.0,False,,,,/home/neuro-source/main_source/datasets/cq500_2023_08/id_cq500018/id_cq500018_master_image.nii.gz,R2:Fracture/R2:CalvarialFracture,,,,,,,B1,
CQ500-CT-293,"1,23E+56",cq500_dados,,,,240.0,0.625,0.441406,0.626878661087866,10.0,-10240.0,True,,,,/home/neuro-source/main_source/datasets/cq500_2023_08/id_cq500093/id_cq500093_master_image.nii.gz,Normal,,,,,,,B1,
CQ500-CT-308,"1,23E+56",cq500_dados,,,,224.0,0.625,0.445312,0.6471793721973094,10.0,-10240.0,True,,,,/home/neuro-source/main_source/datasets/cq500_2023_08/id_cq500008/id_cq500008_master_image.nii.gz,Normal,,,,,,,B1,
CQ500-CT-145,"1,23E+56",cq500_dados,,,,50.0,0.625,0.431641,0.6518571428571428,10.0,-10240.0,True,,,,/home/neuro-source/main_source/datasets/cq500_2023_08/id_cq500045/id_cq500045_master_image.nii.gz,Normal,,,,,,,B1,
CQ500-CT-70,"1,23E+56",cq500_dados,,,,76.0,0.625,0.488281,0.6378133333333333,10.0,-10240.0,True,,,,/home/neuro-source/main_source/datasets/cq500_2023_08/id_cq500000/id_cq500000_master_image.nii.gz,Normal,,,,,,,B1,
CQ500-CT-30,"1,23E+56",cq500_dados,,,,256.0,0.625,0.464844,0.6278196078431373,10.0,-10240.0,True,,,,/home/neuro-source/main_source/datasets/cq500_2023_08/id_cq500000/id_cq500000_master_image.nii.gz,Normal,,,,,,,B2,
CQ500-CT-343,"1,23E+56",cq500_dados,,,,249.0,0.625,0.488281,0.625,10.0,-10240.0,False,,,,/home/neuro-source/main_source/datasets/cq500_2023_08/id_cq500043/id_cq500043_master_image.nii.gz,R1:ICH/R1:IPH/R1:IVH/R1:BleedLocation-Left/R1:BleedLocation-Right/R1:MassEffect/R1:MidlineShift/R2:ICH/R2:IPH/R2:IVH/R2:BleedLocation-Right/R2:MassEffect/R2:MidlineShift/R3:ICH/R3:IVH/R3:BleedLocation-Right/R3:MassEffect/R3:MidlineShift,,,,,,,B1,
CQ500-CT-294,"1,23E+56",cq500_dados,,,,240.0,0.625,0.472656,0.6250041841004185,10.0,-10240.0,True,,,,/home/neuro-source/main_source/datasets/cq500_2023_08/id_cq500094/id_cq500094_master_image.nii.gz,Normal,,,,,,,B1,
CQ500-CT-91,"1,23E+56",cq500_dados,,,,12.0,0.625,0.482422,0.6273636363636365,10.0,-10240.0,True,,,,/home/neuro-source/main_source/datasets/cq500_2023_08/id_cq500001/id_cq500001_master_image.nii.gz,Normal,,,,,,,B1,
CQ500-CT-279,"1,23E+56",cq500_dados,,,,16.0,0.625,0.488281,0.6590666666666666,10.0,-10240.0,False,,,,/home/neuro-source/main_source/datasets/cq500_2023_08/id_cq500079/id_cq500079_master_image.nii.gz,R1:ICH/R1:IPH/R1:BleedLocation-Left/R1:MassEffect/R2:ICH/R2:IPH/R2:BleedLocation-Left/R2:MassEffect/R2:MidlineShift/R3:ICH/R3:IPH/R3:BleedLocation-Left,,,,,,,B1,
CQ500-CT-464,"1,23E+56",cq500_dados,,,,12.0,0.625,0.488281,0.631181818181818,10.0,-10240.0,True,,,,/home/neuro-source/main_source/datasets/cq500_2023_08/id_cq500064/id_cq500064_master_image.nii.gz,Normal,,,,,,,B1,
CQ500-CT-37,"1,23E+56",cq500_dados,,,,240.0,0.625,0.476562,0.633744769874477,10.0,-10240.0,True,,,,/home/neuro-source/main_source/datasets/cq500_2023_08/id_cq500007/id_cq500007_master_image.nii.gz,Normal,,,,,,,B1,
CQ500-CT-486,"1,23E+56",cq500_dados,,,,88.0,0.625,0.460938,0.6718620689655173,10.0,-10240.0,False,,,,/home/neuro-source/main_source/datasets/cq500_2023_08/id_cq500086/id_cq500086_master_image.nii.gz,R1:ICH/R1:IPH/R1:BleedLocation-Left/R1:MassEffect/R1:MidlineShift,,,,,,,B1,
CQ500-CT-486,"1,23E+56",cq500_dados,,,,224.0,0.625,0.445312,0.6631210762331838,10.0,-10240.0,False,,,,/home/neuro-source/main_source/datasets/cq500_2023_08/id_cq500086/id_cq500086_master_image.nii.gz,R1:ICH/R1:IPH/R1:BleedLocation-Left/R1:MassEffect/R1:MidlineShift,,,,,,,B1,
CQ500-CT-460,"1,23E+56",cq500_dados,,,,123.0,0.625,0.449219,12.961.147.540.983.600,10.0,-10240.0,True,,,,/home/neuro-source/main_source/datasets/cq500_2023_08/id_cq500060/id_cq500060_master_image.nii.gz,Normal,,,,,,,B1,
CQ500-CT-92,"1,23E+56",cq500_dados,,,,197.0,0.625,0.488281,0.6250051020408164,10.0,-10240.0,False,,,,/home/neuro-source/main_source/datasets/cq500_2023_08/id_cq500002/id_cq500002_master_image.nii.gz,R1:ICH/R1:IPH/R1:BleedLocation-Left/R1:MassEffect/R2:ICH/R2:IPH/R2:BleedLocation-Left/R2:MassEffect/R2:MidlineShift/R3:ICH/R3:IPH/R3:BleedLocation-Left/R3:MassEffect,,,,,,,B1,
CQ500-CT-92,"1,23E+56",cq500_dados,,,,256.0,0.625,0.488281,0.6284392156862746,10.0,-10240.0,False,,,,/home/neuro-source/main_source/datasets/cq500_2023_08/id_cq500002/id_cq500002_master_image.nii.gz,R1:ICH/R1:IPH/R1:BleedLocation-Left/R1:MassEffect/R2:ICH/R2:IPH/R2:BleedLocation-Left/R2:MassEffect/R2:MidlineShift/R3:ICH/R3:IPH/R3:BleedLocation-Left/R3:MassEffect,,,,,,,B1,
CQ500-CT-116,"1,23E+56",cq500_dados,,,,42.0,0.625,0.488281,0.6415365853658537,10.0,-10240.0,True,,,,/home/neuro-source/main_source/datasets/cq500_2023_08/id_cq500016/id_cq500016_master_image.nii.gz,Normal,,,,,,,B1,
CQ500-CT-485,"1,23E+56",cq500_dados,,,,240.0,0.625,0.441406,0.625,10.0,-10240.0,False,,,,/home/neuro-source/main_source/datasets/cq500_2023_08/id_cq500085/id_cq500085_master_image.nii.gz,R1:ICH/R1:IPH/R1:BleedLocation-Left/R1:MassEffect/R2:ICH/R2:IPH/R2:BleedLocation-Left/R2:MassEffect/R2:MidlineShift/R3:ICH/R3:IPH/R3:BleedLocation-Left,,,,,,,B1,
CQ500-CT-327,"1,23E+56",cq500_dados,,,,174.0,0.625,0.447266,0.6440635838150289,10.0,-10240.0,True,,,,/home/neuro-source/main_source/datasets/cq500_2023_08/id_cq500027/id_cq500027_master_image.nii.gz,Normal,,,,,,,B1,
CQ500-CT-178,"1,23E+56",cq500_dados,,,,208.0,0.625,0.488281,0.6250048309178744,10.0,-10240.0,True,,,,/home/neuro-source/main_source/datasets/cq500_2023_08/id_cq500078/id_cq500078_master_image.nii.gz,Normal,,,,,,,B1,
CQ500-CT-315,"1,23E+56",cq500_dados,,,,53.0,0.625,0.439453,0.625,10.0,-10240.0,True,,,,/home/neuro-source/main_source/datasets/cq500_2023_08/id_cq500015/id_cq500015_master_image.nii.gz,Normal,,,,,,,B1,
CQ500-CT-392,"1,23E+56",cq500_dados,,,,235.0,0.625,0.488281,0.6296880341880342,10.0,-10240.0,False,,,,/home/neuro-source/main_source/datasets/cq500_2023_08/id_cq500092/id_cq500092_master_image.nii.gz,R1:ICH/R1:IPH/R1:BleedLocation-Right/R1:MassEffect/R2:ICH/R2:IPH/R2:BleedLocation-Right/R2:MassEffect/R2:MidlineShift/R3:ICH/R3:IPH/R3:BleedLocation-Right,,,,,,,B1,
CQ500-CT-392,"1,23E+56",cq500_dados,,,,256.0,0.625,0.488281,0.6296862745098039,10.0,-10240.0,False,,,,/home/neuro-source/main_source/datasets/cq500_2023_08/id_cq500092/id_cq500092_master_image.nii.gz,R1:ICH/R1:IPH/R1:BleedLocation-Right/R1:MassEffect/R2:ICH/R2:IPH/R2:BleedLocation-Right/R2:MassEffect/R2:MidlineShift/R3:ICH/R3:IPH/R3:BleedLocation-Right,,,,,,,B1,
CQ500-CT-179,"1,23E+56",cq500_dados,,,,240.0,0.625,0.455078,0.625,10.0,-10240.0,True,,,,/home/neuro-source/main_source/datasets/cq500_2023_08/id_cq500079/id_cq500079_master_image.nii.gz,Normal,,,,,,,B1,
CQ500-CT-104,"1,23E+56",cq500_dados,,,,224.0,0.625,0.431641,0.6631210762331838,10.0,-10240.0,True,,,,/home/neuro-source/main_source/datasets/cq500_2023_08/id_cq500004/id_cq500004_master_image.nii.gz,Normal,,,,,,,B1,
CQ500-CT-292,"1,23E+56",cq500_dados,,,,240.0,0.625,0.470703,0.6284393305439331,10.0,-10240.0,True,,,,/home/neuro-source/main_source/datasets/cq500_2023_08/id_cq500092/id_cq500092_master_image.nii.gz,Normal,,,,,,,B1,
CQ500-CT-292,"1,23E+56",cq500_dados,,,,240.0,0.625,0.470703,0.6284393305439331,10.0,-10240.0,True,,,,/home/neuro-source/main_source/datasets/cq500_2023_08/id_cq500092/id_cq500092_master_image.nii.gz,Normal,,,,,,,B1,
CQ500-CT-331,"1,23E+56",cq500_dados,,,,188.0,0.625,0.46875,0.6790534759358289,10.0,-10240.0,True,,,,/home/neuro-source/main_source/datasets/cq500_2023_08/id_cq500031/id_cq500031_master_image.nii.gz,Normal,,,,,,,B1,
CQ500-CT-259,"1,23E+56",cq500_dados,,,,46.0,0.625,0.455078,0.6312222222222222,10.0,-10240.0,True,,,,/home/neuro-source/main_source/datasets/cq500_2023_08/id_cq500059/id_cq500059_master_image.nii.gz,Normal,,,,,,,B1,
CQ500-CT-280,"1,23E+56",cq500_dados,,,,56.0,0.625,0.423828,0.625,10.0,-10240.0,True,,,,/home/neuro-source/main_source/datasets/cq500_2023_08/id_cq500080/id_cq500080_master_image.nii.gz,Normal,,,,,,,B1,
CQ500-CT-26,"1,23E+56",cq500_dados,,,,70.0,0.625,0.412109,0.6284492753623188,10.0,-10240.0,True,,,,/home/neuro-source/main_source/datasets/cq500_2023_08/id_cq500006/id_cq500006_master_image.nii.gz,Normal,,,,,,,B1,
CQ500-CT-26,"1,23E+56",cq500_dados,,,,240.0,0.625,0.412109,0.625,10.0,-10240.0,True,,,,/home/neuro-source/main_source/datasets/cq500_2023_08/id_cq500006/id_cq500006_master_image.nii.gz,Normal,,,,,,,B1,
CQ500-CT-51,"1,23E+56",cq500_dados,,,,26.0,0.625,0.460938,0.62656,10.0,-10240.0,True,,,,/home/neuro-source/main_source/datasets/cq500_2023_08/id_cq500001/id_cq500001_master_image.nii.gz,Normal,,,,,,,B1,
CQ500-CT-83,"1,23E+56",cq500_dados,,,,17.0,0.625,0.451172,0.6249999999999999,10.0,-10240.0,True,,,,/home/neuro-source/main_source/datasets/cq500_2023_08/id_cq500003/id_cq500003_master_image.nii.gz,Normal,,,,,,,B1,
CQ500-CT-171,"1,23E+56",cq500_dados,,,,18.0,0.625,0.466797,0.6278235294117648,10.0,-10240.0,False,,,,/home/neuro-source/main_source/datasets/cq500_2023_08/id_cq500071/id_cq500071_master_image.nii.gz,R1:Fracture/R1:OtherFracture/R2:Fracture/R2:CalvarialFracture/R2:OtherFracture,,,,,,,B1,
CQ500-CT-38,"1,23E+56",cq500_dados,,,,69.0,0.625,0.488281,0.6290735294117648,10.0,-10240.0,True,,,,/home/neuro-source/main_source/datasets/cq500_2023_08/id_cq500008/id_cq500008_master_image.nii.gz,Normal,,,,,,,B1,
CQ500-CT-450,"1,23E+56",cq500_dados,,,,15.0,0.625,0.443359,0.6485714285714285,10.0,-10240.0,True,,,,/home/neuro-source/main_source/datasets/cq500_2023_08/id_cq500050/id_cq500050_master_image.nii.gz,Normal,,,,,,,B1,
CQ500-CT-450,"1,23E+56",cq500_dados,,,,224.0,0.625,0.455078,0.6390538116591927,10.0,-10240.0,True,,,,/home/neuro-source/main_source/datasets/cq500_2023_08/id_cq500050/id_cq500050_master_image.nii.gz,Normal,,,,,,,B1,
CQ500-CT-223,"1,23E+56",cq500_dados,,,,204.0,0.625,0.488281,0.6312463054187192,10.0,-10240.0,True,,,,/home/neuro-source/main_source/datasets/cq500_2023_08/id_cq500023/id_cq500023_master_image.nii.gz,Normal,,,,,,,B1,
CQ500-CT-283,"1,23E+56",cq500_dados,,,,16.0,0.625,0.488281,0.6502,10.0,-10240.0,False,,,,/home/neuro-source/main_source/datasets/cq500_2023_08/id_cq500083/id_cq500083_master_image.nii.gz,R1:ICH/R1:SDH/R1:BleedLocation-Left/R1:ChronicBleed,,,,,,,B1,
CQ500-CT-283,"1,23E+56",cq500_dados,,,,240.0,0.625,0.488281,0.650305439330544,10.0,-10240.0,False,,,,/home/neuro-source/main_source/datasets/cq500_2023_08/id_cq500083/id_cq500083_master_image.nii.gz,R1:ICH/R1:SDH/R1:BleedLocation-Left/R1:ChronicBleed,,,,,,,B1,
CQ500-CT-351,"1,23E+56",cq500_dados,,,,32.0,0.625,0.451172,0.640258064516129,10.0,-10240.0,True,,,,/home/neuro-source/main_source/datasets/cq500_2023_08/id_cq500051/id_cq500051_master_image.nii.gz,Normal,,,,,,,B1,
CQ500-CT-140,"1,23E+56",cq500_dados,,,,256.0,0.625,0.488281,0.6265607843137255,10.0,-10240.0,False,,,,/home/neuro-source/main_source/datasets/cq500_2023_08/id_cq500040/id_cq500040_master_image.nii.gz,R1:ICH/R1:IPH/R1:BleedLocation-Left/R1:Fracture/R1:CalvarialFracture/R2:ICH/R2:IPH/R2:BleedLocation-Left/R2:Fracture/R2:CalvarialFracture/R3:ICH/R3:IPH/R3:BleedLocation-Left,,,,,,,B1,
CQ500-CT-453,"1,23E+56",cq500_dados,,,,222.0,0.625,0.443359,0.6787330316742082,10.0,-10240.0,True,,,,/home/neuro-source/main_source/datasets/cq500_2023_08/id_cq500053/id_cq500053_master_image.nii.gz,Normal,,,,,,,B1,
CQ500-CT-453,"1,23E+56",cq500_dados,,,,240.0,0.625,0.488281,0.6440669456066945,10.0,-10240.0,True,,,,/home/neuro-source/main_source/datasets/cq500_2023_08/id_cq500053/id_cq500053_master_image.nii.gz,Normal,,,,,,,B1,
CQ500-CT-156,"1,23E+56",cq500_dados,,,,161.0,0.625,0.4375,0.6609375,10.0,-10240.0,True,,,,/home/neuro-source/main_source/datasets/cq500_2023_08/id_cq500056/id_cq500056_master_image.nii.gz,Normal,,,,,,,B1,
CQ500-CT-143,"1,23E+56",cq500_dados,,,,59.0,0.625,0.441406,0.6290689655172415,10.0,-10240.0,False,,,,/home/neuro-source/main_source/datasets/cq500_2023_08/id_cq500043/id_cq500043_master_image.nii.gz,R1:MassEffect/R3:ICH/R3:IPH/R3:BleedLocation-Right/R3:MassEffect,,,,,,,B1,
CQ500-CT-317,"1,23E+56",cq500_dados,,,,124.0,0.625,0.443359,10.772.439.024.390.200,10.0,-10240.0,True,,,,/home/neuro-source/main_source/datasets/cq500_2023_08/id_cq500017/id_cq500017_master_image.nii.gz,Normal,,,,,,,B1,
CQ500-CT-7,"1,23E+56",cq500_dados,,,,54.0,0.625,0.478516,0.663132075471698,10.0,-10240.0,True,,,,/home/neuro-source/main_source/datasets/cq500_2023_08/id_cq500000/id_cq500000_master_image.nii.gz,Normal,,,,,,,B1,
CQ500-CT-387,"1,23E+56",cq500_dados,,,,16.0,0.625,0.460938,0.6279333333333333,10.0,-10240.0,True,,,,/home/neuro-source/main_source/datasets/cq500_2023_08/id_cq500087/id_cq500087_master_image.nii.gz,Normal,,,,,,,B1,
CQ500-CT-101,"1,23E+56",cq500_dados,,,,21.0,0.625,0.4375,0.6284499999999997,10.0,-10240.0,True,,,,/home/neuro-source/main_source/datasets/cq500_2023_08/id_cq500001/id_cq500001_master_image.nii.gz,Normal,,,,,,,B1,
CQ500-CT-101,"1,23E+56",cq500_dados,,,,224.0,0.625,0.431641,0.6268789237668162,10.0,-10240.0,True,,,,/home/neuro-source/main_source/datasets/cq500_2023_08/id_cq500001/id_cq500001_master_image.nii.gz,Normal,,,,,,,B1,
CQ500-CT-267,"1,23E+56",cq500_dados,,,,122.0,0.625,0.488281,0.625,10.0,-10240.0,True,,,,/home/neuro-source/main_source/datasets/cq500_2023_08/id_cq500067/id_cq500067_master_image.nii.gz,Normal,,,,,,,B1,
CQ500-CT-267,"1,23E+56",cq500_dados,,,,240.0,0.625,0.488281,0.625,10.0,-10240.0,True,,,,/home/neuro-source/main_source/datasets/cq500_2023_08/id_cq500067/id_cq500067_master_image.nii.gz,Normal,,,,,,,B1,
CQ500-CT-307,"1,23E+56",cq500_dados,,,,21.0,0.625,0.449219,0.625,10.0,-10240.0,True,,,,/home/neuro-source/main_source/datasets/cq500_2023_08/id_cq500007/id_cq500007_master_image.nii.gz,Normal,,,,,,,B1,
CQ500-CT-468,"1,23E+56",cq500_dados,,,,182.0,0.625,0.488281,0.6471878453038674,10.0,-10240.0,True,,,,/home/neuro-source/main_source/datasets/cq500_2023_08/id_cq500068/id_cq500068_master_image.nii.gz,Normal,,,,,,,B1,
CQ500-CT-96,"1,23E+56",cq500_dados,,,,140.0,0.625,0.488281,0.62531654676259,10.0,-10240.0,True,,,,/home/neuro-source/main_source/datasets/cq500_2023_08/id_cq500006/id_cq500006_master_image.nii.gz,Normal,,,,,,,B1,
CQ500-CT-446,"1,23E+56",cq500_dados,,,,256.0,0.625,0.472656,0.663121568627451,10.0,-10240.0,False,,,,/home/neuro-source/main_source/datasets/cq500_2023_08/id_cq500046/id_cq500046_master_image.nii.gz,R1:ICH/R1:IPH/R1:BleedLocation-Right/R1:MassEffect/R1:MidlineShift/R2:ICH/R2:IPH/R2:BleedLocation-Right/R2:MassEffect/R2:MidlineShift/R3:ICH/R3:IPH/R3:BleedLocation-Right/R3:MassEffect,,,,,,,B1,
CQ500-CT-490,"1,23E+56",cq500_dados,,,,46.0,0.625,0.488281,0.6290666666666667,10.0,-10240.0,True,,,,/home/neuro-source/main_source/datasets/cq500_2023_08/id_cq500090/id_cq500090_master_image.nii.gz,Normal,,,,,,,B1,
CQ500-CT-433,"1,23E+56",cq500_dados,,,,90.0,0.625,0.488281,0.6390449438202247,10.0,-10240.0,True,,,,/home/neuro-source/main_source/datasets/cq500_2023_08/id_cq500033/id_cq500033_master_image.nii.gz,Normal,,,,,,,B1,
CQ500-CT-356,"1,23E+56",cq500_dados,,,,288.0,0.625,0.488281,0.6250034843205574,10.0,-10240.0,False,,,,/home/neuro-source/main_source/datasets/cq500_2023_08/id_cq500056/id_cq500056_master_image.nii.gz,R1:ICH/R1:IPH,,,,,,,B1,
CQ500-CT-310,"1,23E+56",cq500_dados,,,,144.0,0.625,0.357422,0.625,10.0,-10240.0,False,,,,/home/neuro-source/main_source/datasets/cq500_2023_08/id_cq500010/id_cq500010_master_image.nii.gz,R1:ICH/R1:SDH/R1:BleedLocation-Left/R1:ChronicBleed/R1:MassEffect/R1:MidlineShift/R2:ICH/R2:EDH/R2:BleedLocation-Left/R2:ChronicBleed/R2:MassEffect/R2:MidlineShift/R3:ICH/R3:SDH/R3:BleedLocation-Left/R3:MassEffect/R3:MidlineShift,,,,,,,B2,
CQ500-CT-310,"1,23E+56",cq500_dados,,,,256.0,0.625,0.478516,0.6250039215686275,10.0,-10240.0,False,,,,/home/neuro-source/main_source/datasets/cq500_2023_08/id_cq500010/id_cq500010_master_image.nii.gz,R1:ICH/R1:SDH/R1:BleedLocation-Left/R1:ChronicBleed/R1:MassEffect/R1:MidlineShift/R2:ICH/R2:EDH/R2:BleedLocation-Left/R2:ChronicBleed/R2:MassEffect/R2:MidlineShift/R3:ICH/R3:SDH/R3:BleedLocation-Left/R3:MassEffect/R3:MidlineShift,,,,,,,B2,
CQ500-CT-193,"1,23E+56",cq500_dados,,,,256.0,0.625,0.488281,0.6273764705882353,10.0,-10240.0,True,,,,/home/neuro-source/main_source/datasets/cq500_2023_08/id_cq500093/id_cq500093_master_image.nii.gz,Normal,,,,,,,B2,
CQ500-CT-342,"1,23E+56",cq500_dados,,,,256.0,0.625,0.507812,0.636686274509804,10.0,-10240.0,False,,,,/home/neuro-source/main_source/datasets/cq500_2023_08/id_cq500042/id_cq500042_master_image.nii.gz,R1:ICH/R1:IPH/R1:IVH/R1:SAH/R1:BleedLocation-Left/R1:BleedLocation-Right/R1:MassEffect/R2:ICH/R2:IPH/R2:IVH/R2:BleedLocation-Left/R2:BleedLocation-Right/R2:MassEffect/R2:MidlineShift/R3:ICH/R3:IPH/R3:IVH/R3:SAH/R3:BleedLocation-Left/R3:BleedLocation-Right/R3:MassEffect,,,,,,,B2,
CQ500-CT-451,"1,23E+56",cq500_dados,,,,256.0,0.625,0.5,0.6250039215686275,10.0,-10240.0,True,,,,/home/neuro-source/main_source/datasets/cq500_2023_08/id_cq500051/id_cq500051_master_image.nii.gz,Normal,,,,,,,B2,
CQ500-CT-242,"1,23E+56",cq500_dados,,,,256.0,0.625,0.46875,0.6250039215686274,10.0,-10240.0,True,,,,/home/neuro-source/main_source/datasets/cq500_2023_08/id_cq500042/id_cq500042_master_image.nii.gz,Normal,,,,,,,B2,
CQ500-CT-469,"1,23E+56",cq500_dados,,,,256.0,0.625,0.53125,0.6414392156862745,10.0,-10240.0,False,,,,/home/neuro-source/main_source/datasets/cq500_2023_08/id_cq500069/id_cq500069_master_image.nii.gz,R1:ICH/R1:IPH/R1:IVH/R1:SAH/R1:BleedLocation-Left/R1:BleedLocation-Right/R1:MassEffect/R1:MidlineShift/R2:ICH/R2:IPH/R2:IVH/R2:SAH/R2:BleedLocation-Right/R2:MassEffect/R2:MidlineShift/R3:ICH/R3:IPH/R3:IVH/R3:SAH/R3:BleedLocation-Right/R3:MassEffect/R3:MidlineShift,,,,,,,B2,
CQ500-CT-60,"1,23E+56",cq500_dados,,,,256.0,0.625,0.488281,0.6304039215686273,10.0,-10240.0,False,,,,/home/neuro-source/main_source/datasets/cq500_2023_08/id_cq500000/id_cq500000_master_image.nii.gz,R1:ICH/R1:IPH/R1:BleedLocation-Right/R1:MassEffect/R2:ICH/R2:IPH/R2:BleedLocation-Right/R2:MassEffect/R2:MidlineShift/R3:ICH/R3:IPH/R3:MassEffect/R3:MidlineShift,,,,,,,B2,
CQ500-CT-60,"1,23E+56",cq500_dados,,,,256.0,0.625,0.488281,0.6304039215686273,10.0,-10240.0,False,,,,/home/neuro-source/main_source/datasets/cq500_2023_08/id_cq500000/id_cq500000_master_image.nii.gz,R1:ICH/R1:IPH/R1:BleedLocation-Right/R1:MassEffect/R2:ICH/R2:IPH/R2:BleedLocation-Right/R2:MassEffect/R2:MidlineShift/R3:ICH/R3:IPH/R3:MassEffect/R3:MidlineShift,,,,,,,B2,
CQ500-CT-152,"1,23E+56",cq500_dados,,,,240.0,0.625,0.488281,0.640305439330544,10.0,-10240.0,True,,,,/home/neuro-source/main_source/datasets/cq500_2023_08/id_cq500052/id_cq500052_master_image.nii.gz,Normal,,,,,,,B2,
CQ500-CT-357,"1,23E+56",cq500_dados,,,,256.0,0.625,0.488281,0.7216862745098039,10.0,-10240.0,True,,,,/home/neuro-source/main_source/datasets/cq500_2023_08/id_cq500057/id_cq500057_master_image.nii.gz,Normal,,,,,,,B2,
CQ500-CT-174,"1,23E+56",cq500_dados,,,,256.0,0.625,0.503906,0.6346549019607842,10.0,-10240.0,True,,,,/home/neuro-source/main_source/datasets/cq500_2023_08/id_cq500074/id_cq500074_master_image.nii.gz,Normal,,,,,,,B2,
CQ500-CT-449,"1,23E+56",cq500_dados,,,,256.0,0.625,0.488281,0.6651254901960785,10.0,-10240.0,False,,,,/home/neuro-source/main_source/datasets/cq500_2023_08/id_cq500049/id_cq500049_master_image.nii.gz,R1:ICH/R1:IPH/R1:SDH/R1:SAH/R1:BleedLocation-Left/R1:BleedLocation-Right/R1:Fracture/R1:CalvarialFracture/R1:MassEffect/R2:ICH/R2:IPH/R2:SDH/R2:SAH/R2:BleedLocation-Left/R2:BleedLocation-Right/R2:Fracture/R2:CalvarialFracture/R2:MassEffect/R2:MidlineShift/R3:ICH/R3:IPH/R3:SDH/R3:SAH/R3:BleedLocation-Left/R3:BleedLocation-Right/R3:MassEffect,,,,,,,B2,
CQ500-CT-449,"1,23E+56",cq500_dados,,,,256.0,0.625,0.488281,0.6651254901960785,10.0,-10240.0,False,,,,/home/neuro-source/main_source/datasets/cq500_2023_08/id_cq500049/id_cq500049_master_image.nii.gz,R1:ICH/R1:IPH/R1:SDH/R1:SAH/R1:BleedLocation-Left/R1:BleedLocation-Right/R1:Fracture/R1:CalvarialFracture/R1:MassEffect/R2:ICH/R2:IPH/R2:SDH/R2:SAH/R2:BleedLocation-Left/R2:BleedLocation-Right/R2:Fracture/R2:CalvarialFracture/R2:MassEffect/R2:MidlineShift/R3:ICH/R3:IPH/R3:SDH/R3:SAH/R3:BleedLocation-Left/R3:BleedLocation-Right/R3:MassEffect,,,,,,,B2,
CQ500-CT-456,"1,23E+56",cq500_dados,,,,273.0,1.25,0.767578,1.25,10.0,-10240.0,False,,,,/home/neuro-source/main_source/datasets/cq500_2023_08/id_cq500056/id_cq500056_master_image.nii.gz,R1:ICH/R1:IPH/R1:SDH/R1:SAH/R1:BleedLocation-Left/R1:BleedLocation-Right/R2:ICH/R2:IPH/R2:EDH/R2:SAH/R2:BleedLocation-Left/R3:ICH/R3:IPH/R3:SAH/R3:BleedLocation-Left/R3:BleedLocation-Right,,,,,,,B2,
CQ500-CT-456,"1,23E+56",cq500_dados,,,,256.0,0.625,0.488281,0.6789686274509804,10.0,-10240.0,False,,,,/home/neuro-source/main_source/datasets/cq500_2023_08/id_cq500056/id_cq500056_master_image.nii.gz,R1:ICH/R1:IPH/R1:SDH/R1:SAH/R1:BleedLocation-Left/R1:BleedLocation-Right/R2:ICH/R2:IPH/R2:EDH/R2:SAH/R2:BleedLocation-Left/R3:ICH/R3:IPH/R3:SAH/R3:BleedLocation-Left/R3:BleedLocation-Right,,,,,,,B2,
CQ500-CT-216,"1,23E+56",cq500_dados,,,,256.0,0.625,0.53125,0.6535607843137256,10.0,-10240.0,False,,,,/home/neuro-source/main_source/datasets/cq500_2023_08/id_cq500016/id_cq500016_master_image.nii.gz,R1:ICH/R1:SDH/R1:BleedLocation-Right/R1:ChronicBleed/R1:MassEffect/R1:MidlineShift/R2:ICH/R2:IPH/R2:SDH/R2:EDH/R2:SAH/R2:BleedLocation-Right/R2:MassEffect/R2:MidlineShift/R3:ICH/R3:IPH/R3:SDH/R3:EDH/R3:SAH/R3:BleedLocation-Right/R3:MassEffect/R3:MidlineShift,,,,,,,B2,
CQ500-CT-378,"1,23E+56",cq500_dados,,,,256.0,0.625,0.488281,0.6366862745098039,10.0,-10240.0,False,,,,/home/neuro-source/main_source/datasets/cq500_2023_08/id_cq500078/id_cq500078_master_image.nii.gz,R1:ICH/R1:SAH/R1:BleedLocation-Left/R1:BleedLocation-Right/R2:ICH/R2:SAH/R2:BleedLocation-Left/R2:BleedLocation-Right/R3:ICH/R3:SAH/R3:MassEffect,,,,,,,B2,
CQ500-CT-139,"1,23E+56",cq500_dados,,,,256.0,0.625,0.474609,0.6250039215686274,10.0,-10240.0,False,,,,/home/neuro-source/main_source/datasets/cq500_2023_08/id_cq500039/id_cq500039_master_image.nii.gz,R1:ICH/R1:EDH/R1:SAH/R1:BleedLocation-Left/R1:BleedLocation-Right/R1:MassEffect/R2:ICH/R2:EDH/R2:BleedLocation-Left/R2:BleedLocation-Right/R3:ICH/R3:EDH/R3:BleedLocation-Left/R3:BleedLocation-Right,,,,,,,B2,
CQ500-CT-15,"1,23E+56",cq500_dados,,,,220.0,0.625,0.482422,0.6250045662100456,10.0,-10240.0,False,,,,/home/neuro-source/main_source/datasets/cq500_2023_08/id_cq500005/id_cq500005_master_image.nii.gz,R1:ICH/R1:IPH/R1:SAH/R1:BleedLocation-Right/R1:MassEffect/R2:ICH/R2:IPH/R2:BleedLocation-Left/R2:MassEffect/R2:MidlineShift,,,,,,,B2,
CQ500-CT-402,"1,23E+56",cq500_dados,,,,256.0,0.625,0.488281,0.6356549019607842,10.0,-10240.0,False,,,,/home/neuro-source/main_source/datasets/cq500_2023_08/id_cq500002/id_cq500002_master_image.nii.gz,R1:ICH/R1:IPH/R1:SAH/R1:BleedLocation-Left/R1:BleedLocation-Right/R1:Fracture/R1:CalvarialFracture/R1:MassEffect/R1:MidlineShift/R2:ICH/R2:IPH/R2:SDH/R2:SAH/R2:BleedLocation-Left/R2:Fracture/R2:CalvarialFracture/R2:MassEffect/R2:MidlineShift/R3:ICH/R3:IPH/R3:SDH/R3:SAH/R3:BleedLocation-Left/R3:Fracture/R3:CalvarialFracture/R3:MassEffect/R3:MidlineShift,,,,,,,B2,
CQ500-CT-461,"1,23E+56",cq500_dados,,,,256.0,0.625,0.429688,0.6250039215686274,10.0,-10240.0,False,,,,/home/neuro-source/main_source/datasets/cq500_2023_08/id_cq500061/id_cq500061_master_image.nii.gz,R1:ICH/R1:IPH/R1:SDH/R1:BleedLocation-Left/R1:Fracture/R1:CalvarialFracture/R1:MassEffect/R1:MidlineShift/R2:ICH/R2:IPH/R2:SDH/R2:SAH/R2:BleedLocation-Left/R2:Fracture/R2:CalvarialFracture/R2:MassEffect/R2:MidlineShift/R3:ICH/R3:IPH/R3:SDH/R3:BleedLocation-Left/R3:MassEffect/R3:MidlineShift,,,,,,,B2,
CQ500-CT-249,"1,23E+56",cq500_dados,,,,256.0,0.625,0.507812,0.6296901960784314,10.0,-10240.0,False,,,,/home/neuro-source/main_source/datasets/cq500_2023_08/id_cq500049/id_cq500049_master_image.nii.gz,R1:ICH/R1:IPH/R1:BleedLocation-Left/R1:MassEffect/R2:ICH/R2:IPH/R2:BleedLocation-Left/R2:MassEffect/R2:MidlineShift/R3:ICH/R3:IPH/R3:BleedLocation-Left/R3:MassEffect,,,,,,,B2,
CQ500-CT-236,"1,23E+56",cq500_dados,,,,76.0,0.625,0.488281,0.6401866666666666,10.0,-10240.0,False,,,,/home/neuro-source/main_source/datasets/cq500_2023_08/id_cq500036/id_cq500036_master_image.nii.gz,R1:ICH/R1:IPH/R1:BleedLocation-Right/R1:MassEffect/R2:ICH/R2:IPH/R2:BleedLocation-Right/R2:MassEffect/R2:MidlineShift/R3:ICH/R3:IPH/R3:MassEffect,,,,,,,B2,
CQ500-CT-270,"1,23E+56",cq500_dados,,,,256.0,0.625,0.488281,0.6296862745098039,10.0,-10240.0,True,,,,/home/neuro-source/main_source/datasets/cq500_2023_08/id_cq500070/id_cq500070_master_image.nii.gz,Normal,,,,,,,B2,
CQ500-CT-301,"1,23E+56",cq500_dados,,,,256.0,0.625,0.488281,0.6356274509803922,10.0,-10240.0,False,,,,/home/neuro-source/main_source/datasets/cq500_2023_08/id_cq500001/id_cq500001_master_image.nii.gz,R1:MassEffect,,,,,,,B2,
CQ500-CT-361,"1,23E+56",cq500_dados,,,,256.0,0.625,0.488281,0.6273764705882353,10.0,-10240.0,True,,,,/home/neuro-source/main_source/datasets/cq500_2023_08/id_cq500061/id_cq500061_master_image.nii.gz,Normal,,,,,,,B2,
CQ500-CT-180,"1,23E+56",cq500_dados,,,,288.0,0.625,0.494141,0.6250034843205575,10.0,-10240.0,True,,,,/home/neuro-source/main_source/datasets/cq500_2023_08/id_cq500080/id_cq500080_master_image.nii.gz,Normal,,,,,,,B2,
CQ500-CT-401,"1,23E+56",cq500_dados,,,,256.0,0.625,0.529297,0.6311529411764706,10.0,-10240.0,True,,,,/home/neuro-source/main_source/datasets/cq500_2023_08/id_cq500001/id_cq500001_master_image.nii.gz,Normal,,,,,,,B2,
CQ500-CT-401,"1,23E+56",cq500_dados,,,,256.0,0.625,0.529297,0.6311529411764706,10.0,-10240.0,True,,,,/home/neuro-source/main_source/datasets/cq500_2023_08/id_cq500001/id_cq500001_master_image.nii.gz,Normal,,,,,,,B2,
CQ500-CT-271,"1,23E+56",cq500_dados,,,,256.0,0.625,0.544922,0.633686274509804,10.0,-10240.0,True,,,,/home/neuro-source/main_source/datasets/cq500_2023_08/id_cq500071/id_cq500071_master_image.nii.gz,Normal,,,,,,,B2,
CQ500-CT-237,"1,23E+56",cq500_dados,,,,200.0,0.625,0.488281,0.8008844221105528,10.0,-10240.0,False,,,,/home/neuro-source/main_source/datasets/cq500_2023_08/id_cq500037/id_cq500037_master_image.nii.gz,R1:ICH/R1:IPH/R1:BleedLocation-Left/R1:BleedLocation-Right/R1:MassEffect/R2:ICH/R2:IPH/R2:BleedLocation-Left/R2:BleedLocation-Right/R2:MassEffect/R2:MidlineShift/R3:ICH/R3:IPH/R3:BleedLocation-Left/R3:BleedLocation-Right/R3:MassEffect,,,,,,,B2,
CQ500-CT-237,"1,23E+56",cq500_dados,,,,521.0,0.625,0.740234,0.625,10.0,-10240.0,False,,,,/home/neuro-source/main_source/datasets/cq500_2023_08/id_cq500037/id_cq500037_master_image.nii.gz,R1:ICH/R1:IPH/R1:BleedLocation-Left/R1:BleedLocation-Right/R1:MassEffect/R2:ICH/R2:IPH/R2:BleedLocation-Left/R2:BleedLocation-Right/R2:MassEffect/R2:MidlineShift/R3:ICH/R3:IPH/R3:BleedLocation-Left/R3:BleedLocation-Right/R3:MassEffect,,,,,,,B2,
CQ500-CT-237,"1,23E+56",cq500_dados,,,,497.0,0.625,0.740234,0.625,10.0,-10240.0,False,,,,/home/neuro-source/main_source/datasets/cq500_2023_08/id_cq500037/id_cq500037_master_image.nii.gz,R1:ICH/R1:IPH/R1:BleedLocation-Left/R1:BleedLocation-Right/R1:MassEffect/R2:ICH/R2:IPH/R2:BleedLocation-Left/R2:BleedLocation-Right/R2:MassEffect/R2:MidlineShift/R3:ICH/R3:IPH/R3:BleedLocation-Left/R3:BleedLocation-Right/R3:MassEffect,,,,,,,B2,
CQ500-CT-237,"1,23E+56",cq500_dados,,,,240.0,0.625,0.488281,0.6250041841004185,10.0,-10240.0,False,,,,/home/neuro-source/main_source/datasets/cq500_2023_08/id_cq500037/id_cq500037_master_image.nii.gz,R1:ICH/R1:IPH/R1:BleedLocation-Left/R1:BleedLocation-Right/R1:MassEffect/R2:ICH/R2:IPH/R2:BleedLocation-Left/R2:BleedLocation-Right/R2:MassEffect/R2:MidlineShift/R3:ICH/R3:IPH/R3:BleedLocation-Left/R3:BleedLocation-Right/R3:MassEffect,,,,,,,B2,
CQ500-CT-379,"1,23E+56",cq500_dados,,,,25.0,0.625,0.488281,0.6356666666666667,10.0,-10240.0,False,,,,/home/neuro-source/main_source/datasets/cq500_2023_08/id_cq500079/id_cq500079_master_image.nii.gz,R1:ICH/R1:SDH/R1:BleedLocation-Right/R1:MassEffect/R1:MidlineShift/R2:ICH/R2:SDH/R2:BleedLocation-Right/R2:MassEffect/R2:MidlineShift/R3:ICH/R3:SDH/R3:BleedLocation-Right/R3:MassEffect/R3:MidlineShift,,,,,,,B2,
CQ500-CT-78,"1,23E+56",cq500_dados,,,,256.0,0.625,0.488281,0.6250039215686274,10.0,-10240.0,True,,,,/home/neuro-source/main_source/datasets/cq500_2023_08/id_cq500008/id_cq500008_master_image.nii.gz,Normal,,,,,,,B2,
CQ500-CT-149,"1,23E+56",cq500_dados,,,,256.0,0.625,0.488281,0.6319372549019608,10.0,-10240.0,False,,,,/home/neuro-source/main_source/datasets/cq500_2023_08/id_cq500049/id_cq500049_master_image.nii.gz,R1:ICH/R1:IPH/R1:IVH/R1:SAH/R1:BleedLocation-Left/R1:BleedLocation-Right/R2:ICH/R2:IPH/R2:BleedLocation-Left/R2:BleedLocation-Right/R2:MassEffect/R2:MidlineShift/R3:ICH/R3:IPH/R3:SAH/R3:BleedLocation-Right,,,,,,,B2,
CQ500-CT-149,"1,23E+56",cq500_dados,,,,256.0,0.625,0.488281,0.6319372549019608,10.0,-10240.0,False,,,,/home/neuro-source/main_source/datasets/cq500_2023_08/id_cq500049/id_cq500049_master_image.nii.gz,R1:ICH/R1:IPH/R1:IVH/R1:SAH/R1:BleedLocation-Left/R1:BleedLocation-Right/R2:ICH/R2:IPH/R2:BleedLocation-Left/R2:BleedLocation-Right/R2:MassEffect/R2:MidlineShift/R3:ICH/R3:IPH/R3:SAH/R3:BleedLocation-Right,,,,,,,B2,
CQ500-CT-149,"1,23E+56",cq500_dados,,,,256.0,0.625,0.488281,0.6319372549019608,10.0,-10240.0,False,,,,/home/neuro-source/main_source/datasets/cq500_2023_08/id_cq500049/id_cq500049_master_image.nii.gz,R1:ICH/R1:IPH/R1:IVH/R1:SAH/R1:BleedLocation-Left/R1:BleedLocation-Right/R2:ICH/R2:IPH/R2:BleedLocation-Left/R2:BleedLocation-Right/R2:MassEffect/R2:MidlineShift/R3:ICH/R3:IPH/R3:SAH/R3:BleedLocation-Right,,,,,,,B2,
CQ500-CT-256,"1,23E+56",cq500_dados,,,,256.0,0.625,0.488281,0.6265294117647058,10.0,-10240.0,False,,,,/home/neuro-source/main_source/datasets/cq500_2023_08/id_cq500056/id_cq500056_master_image.nii.gz,R1:ICH/R1:IPH/R1:IVH/R1:BleedLocation-Right/R1:MassEffect/R2:ICH/R2:IPH/R2:IVH/R2:BleedLocation-Right/R2:MassEffect/R2:MidlineShift/R3:ICH/R3:IPH/R3:SAH/R3:BleedLocation-Right,,,,,,,B2,
CQ500-CT-155,"1,23E+56",cq500_dados,,,,256.0,0.625,0.488281,0.6319372549019608,10.0,-10240.0,False,,,,/home/neuro-source/main_source/datasets/cq500_2023_08/id_cq500055/id_cq500055_master_image.nii.gz,R1:ICH/R1:SDH/R1:BleedLocation-Left/R1:ChronicBleed/R1:MassEffect/R1:MidlineShift/R2:ICH/R2:SDH/R2:BleedLocation-Left/R2:ChronicBleed/R2:MassEffect/R2:MidlineShift/R3:ICH/R3:SDH/R3:BleedLocation-Left/R3:MassEffect/R3:MidlineShift,,,,,,,B2,
CQ500-CT-207,"1,23E+56",cq500_dados,,,,224.0,0.625,0.488281,0.6553452914798206,10.0,-10240.0,False,,,,/home/neuro-source/main_source/datasets/cq500_2023_08/id_cq500007/id_cq500007_master_image.nii.gz,R1:ICH/R1:IPH/R1:SDH/R1:SAH/R1:BleedLocation-Left/R1:BleedLocation-Right/R1:MassEffect/R2:ICH/R2:IPH/R2:IVH/R2:BleedLocation-Left/R2:MassEffect/R2:MidlineShift/R3:ICH/R3:IPH/R3:BleedLocation-Left/R3:MassEffect,,,,,,,B2,
CQ500-CT-109,"1,23E+56",cq500_dados,,,,256.0,0.625,0.488281,0.6269372549019608,10.0,-10240.0,False,,,,/home/neuro-source/main_source/datasets/cq500_2023_08/id_cq500009/id_cq500009_master_image.nii.gz,R1:ICH/R1:IVH/R1:SAH/R1:BleedLocation-Left/R1:BleedLocation-Right/R1:Fracture/R1:OtherFracture/R2:ICH/R2:SAH/R2:BleedLocation-Left/R2:BleedLocation-Right/R3:ICH/R3:SAH/R3:BleedLocation-Left/R3:BleedLocation-Right,,,,,,,B2,
CQ500-CT-319,"1,23E+56",cq500_dados,,,,288.0,0.625,0.529297,0.6311533101045297,10.0,-10240.0,True,,,,/home/neuro-source/main_source/datasets/cq500_2023_08/id_cq500019/id_cq500019_master_image.nii.gz,Normal,,,,,,,B2,
CQ500-CT-212,"1,23E+56",cq500_dados,,,,232.0,0.625,0.498047,0.625004329004329,10.0,-10240.0,True,,,,/home/neuro-source/main_source/datasets/cq500_2023_08/id_cq500012/id_cq500012_master_image.nii.gz,Normal,,,,,,,B2,
CQ500-CT-462,"1,23E+56",cq500_dados,,,,256.0,0.625,0.462891,0.6250039215686274,10.0,-10240.0,True,,,,/home/neuro-source/main_source/datasets/cq500_2023_08/id_cq500062/id_cq500062_master_image.nii.gz,Normal,,,,,,,B2,
CQ500-CT-428,"1,23E+56",cq500_dados,,,,252.0,0.625,0.449219,0.625003984063745,10.0,-10240.0,True,,,,/home/neuro-source/main_source/datasets/cq500_2023_08/id_cq500028/id_cq500028_master_image.nii.gz,Normal,,,,,,,B2,
CQ500-CT-217,"1,23E+56",cq500_dados,,,,256.0,0.625,0.494141,0.6250039215686274,10.0,-10240.0,False,,,,/home/neuro-source/main_source/datasets/cq500_2023_08/id_cq500017/id_cq500017_master_image.nii.gz,R1:ICH/R1:IPH/R1:BleedLocation-Left/R2:ICH/R2:IPH/R2:BleedLocation-Left/R3:ICH/R3:IPH/R3:BleedLocation-Left,,,,,,,B2,
CQ500-CT-368,"1,23E+56",cq500_dados,,,,256.0,0.625,0.488281,0.6346823529411765,10.0,-10240.0,True,,,,/home/neuro-source/main_source/datasets/cq500_2023_08/id_cq500068/id_cq500068_master_image.nii.gz,Normal,,,,,,,B2,
CQ500-CT-368,"1,23E+56",cq500_dados,,,,240.0,0.625,0.488281,0.6428117154811716,10.0,-10240.0,True,,,,/home/neuro-source/main_source/datasets/cq500_2023_08/id_cq500068/id_cq500068_master_image.nii.gz,Normal,,,,,,,B2,
CQ500-CT-220,"1,23E+56",cq500_dados,,,,272.0,0.625,0.488281,0.6312435424354244,10.0,-10240.0,False,,,,/home/neuro-source/main_source/datasets/cq500_2023_08/id_cq500020/id_cq500020_master_image.nii.gz,R2:ICH/R2:IPH/R2:BleedLocation-Left,,,,,,,B2,
CQ500-CT-4,"1,23E+56",cq500_dados,,,,288.0,0.625,0.5625,0.6319372822299651,10.0,-10240.0,False,,,,/home/neuro-source/main_source/datasets/cq500_2023_08/id_cq500000/id_cq500000_master_image.nii.gz,R1:ICH/R1:IPH/R1:SDH/R1:EDH/R1:BleedLocation-Left/R1:Fracture/R1:CalvarialFracture/R1:MassEffect/R1:MidlineShift/R2:ICH/R2:EDH/R2:BleedLocation-Left/R2:Fracture/R2:CalvarialFracture/R2:MassEffect/R2:MidlineShift/R3:ICH/R3:IPH/R3:EDH/R3:BleedLocation-Left/R3:Fracture/R3:CalvarialFracture/R3:MassEffect/R3:MidlineShift,,,,,,,B2,
CQ500-CT-255,"1,23E+56",cq500_dados,,,,224.0,0.625,0.455078,0.6456188340807174,10.0,-10240.0,True,,,,/home/neuro-source/main_source/datasets/cq500_2023_08/id_cq500055/id_cq500055_master_image.nii.gz,Normal,,,,,,,B2,
CQ500-CT-50,"1,23E+56",cq500_dados,,,,256.0,0.625,0.525391,0.629035294117647,10.0,-10240.0,True,,,,/home/neuro-source/main_source/datasets/cq500_2023_08/id_cq500000/id_cq500000_master_image.nii.gz,Normal,,,,,,,B2,
CQ500-CT-466,"1,23E+56",cq500_dados,,,,288.0,0.625,0.484375,0.6250034843205575,10.0,-10240.0,True,,,,/home/neuro-source/main_source/datasets/cq500_2023_08/id_cq500066/id_cq500066_master_image.nii.gz,Normal,,,,,,,B2,
CQ500-CT-188,"1,23E+56",cq500_dados,,,,256.0,0.625,0.5,0.6327843137254902,10.0,-10240.0,False,,,,/home/neuro-source/main_source/datasets/cq500_2023_08/id_cq500088/id_cq500088_master_image.nii.gz,R1:ICH/R1:IPH/R1:SAH/R1:MassEffect/R1:MidlineShift/R2:ICH/R2:IPH/R2:BleedLocation-Left/R2:MassEffect/R2:MidlineShift/R3:ICH/R3:IPH/R3:SAH/R3:BleedLocation-Left/R3:MassEffect/R3:MidlineShift,,,,,,,B2,
CQ500-CT-188,"1,23E+56",cq500_dados,,,,256.0,0.625,0.5,0.6327843137254902,10.0,-10240.0,False,,,,/home/neuro-source/main_source/datasets/cq500_2023_08/id_cq500088/id_cq500088_master_image.nii.gz,R1:ICH/R1:IPH/R1:SAH/R1:MassEffect/R1:MidlineShift/R2:ICH/R2:IPH/R2:BleedLocation-Left/R2:MassEffect/R2:MidlineShift/R3:ICH/R3:IPH/R3:SAH/R3:BleedLocation-Left/R3:MassEffect/R3:MidlineShift,,,,,,,B2,
CQ500-CT-188,"1,23E+56",cq500_dados,,,,256.0,0.625,0.5,0.6327843137254902,10.0,-10240.0,False,,,,/home/neuro-source/main_source/datasets/cq500_2023_08/id_cq500088/id_cq500088_master_image.nii.gz,R1:ICH/R1:IPH/R1:SAH/R1:MassEffect/R1:MidlineShift/R2:ICH/R2:IPH/R2:BleedLocation-Left/R2:MassEffect/R2:MidlineShift/R3:ICH/R3:IPH/R3:SAH/R3:BleedLocation-Left/R3:MassEffect/R3:MidlineShift,,,,,,,B2,
CQ500-CT-159,"1,23E+56",cq500_dados,,,,256.0,0.625,0.525391,0.636686274509804,10.0,-10240.0,False,,,,/home/neuro-source/main_source/datasets/cq500_2023_08/id_cq500059/id_cq500059_master_image.nii.gz,R1:ICH/R1:SDH/R1:BleedLocation-Left/R1:MassEffect/R2:ICH/R2:IPH/R2:BleedLocation-Left/R3:ICH/R3:SAH/R3:BleedLocation-Left,,,,,,,B2,
CQ500-CT-159,"1,23E+56",cq500_dados,,,,256.0,0.625,0.525391,0.636686274509804,10.0,-10240.0,False,,,,/home/neuro-source/main_source/datasets/cq500_2023_08/id_cq500059/id_cq500059_master_image.nii.gz,R1:ICH/R1:SDH/R1:BleedLocation-Left/R1:MassEffect/R2:ICH/R2:IPH/R2:BleedLocation-Left/R3:ICH/R3:SAH/R3:BleedLocation-Left,,,,,,,B2,
CQ500-CT-323,"1,23E+56",cq500_dados,,,,240.0,0.625,0.488281,0.6250041841004184,10.0,-10240.0,True,,,,/home/neuro-source/main_source/datasets/cq500_2023_08/id_cq500023/id_cq500023_master_image.nii.gz,Normal,,,,,,,B2,
CQ500-CT-181,"1,23E+56",cq500_dados,,,,256.0,0.625,0.488281,0.6651254901960785,10.0,-10240.0,False,,,,/home/neuro-source/main_source/datasets/cq500_2023_08/id_cq500081/id_cq500081_master_image.nii.gz,R1:ICH/R1:IPH/R1:SDH/R1:SAH/R1:BleedLocation-Left/R1:Fracture/R1:CalvarialFracture/R1:MassEffect/R2:ICH/R2:EDH/R2:BleedLocation-Left/R2:Fracture/R2:CalvarialFracture/R2:MassEffect/R2:MidlineShift/R3:ICH/R3:EDH/R3:SAH/R3:BleedLocation-Left/R3:Fracture/R3:CalvarialFracture/R3:MassEffect/R3:MidlineShift,,,,,,,B2,
CQ500-CT-90,"1,23E+56",cq500_dados,,,,288.0,0.625,0.501953,0.6427526132404181,10.0,-10240.0,False,,,,/home/neuro-source/main_source/datasets/cq500_2023_08/id_cq500000/id_cq500000_master_image.nii.gz,R1:ICH/R1:IPH/R1:BleedLocation-Right/R1:MassEffect/R2:ICH/R2:IPH/R2:BleedLocation-Right/R3:BleedLocation-Right,,,,,,,B2,
CQ500-CT-211,"1,23E+56",cq500_dados,,,,96.0,0.625,0.478516,0.6590631578947369,10.0,-10240.0,False,,,,/home/neuro-source/main_source/datasets/cq500_2023_08/id_cq500011/id_cq500011_master_image.nii.gz,R1:ICH/R1:IPH/R1:BleedLocation-Left/R1:BleedLocation-Right/R2:ICH/R2:IPH/R2:BleedLocation-Left/R3:ICH/R3:IPH/R3:BleedLocation-Left,,,,,,,B2,
CQ500-CT-211,"1,23E+56",cq500_dados,,,,96.0,0.625,0.478516,0.6590631578947369,10.0,-10240.0,False,,,,/home/neuro-source/main_source/datasets/cq500_2023_08/id_cq500011/id_cq500011_master_image.nii.gz,R1:ICH/R1:IPH/R1:BleedLocation-Left/R1:BleedLocation-Right/R2:ICH/R2:IPH/R2:BleedLocation-Left/R3:ICH/R3:IPH/R3:BleedLocation-Left,,,,,,,B2,
CQ500-CT-211,"1,23E+56",cq500_dados,,,,224.0,0.625,0.478516,0.6590627802690583,10.0,-10240.0,False,,,,/home/neuro-source/main_source/datasets/cq500_2023_08/id_cq500011/id_cq500011_master_image.nii.gz,R1:ICH/R1:IPH/R1:BleedLocation-Left/R1:BleedLocation-Right/R2:ICH/R2:IPH/R2:BleedLocation-Left/R3:ICH/R3:IPH/R3:BleedLocation-Left,,,,,,,B2,
CQ500-CT-2,"1,23E+56",cq500_dados,,,,256.0,0.625,0.488281,0.6269372549019608,10.0,-10240.0,True,,,,/home/neuro-source/main_source/datasets/cq500_2023_08/id_cq500000/id_cq500000_master_image.nii.gz,Normal,,,,,,,B2,
CQ500-CT-320,"1,23E+56",cq500_dados,,,,200.0,0.625,0.429688,0.6250050251256282,10.0,-10240.0,True,,,,/home/neuro-source/main_source/datasets/cq500_2023_08/id_cq500020/id_cq500020_master_image.nii.gz,Normal,,,,,,,B2,
CQ500-CT-372,"1,23E+56",cq500_dados,,,,256.0,0.625,0.490234,0.6250039215686274,10.0,-10240.0,False,,,,/home/neuro-source/main_source/datasets/cq500_2023_08/id_cq500072/id_cq500072_master_image.nii.gz,R2:ICH/R2:IPH/R2:BleedLocation-Right,,,,,,,B2,
CQ500-CT-55,"1,23E+56",cq500_dados,,,,288.0,0.625,0.488281,0.629034843205575,10.0,-10240.0,False,,,,/home/neuro-source/main_source/datasets/cq500_2023_08/id_cq500005/id_cq500005_master_image.nii.gz,R1:ICH/R1:IPH/R1:BleedLocation-Right/R1:MassEffect/R1:MidlineShift/R2:ICH/R2:IPH/R2:IVH/R2:BleedLocation-Right/R2:MassEffect/R2:MidlineShift/R3:ICH/R3:IPH/R3:BleedLocation-Right/R3:MassEffect,,,,,,,B2,
CQ500-CT-411,"1,23E+56",cq500_dados,,,,288.0,0.625,0.554688,0.6672508710801394,10.0,-10240.0,True,,,,/home/neuro-source/main_source/datasets/cq500_2023_08/id_cq500011/id_cq500011_master_image.nii.gz,Normal,,,,,,,B2,
CQ500-CT-430,"1,23E+56",cq500_dados,,,,256.0,0.625,0.390625,0.6250039215686275,10.0,-10240.0,False,,,,/home/neuro-source/main_source/datasets/cq500_2023_08/id_cq500030/id_cq500030_master_image.nii.gz,R1:ICH/R1:IPH/R1:BleedLocation-Left/R2:ICH/R2:IPH/R2:BleedLocation-Left,,,,,,,B2,
CQ500-CT-430,"1,23E+56",cq500_dados,,,,256.0,0.625,0.390625,0.6250039215686275,10.0,-10240.0,False,,,,/home/neuro-source/main_source/datasets/cq500_2023_08/id_cq500030/id_cq500030_master_image.nii.gz,R1:ICH/R1:IPH/R1:BleedLocation-Left/R2:ICH/R2:IPH/R2:BleedLocation-Left,,,,,,,B2,
CQ500-CT-44,"1,23E+56",cq500_dados,,,,41.0,0.625,0.429688,0.6250000000000001,10.0,-10240.0,True,,,,/home/neuro-source/main_source/datasets/cq500_2023_08/id_cq500004/id_cq500004_master_image.nii.gz,Normal,,,,,,,B2,
CQ500-CT-282,"1,23E+56",cq500_dados,,,,132.0,0.625,0.521484,0.6455572519083971,10.0,-10240.0,True,,,,/home/neuro-source/main_source/datasets/cq500_2023_08/id_cq500082/id_cq500082_master_image.nii.gz,Normal,,,,,,,B2,
CQ500-CT-57,"1,23E+56",cq500_dados,,,,256.0,0.625,0.488281,0.6304039215686273,10.0,-10240.0,False,,,,/home/neuro-source/main_source/datasets/cq500_2023_08/id_cq500007/id_cq500007_master_image.nii.gz,R1:ICH/R1:IPH/R1:BleedLocation-Left/R1:BleedLocation-Right/R1:Fracture/R1:OtherFracture/R2:ICH/R2:IPH/R2:SDH/R2:BleedLocation-Right/R2:MassEffect/R2:MidlineShift/R3:ICH/R3:IPH/R3:BleedLocation-Left/R3:BleedLocation-Right,,,,,,,B2,
CQ500-CT-287,"1,23E+56",cq500_dados,,,,256.0,0.625,0.482422,0.6250039215686275,10.0,-10240.0,True,,,,/home/neuro-source/main_source/datasets/cq500_2023_08/id_cq500087/id_cq500087_master_image.nii.gz,Normal,,,,,,,B2,
CQ500-CT-232,"1,23E+56",cq500_dados,,,,256.0,0.625,0.466797,0.6250039215686275,10.0,-10240.0,True,,,,/home/neuro-source/main_source/datasets/cq500_2023_08/id_cq500032/id_cq500032_master_image.nii.gz,Normal,,,,,,,B2,
CQ500-CT-17,"1,23E+56",cq500_dados,,,,256.0,0.625,0.546875,0.6296901960784314,10.0,-10240.0,True,,,,/home/neuro-source/main_source/datasets/cq500_2023_08/id_cq500007/id_cq500007_master_image.nii.gz,Normal,,,,,,,B2,
CQ500-CT-396,"1,23E+56",cq500_dados,,,,288.0,0.625,0.488281,0.6304041811846689,10.0,-10240.0,False,,,,/home/neuro-source/main_source/datasets/cq500_2023_08/id_cq500096/id_cq500096_master_image.nii.gz,R1:ICH/R1:IPH/R1:BleedLocation-Left/R1:MassEffect/R1:MidlineShift/R2:MassEffect/R2:MidlineShift/R3:ICH/R3:IPH/R3:BleedLocation-Right/R3:MassEffect/R3:MidlineShift,,,,,,,B2,
CQ500-CT-396,"1,23E+56",cq500_dados,,,,288.0,0.625,0.488281,0.6304041811846689,10.0,-10240.0,False,,,,/home/neuro-source/main_source/datasets/cq500_2023_08/id_cq500096/id_cq500096_master_image.nii.gz,R1:ICH/R1:IPH/R1:BleedLocation-Left/R1:MassEffect/R1:MidlineShift/R2:MassEffect/R2:MidlineShift/R3:ICH/R3:IPH/R3:BleedLocation-Right/R3:MassEffect/R3:MidlineShift,,,,,,,B2,
CQ500-CT-383,"1,23E+56",cq500_dados,,,,288.0,0.625,0.488281,0.628439024390244,10.0,-10240.0,False,,,,/home/neuro-source/main_source/datasets/cq500_2023_08/id_cq500083/id_cq500083_master_image.nii.gz,R1:ICH/R1:IPH/R1:SDH/R1:SAH/R1:BleedLocation-Left/R1:BleedLocation-Right/R1:Fracture/R1:CalvarialFracture/R1:OtherFracture/R1:MassEffect/R2:ICH/R2:SDH/R2:SAH/R2:BleedLocation-Left/R2:BleedLocation-Right/R2:ChronicBleed/R3:ICH/R3:IPH/R3:BleedLocation-Left/R3:MassEffect,,,,,,,B2,
CQ500-CT-383,"1,23E+56",cq500_dados,,,,288.0,0.625,0.488281,0.628439024390244,10.0,-10240.0,False,,,,/home/neuro-source/main_source/datasets/cq500_2023_08/id_cq500083/id_cq500083_master_image.nii.gz,R1:ICH/R1:IPH/R1:SDH/R1:SAH/R1:BleedLocation-Left/R1:BleedLocation-Right/R1:Fracture/R1:CalvarialFracture/R1:OtherFracture/R1:MassEffect/R2:ICH/R2:SDH/R2:SAH/R2:BleedLocation-Left/R2:BleedLocation-Right/R2:ChronicBleed/R3:ICH/R3:IPH/R3:BleedLocation-Left/R3:MassEffect,,,,,,,B2,
CQ500-CT-277,"1,23E+56",cq500_dados,,,,256.0,0.625,0.488281,0.7216862745098039,10.0,-10240.0,False,,,,/home/neuro-source/main_source/datasets/cq500_2023_08/id_cq500077/id_cq500077_master_image.nii.gz,R1:ICH/R1:SDH/R1:BleedLocation-Right/R1:MassEffect/R1:MidlineShift/R3:ICH/R3:SDH/R3:BleedLocation-Right/R3:MassEffect/R3:MidlineShift,,,,,,,B2,
CQ500-CT-277,"1,23E+56",cq500_dados,,,,224.0,0.625,0.488281,0.7216860986547085,10.0,-10240.0,False,,,,/home/neuro-source/main_source/datasets/cq500_2023_08/id_cq500077/id_cq500077_master_image.nii.gz,R1:ICH/R1:SDH/R1:BleedLocation-Right/R1:MassEffect/R1:MidlineShift/R3:ICH/R3:SDH/R3:BleedLocation-Right/R3:MassEffect/R3:MidlineShift,,,,,,,B2,
CQ500-CT-277,"1,23E+56",cq500_dados,,,,128.0,0.625,0.488281,0.7216850393700788,10.0,-10240.0,False,,,,/home/neuro-source/main_source/datasets/cq500_2023_08/id_cq500077/id_cq500077_master_image.nii.gz,R1:ICH/R1:SDH/R1:BleedLocation-Right/R1:MassEffect/R1:MidlineShift/R3:ICH/R3:SDH/R3:BleedLocation-Right/R3:MassEffect/R3:MidlineShift,,,,,,,B2,
CQ500-CT-316,"1,23E+56",cq500_dados,,,,160.0,0.625,0.515625,0.6290377358490565,10.0,-10240.0,False,,,,/home/neuro-source/main_source/datasets/cq500_2023_08/id_cq500016/id_cq500016_master_image.nii.gz,R1:ICH/R1:IPH/R1:BleedLocation-Left/R1:Fracture/R1:CalvarialFracture/R1:MassEffect/R3:ICH/R3:IPH/R3:BleedLocation-Left,,,,,,,B2,
CQ500-CT-316,"1,23E+56",cq500_dados,,,,256.0,0.625,0.515625,0.629035294117647,10.0,-10240.0,False,,,,/home/neuro-source/main_source/datasets/cq500_2023_08/id_cq500016/id_cq500016_master_image.nii.gz,R1:ICH/R1:IPH/R1:BleedLocation-Left/R1:Fracture/R1:CalvarialFracture/R1:MassEffect/R3:ICH/R3:IPH/R3:BleedLocation-Left,,,,,,,B2,
CQ500-CT-412,"1,23E+56",cq500_dados,,,,256.0,0.625,0.488281,0.638964705882353,10.0,-10240.0,False,,,,/home/neuro-source/main_source/datasets/cq500_2023_08/id_cq500012/id_cq500012_master_image.nii.gz,R1:ICH/R1:SDH/R1:BleedLocation-Left/R1:BleedLocation-Right/R1:ChronicBleed/R1:MassEffect/R2:BleedLocation-Left/R2:BleedLocation-Right/R2:ChronicBleed/R2:MassEffect/R2:MidlineShift/R3:ICH/R3:SDH/R3:BleedLocation-Left/R3:BleedLocation-Right/R3:MassEffect,,,,,,,B2,
CQ500-CT-106,"1,23E+56",cq500_dados,,,,66.0,0.625,0.367188,0.312,10.0,-10240.0,False,,,,/home/neuro-source/main_source/datasets/cq500_2023_08/id_cq500006/id_cq500006_master_image.nii.gz,R1:ICH/R1:SDH/R1:BleedLocation-Left/R1:BleedLocation-Right/R3:ICH/R3:IPH/R3:BleedLocation-Left/R3:BleedLocation-Right,,,,,,,B2,
CQ500-CT-106,"1,23E+56",cq500_dados,,,,256.0,0.625,0.429688,0.6250039215686275,10.0,-10240.0,False,,,,/home/neuro-source/main_source/datasets/cq500_2023_08/id_cq500006/id_cq500006_master_image.nii.gz,R1:ICH/R1:SDH/R1:BleedLocation-Left/R1:BleedLocation-Right/R3:ICH/R3:IPH/R3:BleedLocation-Left/R3:BleedLocation-Right,,,,,,,B2,
CQ500-CT-423,"1,23E+56",cq500_dados,,,,256.0,0.625,0.488281,0.707843137254902,10.0,-10240.0,False,,,,/home/neuro-source/main_source/datasets/cq500_2023_08/id_cq500023/id_cq500023_master_image.nii.gz,R1:ICH/R1:IPH/R1:BleedLocation-Right/R1:ChronicBleed/R2:ICH/R2:IPH/R2:BleedLocation-Right,,,,,,,B2,
CQ500-CT-423,"1,23E+56",cq500_dados,,,,256.0,0.625,0.488281,0.707843137254902,10.0,-10240.0,False,,,,/home/neuro-source/main_source/datasets/cq500_2023_08/id_cq500023/id_cq500023_master_image.nii.gz,R1:ICH/R1:IPH/R1:BleedLocation-Right/R1:ChronicBleed/R2:ICH/R2:IPH/R2:BleedLocation-Right,,,,,,,B2,
CQ500-CT-423,"1,23E+56",cq500_dados,,,,256.0,0.625,0.488281,0.707843137254902,10.0,-10240.0,False,,,,/home/neuro-source/main_source/datasets/cq500_2023_08/id_cq500023/id_cq500023_master_image.nii.gz,R1:ICH/R1:IPH/R1:BleedLocation-Right/R1:ChronicBleed/R2:ICH/R2:IPH/R2:BleedLocation-Right,,,,,,,B2,
CQ500-CT-423,"1,23E+56",cq500_dados,,,,256.0,0.625,0.488281,0.707843137254902,10.0,-10240.0,False,,,,/home/neuro-source/main_source/datasets/cq500_2023_08/id_cq500023/id_cq500023_master_image.nii.gz,R1:ICH/R1:IPH/R1:BleedLocation-Right/R1:ChronicBleed/R2:ICH/R2:IPH/R2:BleedLocation-Right,,,,,,,B2,
CQ500-CT-445,"1,23E+56",cq500_dados,,,,307.0,1.0,0.582031,0.5,10.0,-10240.0,True,,,,/home/neuro-source/main_source/datasets/cq500_2023_08/id_cq500045/id_cq500045_master_image.nii.gz,Normal,,,,,,,B1,
CQ500-CT-484,"1,23E+56",cq500_dados,,,,349.0,1.0,0.632813,0.5000000890804597,10.0,-10240.0,True,,,,/home/neuro-source/main_source/datasets/cq500_2023_08/id_cq500084/id_cq500084_master_image.nii.gz,Normal,,,,,,,B1,
CQ500-CT-134,"1,23E+56",cq500_dados,,,,396.0,0.75,0.558594,0.375,10.0,-10240.0,False,,,,/home/neuro-source/main_source/datasets/cq500_2023_08/id_cq500034/id_cq500034_master_image.nii.gz,R1:ICH/R1:SAH/R1:BleedLocation-Left/R1:Fracture/R1:CalvarialFracture,,,,,,,B1,
CQ500-CT-100,"1,23E+56",cq500_dados,,,,337.0,1.0,0.488281,0.5,10.0,-10240.0,True,,,,/home/neuro-source/main_source/datasets/cq500_2023_08/id_cq500000/id_cq500000_master_image.nii.gz,Normal,,,,,,,B1,
CQ500-CT-391,"1,23E+56",cq500_dados,,,,163.0,1.0,0.607422,1.0,10.0,-10240.0,True,,,,/home/neuro-source/main_source/datasets/cq500_2023_08/id_cq500091/id_cq500091_master_image.nii.gz,Normal,,,,,,,B1,
CQ500-CT-391,"1,23E+56",cq500_dados,,,,319.0,1.0,0.607422,0.5,10.0,-10240.0,True,,,,/home/neuro-source/main_source/datasets/cq500_2023_08/id_cq500091/id_cq500091_master_image.nii.gz,Normal,,,,,,,B1,
CQ500-CT-151,"1,23E+56",cq500_dados,,,,325.0,1.0,0.488281,0.5,10.0,-10240.0,True,,,,/home/neuro-source/main_source/datasets/cq500_2023_08/id_cq500051/id_cq500051_master_image.nii.gz,Normal,,,,,,,B1,
CQ500-CT-322,"1,23E+56",cq500_dados,,,,319.0,1.0,0.560547,0.5,10.0,-10240.0,True,,,,/home/neuro-source/main_source/datasets/cq500_2023_08/id_cq500022/id_cq500022_master_image.nii.gz,Normal,,,,,,,B1,
CQ500-CT-172,"1,23E+56",cq500_dados,,,,638.0,1.25,0.976562,0.6416797488226059,10.0,-10240.0,True,,,,/home/neuro-source/main_source/datasets/cq500_2023_08/id_cq500072/id_cq500072_master_image.nii.gz,Normal,,,,,,,B1,
CQ500-CT-172,"1,23E+56",cq500_dados,,,,411.0,0.625,0.517578,0.625,10.0,-10240.0,True,,,,/home/neuro-source/main_source/datasets/cq500_2023_08/id_cq500072/id_cq500072_master_image.nii.gz,Normal,,,,,,,B1,
CQ500-CT-172,"1,23E+56",cq500_dados,,,,411.0,0.625,0.517578,0.625,10.0,-10240.0,True,,,,/home/neuro-source/main_source/datasets/cq500_2023_08/id_cq500072/id_cq500072_master_image.nii.gz,Normal,,,,,,,B1,
CQ500-CT-172,"1,23E+56",cq500_dados,,,,256.0,0.625,0.509766,0.6250039215686275,10.0,-10240.0,True,,,,/home/neuro-source/main_source/datasets/cq500_2023_08/id_cq500072/id_cq500072_master_image.nii.gz,Normal,,,,,,,B1,
CQ500-CT-235,"1,23E+56",cq500_dados,,,,320.0,0.625,0.429688,0.6250031347962381,10.0,-10240.0,True,,,,/home/neuro-source/main_source/datasets/cq500_2023_08/id_cq500035/id_cq500035_master_image.nii.gz,Normal,,,,,,,B1,
CQ500-CT-373,"1,23E+56",cq500_dados,,,,256.0,0.625,0.476562,0.6250039215686275,10.0,-10240.0,True,,,,/home/neuro-source/main_source/datasets/cq500_2023_08/id_cq500073/id_cq500073_master_image.nii.gz,Normal,,,,,,,B1,
CQ500-CT-150,"1,23E+56",cq500_dados,,,,256.0,0.625,0.478516,0.6250039215686275,10.0,-10240.0,True,,,,/home/neuro-source/main_source/datasets/cq500_2023_08/id_cq500050/id_cq500050_master_image.nii.gz,Normal,,,,,,,B1,
CQ500-CT-150,"1,23E+56",cq500_dados,,,,256.0,0.625,0.478516,0.6250039215686275,10.0,-10240.0,True,,,,/home/neuro-source/main_source/datasets/cq500_2023_08/id_cq500050/id_cq500050_master_image.nii.gz,Normal,,,,,,,B1,
CQ500-CT-418,"1,23E+56",cq500_dados,,,,256.0,0.625,0.464844,0.6250039215686275,10.0,-10240.0,True,,,,/home/neuro-source/main_source/datasets/cq500_2023_08/id_cq500018/id_cq500018_master_image.nii.gz,Normal,,,,,,,B1,
CQ500-CT-299,"1,23E+56",cq500_dados,,,,256.0,0.625,0.4375,0.6250039215686274,10.0,-10240.0,True,,,,/home/neuro-source/main_source/datasets/cq500_2023_08/id_cq500099/id_cq500099_master_image.nii.gz,Normal,,,,,,,B1,
CQ500-CT-299,"1,23E+56",cq500_dados,,,,256.0,0.625,0.429688,0.6250039215686274,10.0,-10240.0,True,,,,/home/neuro-source/main_source/datasets/cq500_2023_08/id_cq500099/id_cq500099_master_image.nii.gz,Normal,,,,,,,B1,
CQ500-CT-375,"1,23E+56",cq500_dados,,,,320.0,0.625,0.484375,0.6250031347962381,10.0,-10240.0,True,,,,/home/neuro-source/main_source/datasets/cq500_2023_08/id_cq500075/id_cq500075_master_image.nii.gz,Normal,,,,,,,B1,
CQ500-CT-9,"1,23E+56",cq500_dados,,,,288.0,0.625,0.466797,0.6250034843205575,10.0,-10240.0,True,,,,/home/neuro-source/main_source/datasets/cq500_2023_08/id_cq500000/id_cq500000_master_image.nii.gz,Normal,,,,,,,B1,
CQ500-CT-148,"1,23E+56",cq500_dados,,,,288.0,0.625,0.501953,0.6250034843205575,10.0,-10240.0,True,,,,/home/neuro-source/main_source/datasets/cq500_2023_08/id_cq500048/id_cq500048_master_image.nii.gz,Normal,,,,,,,B1,
CQ500-CT-148,"1,23E+56",cq500_dados,,,,64.0,0.625,0.501953,0.625,10.0,-10240.0,True,,,,/home/neuro-source/main_source/datasets/cq500_2023_08/id_cq500048/id_cq500048_master_image.nii.gz,Normal,,,,,,,B1,
CQ500-CT-148,"1,23E+56",cq500_dados,,,,288.0,0.625,0.501953,0.6250034843205575,10.0,-10240.0,True,,,,/home/neuro-source/main_source/datasets/cq500_2023_08/id_cq500048/id_cq500048_master_image.nii.gz,Normal,,,,,,,B1,
CQ500-CT-148,"1,23E+56",cq500_dados,,,,288.0,0.625,0.457031,0.6250034843205574,10.0,-10240.0,True,,,,/home/neuro-source/main_source/datasets/cq500_2023_08/id_cq500048/id_cq500048_master_image.nii.gz,Normal,,,,,,,B1,
CQ500-CT-410,"1,23E+56",cq500_dados,,,,256.0,0.625,0.505859,0.6250039215686275,10.0,-10240.0,True,,,,/home/neuro-source/main_source/datasets/cq500_2023_08/id_cq500010/id_cq500010_master_image.nii.gz,Normal,,,,,,,B1,
CQ500-CT-53,"1,23E+56",cq500_dados,,,,256.0,0.625,0.429688,0.6250039215686275,10.0,-10240.0,True,,,,/home/neuro-source/main_source/datasets/cq500_2023_08/id_cq500003/id_cq500003_master_image.nii.gz,Normal,,,,,,,B1,
CQ500-CT-62,"1,23E+56",cq500_dados,,,,355.0,0.625,0.410156,0.625,10.0,-10240.0,True,,,,/home/neuro-source/main_source/datasets/cq500_2023_08/id_cq500002/id_cq500002_master_image.nii.gz,Normal,,,,,,,B1,
CQ500-CT-62,"1,23E+56",cq500_dados,,,,256.0,0.625,0.464844,0.6250039215686275,10.0,-10240.0,True,,,,/home/neuro-source/main_source/datasets/cq500_2023_08/id_cq500002/id_cq500002_master_image.nii.gz,Normal,,,,,,,B1,
CQ500-CT-365,"1,23E+56",cq500_dados,,,,556.0,1.25,0.929688,0.625,10.0,-10240.0,True,,,,/home/neuro-source/main_source/datasets/cq500_2023_08/id_cq500065/id_cq500065_master_image.nii.gz,Normal,,,,,,,B1,
CQ500-CT-365,"1,23E+56",cq500_dados,,,,256.0,0.625,0.453125,0.6279019607843137,10.0,-10240.0,True,,,,/home/neuro-source/main_source/datasets/cq500_2023_08/id_cq500065/id_cq500065_master_image.nii.gz,Normal,,,,,,,B1,
CQ500-CT-442,"1,23E+56",cq500_dados,,,,64.0,0.625,0.429688,0.625015873015873,10.0,-10240.0,True,,,,/home/neuro-source/main_source/datasets/cq500_2023_08/id_cq500042/id_cq500042_master_image.nii.gz,Normal,,,,,,,B1,
CQ500-CT-442,"1,23E+56",cq500_dados,,,,256.0,0.625,0.429688,0.6250039215686275,10.0,-10240.0,True,,,,/home/neuro-source/main_source/datasets/cq500_2023_08/id_cq500042/id_cq500042_master_image.nii.gz,Normal,,,,,,,B1,
CQ500-CT-442,"1,23E+56",cq500_dados,,,,256.0,0.625,0.429688,0.6250039215686275,10.0,-10240.0,True,,,,/home/neuro-source/main_source/datasets/cq500_2023_08/id_cq500042/id_cq500042_master_image.nii.gz,Normal,,,,,,,B1,
CQ500-CT-20,"1,23E+56",cq500_dados,,,,288.0,0.625,0.498047,0.6250034843205575,10.0,-10240.0,True,,,,/home/neuro-source/main_source/datasets/cq500_2023_08/id_cq500000/id_cq500000_master_image.nii.gz,Normal,,,,,,,B1,
CQ500-CT-110,"1,23E+56",cq500_dados,,,,288.0,0.625,0.503906,0.6250034843205574,10.0,-10240.0,True,,,,/home/neuro-source/main_source/datasets/cq500_2023_08/id_cq500010/id_cq500010_master_image.nii.gz,Normal,,,,,,,B1,
CQ500-CT-246,"1,23E+56",cq500_dados,,,,256.0,0.625,0.482422,0.6250039215686274,10.0,-10240.0,True,,,,/home/neuro-source/main_source/datasets/cq500_2023_08/id_cq500046/id_cq500046_master_image.nii.gz,Normal,,,,,,,B1,
CQ500-CT-76,"1,23E+56",cq500_dados,,,,288.0,0.625,0.462891,0.6250034843205574,10.0,-10240.0,True,,,,/home/neuro-source/main_source/datasets/cq500_2023_08/id_cq500006/id_cq500006_master_image.nii.gz,Normal,,,,,,,B1,
CQ500-CT-25,"1,23E+56",cq500_dados,,,,288.0,0.625,0.488281,0.6250034843205574,10.0,-10240.0,True,,,,/home/neuro-source/main_source/datasets/cq500_2023_08/id_cq500005/id_cq500005_master_image.nii.gz,Normal,,,,,,,B1,
CQ500-CT-6,"1,23E+56",cq500_dados,,,,584.0,0.625,0.511719,0.625,10.0,-10240.0,True,,,,/home/neuro-source/main_source/datasets/cq500_2023_08/id_cq500000/id_cq500000_master_image.nii.gz,Normal,,,,,,,B1,
CQ500-CT-6,"1,23E+56",cq500_dados,,,,584.0,0.625,0.511719,0.625,10.0,-10240.0,True,,,,/home/neuro-source/main_source/datasets/cq500_2023_08/id_cq500000/id_cq500000_master_image.nii.gz,Normal,,,,,,,B1,
CQ500-CT-54,"1,23E+56",cq500_dados,,,,288.0,0.625,0.496094,0.6250034843205575,10.0,-10240.0,True,,,,/home/neuro-source/main_source/datasets/cq500_2023_08/id_cq500004/id_cq500004_master_image.nii.gz,Normal,,,,,,,B1,
CQ500-CT-268,"1,23E+56",cq500_dados,,,,288.0,0.625,0.494141,0.6250034843205575,10.0,-10240.0,False,,,,/home/neuro-source/main_source/datasets/cq500_2023_08/id_cq500068/id_cq500068_master_image.nii.gz,R1:ICH/R1:IPH/R1:BleedLocation-Left/R1:BleedLocation-Right/R3:ICH/R3:IPH/R3:BleedLocation-Left/R3:BleedLocation-Right,,,,,,,B1,
CQ500-CT-185,"1,23E+56",cq500_dados,,,,288.0,0.625,0.511719,0.6250034843205575,10.0,-10240.0,True,,,,/home/neuro-source/main_source/datasets/cq500_2023_08/id_cq500085/id_cq500085_master_image.nii.gz,Normal,,,,,,,B1,
CQ500-CT-300,"1,23E+56",cq500_dados,,,,256.0,0.625,0.429688,0.6250039215686274,10.0,-10240.0,True,,,,/home/neuro-source/main_source/datasets/cq500_2023_08/id_cq500000/id_cq500000_master_image.nii.gz,Normal,,,,,,,B1,
CQ500-CT-448,"1,23E+56",cq500_dados,,,,214.0,1.5,0.410156,0.75,10.0,-10240.0,True,,,,/home/neuro-source/main_source/datasets/cq500_2023_08/id_cq500048/id_cq500048_master_image.nii.gz,Normal,,,,,,,B1,
CQ500-CT-206,"1,23E+56",cq500_dados,,,,217.0,1.0,0.322266,0.5,10.0,-10240.0,True,,,,/home/neuro-source/main_source/datasets/cq500_2023_08/id_cq500006/id_cq500006_master_image.nii.gz,Normal,,,,,,,B1,
CQ500-CT-206,"1,23E+56",cq500_dados,,,,194.0,1.5,0.408203,0.75,10.0,-10240.0,True,,,,/home/neuro-source/main_source/datasets/cq500_2023_08/id_cq500006/id_cq500006_master_image.nii.gz,Normal,,,,,,,B1,
CQ500-CT-73,"1,23E+56",cq500_dados,,,,240.0,0.625,0.443359,0.6250041841004184,10.0,-10240.0,False,,,,/home/neuro-source/main_source/datasets/cq500_2023_08/id_cq500003/id_cq500003_master_image.nii.gz,R1:MassEffect/R1:MidlineShift,,,,,,,B1,
CQ500-CT-73,"1,23E+56",cq500_dados,,,,240.0,0.625,0.443359,0.6250041841004184,10.0,-10240.0,False,,,,/home/neuro-source/main_source/datasets/cq500_2023_08/id_cq500003/id_cq500003_master_image.nii.gz,R1:MassEffect/R1:MidlineShift,,,,,,,B1,
CQ500-CT-73,"1,23E+56",cq500_dados,,,,240.0,0.625,0.443359,0.6250041841004184,10.0,-10240.0,False,,,,/home/neuro-source/main_source/datasets/cq500_2023_08/id_cq500003/id_cq500003_master_image.nii.gz,R1:MassEffect/R1:MidlineShift,,,,,,,B1,
CQ500-CT-8,"1,23E+56",cq500_dados,,,,178.0,1.0,0.435547,1.0,10.0,-10240.0,False,,,,/home/neuro-source/main_source/datasets/cq500_2023_08/id_cq500000/id_cq500000_master_image.nii.gz,R1:ICH/R1:IPH/R1:IVH/R1:SDH/R1:SAH/R1:BleedLocation-Left/R1:BleedLocation-Right/R1:MassEffect/R2:ICH/R2:IPH/R2:BleedLocation-Left/R2:BleedLocation-Right/R3:ICH/R3:IPH/R3:SAH/R3:BleedLocation-Left/R3:BleedLocation-Right/R3:MassEffect,,,,,,,B1,
CQ500-CT-8,"1,23E+56",cq500_dados,,,,350.0,1.0,0.435547,0.5000000429799427,10.0,-10240.0,False,,,,/home/neuro-source/main_source/datasets/cq500_2023_08/id_cq500000/id_cq500000_master_image.nii.gz,R1:ICH/R1:IPH/R1:IVH/R1:SDH/R1:SAH/R1:BleedLocation-Left/R1:BleedLocation-Right/R1:MassEffect/R2:ICH/R2:IPH/R2:BleedLocation-Left/R2:BleedLocation-Right/R3:ICH/R3:IPH/R3:SAH/R3:BleedLocation-Left/R3:BleedLocation-Right/R3:MassEffect,,,,,,,B1,
CQ500-CT-222,"1,23E+56",cq500_dados,,,,226.0,0.625,0.435547,0.625,10.0,-10240.0,True,,,,/home/neuro-source/main_source/datasets/cq500_2023_08/id_cq500022/id_cq500022_master_image.nii.gz,Normal,,,,,,,B1,
CQ500-CT-45,"1,23E+56",cq500_dados,,,,224.0,0.625,0.410156,0.625,10.0,-10240.0,True,,,,/home/neuro-source/main_source/datasets/cq500_2023_08/id_cq500005/id_cq500005_master_image.nii.gz,Normal,,,,,,,B1,
CQ500-CT-262,"1,23E+56",cq500_dados,,,,240.0,0.625,0.445312,0.6378117154811715,10.0,-10240.0,True,,,,/home/neuro-source/main_source/datasets/cq500_2023_08/id_cq500062/id_cq500062_master_image.nii.gz,Normal,,,,,,,B1,
CQ500-CT-27,"1,23E+56",cq500_dados,,,,112.0,1.25,0.419922,12.831.081.081.081.000,10.0,-10240.0,True,,,,/home/neuro-source/main_source/datasets/cq500_2023_08/id_cq500007/id_cq500007_master_image.nii.gz,Normal,,,,,,,B1,
CQ500-CT-27,"1,23E+56",cq500_dados,,,,224.0,0.625,0.423828,0.6318789237668162,10.0,-10240.0,True,,,,/home/neuro-source/main_source/datasets/cq500_2023_08/id_cq500007/id_cq500007_master_image.nii.gz,Normal,,,,,,,B1,
CQ500-CT-3,"1,23E+56",cq500_dados,,,,240.0,0.625,0.460938,0.65718410041841,10.0,-10240.0,True,,,,/home/neuro-source/main_source/datasets/cq500_2023_08/id_cq500000/id_cq500000_master_image.nii.gz,Normal,,,,,,,B1,
CQ500-CT-16,"1,23E+56",cq500_dados,,,,247.0,1.5,0.429688,0.75,10.0,-10240.0,False,,,,/home/neuro-source/main_source/datasets/cq500_2023_08/id_cq500006/id_cq500006_master_image.nii.gz,R1:Fracture/R1:CalvarialFracture/R1:OtherFracture/R2:Fracture/R2:CalvarialFracture/R2:OtherFracture,,,,,,,B1,
CQ500-CT-424,"1,23E+56",cq500_dados,,,,234.0,1.5,0.441406,0.75,10.0,-10240.0,True,,,,/home/neuro-source/main_source/datasets/cq500_2023_08/id_cq500024/id_cq500024_master_image.nii.gz,Normal,,,,,,,B1,
CQ500-CT-424,"1,23E+56",cq500_dados,,,,225.0,1.5,0.441406,0.75,10.0,-10240.0,True,,,,/home/neuro-source/main_source/datasets/cq500_2023_08/id_cq500024/id_cq500024_master_image.nii.gz,Normal,,,,,,,B1,
CQ500-CT-41,"1,23E+56",cq500_dados,,,,175.0,1.0,0.488281,1.0,10.0,-10240.0,False,,,,/home/neuro-source/main_source/datasets/cq500_2023_08/id_cq500001/id_cq500001_master_image.nii.gz,R1:ICH/R1:IPH/R1:SDH/R1:BleedLocation-Left/R1:BleedLocation-Right/R1:Fracture/R1:CalvarialFracture/R1:OtherFracture/R1:MassEffect/R2:ICH/R2:IPH/R2:SDH/R2:SAH/R2:BleedLocation-Left/R2:BleedLocation-Right/R3:ICH/R3:IPH/R3:SDH/R3:SAH/R3:BleedLocation-Left/R3:BleedLocation-Right,,,,,,,B1,
CQ500-CT-41,"1,23E+56",cq500_dados,,,,175.0,1.0,0.488281,1.0,10.0,-10240.0,False,,,,/home/neuro-source/main_source/datasets/cq500_2023_08/id_cq500001/id_cq500001_master_image.nii.gz,R1:ICH/R1:IPH/R1:SDH/R1:BleedLocation-Left/R1:BleedLocation-Right/R1:Fracture/R1:CalvarialFracture/R1:OtherFracture/R1:MassEffect/R2:ICH/R2:IPH/R2:SDH/R2:SAH/R2:BleedLocation-Left/R2:BleedLocation-Right/R3:ICH/R3:IPH/R3:SDH/R3:SAH/R3:BleedLocation-Left/R3:BleedLocation-Right,,,,,,,B1,
CQ500-CT-41,"1,23E+56",cq500_dados,,,,234.0,1.5,0.488281,0.75,10.0,-10240.0,False,,,,/home/neuro-source/main_source/datasets/cq500_2023_08/id_cq500001/id_cq500001_master_image.nii.gz,R1:ICH/R1:IPH/R1:SDH/R1:BleedLocation-Left/R1:BleedLocation-Right/R1:Fracture/R1:CalvarialFracture/R1:OtherFracture/R1:MassEffect/R2:ICH/R2:IPH/R2:SDH/R2:SAH/R2:BleedLocation-Left/R2:BleedLocation-Right/R3:ICH/R3:IPH/R3:SDH/R3:SAH/R3:BleedLocation-Left/R3:BleedLocation-Right,,,,,,,B1,
CQ500-CT-397,"1,23E+56",cq500_dados,,,,272.0,0.625,0.472656,0.6337453874538745,10.0,-10240.0,False,,,,/home/neuro-source/main_source/datasets/cq500_2023_08/id_cq500097/id_cq500097_master_image.nii.gz,R1:ICH/R1:IPH/R1:BleedLocation-Right/R1:Fracture/R1:CalvarialFracture/R1:OtherFracture/R1:MassEffect/R2:ICH/R2:IPH/R2:BleedLocation-Right/R2:Fracture/R2:CalvarialFracture/R2:OtherFracture,,,,,,,B1,
CQ500-CT-272,"1,23E+56",cq500_dados,,,,194.0,1.5,0.380859,0.7500051398963731,10.0,-10240.0,True,,,,/home/neuro-source/main_source/datasets/cq500_2023_08/id_cq500072/id_cq500072_master_image.nii.gz,Normal,,,,,,,B1,
CQ500-CT-476,"1,23E+56",cq500_dados,,,,241.0,1.5,0.445313,0.75,10.0,-10240.0,True,,,,/home/neuro-source/main_source/datasets/cq500_2023_08/id_cq500076/id_cq500076_master_image.nii.gz,Normal,,,,,,,B1,
CQ500-CT-325,"1,23E+56",cq500_dados,,,,273.0,0.625,0.398438,0.625,10.0,-10240.0,False,,,,/home/neuro-source/main_source/datasets/cq500_2023_08/id_cq500025/id_cq500025_master_image.nii.gz,R1:Fracture/R1:OtherFracture,,,,,,,B1,
CQ500-CT-325,"1,23E+56",cq500_dados,,,,240.0,0.625,0.433594,0.6337447698744769,10.0,-10240.0,False,,,,/home/neuro-source/main_source/datasets/cq500_2023_08/id_cq500025/id_cq500025_master_image.nii.gz,R1:Fracture/R1:OtherFracture,,,,,,,B1,
CQ500-CT-79,"1,23E+56",cq500_dados,,,,221.0,1.5,0.433594,0.75,10.0,-10240.0,True,,,,/home/neuro-source/main_source/datasets/cq500_2023_08/id_cq500009/id_cq500009_master_image.nii.gz,Normal,,,,,,,B1,
CQ500-CT-164,"1,23E+56",cq500_dados,,,,240.0,0.625,0.453125,0.6265606694560669,10.0,-10240.0,True,,,,/home/neuro-source/main_source/datasets/cq500_2023_08/id_cq500064/id_cq500064_master_image.nii.gz,Normal,,,,,,,B1,
CQ500-CT-164,"1,23E+56",cq500_dados,,,,240.0,0.625,0.470703,0.625,10.0,-10240.0,True,,,,/home/neuro-source/main_source/datasets/cq500_2023_08/id_cq500064/id_cq500064_master_image.nii.gz,Normal,,,,,,,B1,
CQ500-CT-479,"1,23E+56",cq500_dados,,,,261.0,0.625,0.445312,0.625,10.0,-10240.0,False,,,,/home/neuro-source/main_source/datasets/cq500_2023_08/id_cq500079/id_cq500079_master_image.nii.gz,R1:ICH/R1:IPH/R1:SDH/R1:BleedLocation-Left/R1:BleedLocation-Right/R1:Fracture/R1:CalvarialFracture/R1:MassEffect/R1:MidlineShift/R2:ICH/R2:IPH/R2:EDH/R2:BleedLocation-Left/R2:BleedLocation-Right/R2:Fracture/R2:CalvarialFracture/R2:MassEffect/R2:MidlineShift/R3:ICH/R3:IPH/R3:SDH/R3:EDH/R3:SAH/R3:BleedLocation-Left/R3:BleedLocation-Right/R3:Fracture/R3:CalvarialFracture/R3:MassEffect/R3:MidlineShift,,,,,,,B1,
CQ500-CT-339,"1,23E+56",cq500_dados,,,,241.0,1.5,0.429688,0.75,10.0,-10240.0,False,,,,/home/neuro-source/main_source/datasets/cq500_2023_08/id_cq500039/id_cq500039_master_image.nii.gz,R1:ICH/R1:SAH/R1:BleedLocation-Left,,,,,,,B1,
CQ500-CT-333,"1,23E+56",cq500_dados,,,,233.0,0.625,0.457031,0.625,10.0,-10240.0,True,,,,/home/neuro-source/main_source/datasets/cq500_2023_08/id_cq500033/id_cq500033_master_image.nii.gz,Normal,,,,,,,B1,
CQ500-CT-183,"1,23E+56",cq500_dados,,,,176.0,1.25,0.488281,1.25,10.0,-10240.0,False,,,,/home/neuro-source/main_source/datasets/cq500_2023_08/id_cq500083/id_cq500083_master_image.nii.gz,R1:ICH/R1:IPH/R1:MassEffect/R1:MidlineShift/R2:ICH/R2:IPH/R2:BleedLocation-Left/R2:MassEffect/R2:MidlineShift/R3:ICH/R3:IPH/R3:BleedLocation-Left,,,,,,,B1,
CQ500-CT-183,"1,23E+56",cq500_dados,,,,352.0,0.625,0.488281,0.625002849002849,10.0,-10240.0,False,,,,/home/neuro-source/main_source/datasets/cq500_2023_08/id_cq500083/id_cq500083_master_image.nii.gz,R1:ICH/R1:IPH/R1:MassEffect/R1:MidlineShift/R2:ICH/R2:IPH/R2:BleedLocation-Left/R2:MassEffect/R2:MidlineShift/R3:ICH/R3:IPH/R3:BleedLocation-Left,,,,,,,B1,
CQ500-CT-183,"1,23E+56",cq500_dados,,,,176.0,1.25,0.488281,1.25,10.0,-10240.0,False,,,,/home/neuro-source/main_source/datasets/cq500_2023_08/id_cq500083/id_cq500083_master_image.nii.gz,R1:ICH/R1:IPH/R1:MassEffect/R1:MidlineShift/R2:ICH/R2:IPH/R2:BleedLocation-Left/R2:MassEffect/R2:MidlineShift/R3:ICH/R3:IPH/R3:BleedLocation-Left,,,,,,,B1,
CQ500-CT-183,"1,23E+56",cq500_dados,,,,352.0,0.625,0.488281,0.625002849002849,10.0,-10240.0,False,,,,/home/neuro-source/main_source/datasets/cq500_2023_08/id_cq500083/id_cq500083_master_image.nii.gz,R1:ICH/R1:IPH/R1:MassEffect/R1:MidlineShift/R2:ICH/R2:IPH/R2:BleedLocation-Left/R2:MassEffect/R2:MidlineShift/R3:ICH/R3:IPH/R3:BleedLocation-Left,,,,,,,B1,
CQ500-CT-177,"1,23E+56",cq500_dados,,,,233.0,0.625,0.423828,0.625,10.0,-10240.0,True,,,,/home/neuro-source/main_source/datasets/cq500_2023_08/id_cq500077/id_cq500077_master_image.nii.gz,Normal,,,,,,,B1,
CQ500-CT-93,"1,23E+56",cq500_dados,,,,49.0,0.625,0.396484,12.935,10.0,-10240.0,True,,,,/home/neuro-source/main_source/datasets/cq500_2023_08/id_cq500003/id_cq500003_master_image.nii.gz,Normal,,,,,,,B1,
CQ500-CT-93,"1,23E+56",cq500_dados,,,,205.0,0.625,0.396484,0.312,10.0,-10240.0,True,,,,/home/neuro-source/main_source/datasets/cq500_2023_08/id_cq500003/id_cq500003_master_image.nii.gz,Normal,,,,,,,B1,
CQ500-CT-93,"1,23E+56",cq500_dados,,,,233.0,0.625,0.414062,0.625,10.0,-10240.0,True,,,,/home/neuro-source/main_source/datasets/cq500_2023_08/id_cq500003/id_cq500003_master_image.nii.gz,Normal,,,,,,,B1,
CQ500-CT-168,"1,23E+56",cq500_dados,,,,221.0,1.5,0.425781,0.7500000681818183,10.0,-10240.0,False,,,,/home/neuro-source/main_source/datasets/cq500_2023_08/id_cq500068/id_cq500068_master_image.nii.gz,R1:ICH/R1:SDH/R1:BleedLocation-Right/R1:ChronicBleed,,,,,,,B1,
CQ500-CT-201,"1,23E+56",cq500_dados,,,,247.0,1.5,0.583984,0.7500000609756098,10.0,-10240.0,True,,,,/home/neuro-source/main_source/datasets/cq500_2023_08/id_cq500001/id_cq500001_master_image.nii.gz,Normal,,,,,,,B1,
CQ500-CT-82,"1,23E+56",cq500_dados,,,,274.0,1.5,0.443359,0.75,10.0,-10240.0,True,,,,/home/neuro-source/main_source/datasets/cq500_2023_08/id_cq500002/id_cq500002_master_image.nii.gz,Normal,,,,,,,B1,
CQ500-CT-158,"1,23E+56",cq500_dados,,,,290.0,1.0,0.427734,0.5,10.0,-10240.0,True,,,,/home/neuro-source/main_source/datasets/cq500_2023_08/id_cq500058/id_cq500058_master_image.nii.gz,Normal,,,,,,,B1,
CQ500-CT-85,"1,23E+56",cq500_dados,,,,256.0,0.625,0.488281,0.6250039215686275,10.0,-10240.0,True,,,,/home/neuro-source/main_source/datasets/cq500_2023_08/id_cq500005/id_cq500005_master_image.nii.gz,Normal,,,,,,,B1,
CQ500-CT-85,"1,23E+56",cq500_dados,,,,272.0,0.625,0.488281,0.6250036900369004,10.0,-10240.0,True,,,,/home/neuro-source/main_source/datasets/cq500_2023_08/id_cq500005/id_cq500005_master_image.nii.gz,Normal,,,,,,,B1,
CQ500-CT-191,"1,23E+56",cq500_dados,,,,260.0,0.625,0.513672,0.625,10.0,-10240.0,True,,,,/home/neuro-source/main_source/datasets/cq500_2023_08/id_cq500091/id_cq500091_master_image.nii.gz,Normal,,,,,,,B1,
CQ500-CT-153,"1,23E+56",cq500_dados,,,,331.0,1.0,0.416016,0.5,10.0,-10240.0,False,,,,/home/neuro-source/main_source/datasets/cq500_2023_08/id_cq500053/id_cq500053_master_image.nii.gz,R1:ICH/R1:SDH/R1:BleedLocation-Left,,,,,,,B1,
CQ500-CT-154,"1,23E+56",cq500_dados,,,,256.0,0.625,0.441406,0.6365686274509803,10.0,-10240.0,False,,,,/home/neuro-source/main_source/datasets/cq500_2023_08/id_cq500054/id_cq500054_master_image.nii.gz,R1:ICH/R1:IPH/R1:BleedLocation-Left/R2:ICH/R2:IPH/R2:BleedLocation-Left/R2:MassEffect/R2:MidlineShift/R3:ICH/R3:IPH/R3:BleedLocation-Left,,,,,,,B1,
CQ500-CT-130,"1,23E+56",cq500_dados,,,,256.0,0.625,0.466797,0.6278156862745098,10.0,-10240.0,True,,,,/home/neuro-source/main_source/datasets/cq500_2023_08/id_cq500030/id_cq500030_master_image.nii.gz,Normal,,,,,,,B2,
CQ500-CT-329,"1,23E+56",cq500_dados,,,,98.0,0.625,0.3125,0.625,10.0,-10240.0,True,,,,/home/neuro-source/main_source/datasets/cq500_2023_08/id_cq500029/id_cq500029_master_image.nii.gz,Normal,,,,,,,B2,
CQ500-CT-329,"1,23E+56",cq500_dados,,,,256.0,0.625,0.455078,0.6303176470588235,10.0,-10240.0,True,,,,/home/neuro-source/main_source/datasets/cq500_2023_08/id_cq500029/id_cq500029_master_image.nii.gz,Normal,,,,,,,B2,
CQ500-CT-309,"1,23E+56",cq500_dados,,,,288.0,0.625,0.474609,0.6346829268292683,10.0,-10240.0,False,,,,/home/neuro-source/main_source/datasets/cq500_2023_08/id_cq500009/id_cq500009_master_image.nii.gz,R1:ICH/R1:IPH/R1:SDH/R1:BleedLocation-Left/R1:BleedLocation-Right/R1:Fracture/R1:CalvarialFracture/R1:MassEffect/R2:ICH/R2:IPH/R2:BleedLocation-Left/R2:Fracture/R2:CalvarialFracture,,,,,,,B2,
CQ500-CT-10,"1,23E+56",cq500_dados,,,,224.0,0.625,0.464844,0.6312421524663678,10.0,-10240.0,False,,,,/home/neuro-source/main_source/datasets/cq500_2023_08/id_cq500000/id_cq500000_master_image.nii.gz,R1:ICH/R1:IPH/R1:BleedLocation-Left/R1:MassEffect/R1:MidlineShift/R2:ICH/R2:IPH/R2:BleedLocation-Left/R2:Fracture/R2:CalvarialFracture/R2:OtherFracture/R3:ICH/R3:IPH/R3:BleedLocation-Left,,,,,,,B2,
CQ500-CT-86,"1,23E+56",cq500_dados,,,,288.0,0.625,0.523438,0.6250034843205575,10.0,-10240.0,False,,,,/home/neuro-source/main_source/datasets/cq500_2023_08/id_cq500006/id_cq500006_master_image.nii.gz,R1:ICH/R1:SDH/R1:BleedLocation-Left/R1:BleedLocation-Right/R1:MassEffect/R1:MidlineShift/R2:ICH/R2:SDH/R2:BleedLocation-Right/R2:MassEffect/R2:MidlineShift/R3:ICH/R3:SDH/R3:BleedLocation-Left/R3:BleedLocation-Right/R3:MassEffect/R3:MidlineShift,,,,,,,B2,
CQ500-CT-35,"1,23E+56",cq500_dados,,,,288.0,0.625,0.490234,0.6250034843205574,10.0,-10240.0,False,,,,/home/neuro-source/main_source/datasets/cq500_2023_08/id_cq500005/id_cq500005_master_image.nii.gz,R1:ICH/R1:IPH/R1:BleedLocation-Right/R2:ICH/R2:IPH/R2:BleedLocation-Right,,,,,,,B2,
CQ500-CT-213,"1,23E+56",cq500_dados,,,,256.0,0.625,0.46875,0.6250039215686275,10.0,-10240.0,False,,,,/home/neuro-source/main_source/datasets/cq500_2023_08/id_cq500013/id_cq500013_master_image.nii.gz,R1:ICH/R1:IPH/R1:BleedLocation-Left/R2:ICH/R2:IPH/R2:BleedLocation-Left/R3:ICH/R3:IPH/R3:BleedLocation-Left,,,,,,,B2,
CQ500-CT-28,"1,23E+56",cq500_dados,,,,288.0,0.625,0.486328,0.6250034843205574,10.0,-10240.0,False,,,,/home/neuro-source/main_source/datasets/cq500_2023_08/id_cq500008/id_cq500008_master_image.nii.gz,R1:ICH/R1:IPH/R1:SDH/R1:BleedLocation-Left/R1:Fracture/R1:CalvarialFracture/R1:OtherFracture/R1:MassEffect/R2:ICH/R2:IPH/R2:BleedLocation-Left/R2:Fracture/R2:CalvarialFracture/R3:ICH/R3:IPH/R3:SAH/R3:BleedLocation-Left/R3:Fracture/R3:CalvarialFracture/R3:MassEffect/R3:MidlineShift,,,,,,,B2,
CQ500-CT-463,"1,23E+56",cq500_dados,,,,288.0,0.625,0.451172,0.6250034843205574,10.0,-10240.0,True,,,,/home/neuro-source/main_source/datasets/cq500_2023_08/id_cq500063/id_cq500063_master_image.nii.gz,Normal,,,,,,,B2,
CQ500-CT-463,"1,23E+56",cq500_dados,,,,288.0,0.625,0.451172,0.6250034843205574,10.0,-10240.0,True,,,,/home/neuro-source/main_source/datasets/cq500_2023_08/id_cq500063/id_cq500063_master_image.nii.gz,Normal,,,,,,,B2,
CQ500-CT-303,"1,23E+56",cq500_dados,,,,233.0,0.625,0.429688,0.625,10.0,-10240.0,False,,,,/home/neuro-source/main_source/datasets/cq500_2023_08/id_cq500003/id_cq500003_master_image.nii.gz,R1:ICH/R1:IPH/R1:SAH/R1:BleedLocation-Left/R1:BleedLocation-Right/R2:ICH/R2:SAH/R3:ICH/R3:SAH,,,,,,,B2,
CQ500-CT-474,"1,23E+56",cq500_dados,,,,304.0,0.625,0.488281,0.6328085808580858,10.0,-10240.0,False,,,,/home/neuro-source/main_source/datasets/cq500_2023_08/id_cq500074/id_cq500074_master_image.nii.gz,R1:Fracture/R1:CalvarialFracture/R1:MassEffect/R2:ICH/R2:IPH/R2:BleedLocation-Left/R3:ICH/R3:IPH/R3:BleedLocation-Left,,,,,,,B2,
CQ500-CT-107,"1,23E+56",cq500_dados,,,,256.0,0.625,0.474609,0.6250039215686275,10.0,-10240.0,False,,,,/home/neuro-source/main_source/datasets/cq500_2023_08/id_cq500007/id_cq500007_master_image.nii.gz,R1:ICH/R1:IPH/R1:IVH/R1:SDH/R1:SAH/R1:BleedLocation-Left/R1:BleedLocation-Right/R1:Fracture/R1:CalvarialFracture/R1:MassEffect/R1:MidlineShift/R2:ICH/R2:IPH/R2:SDH/R2:EDH/R2:SAH/R2:BleedLocation-Left/R2:BleedLocation-Right/R2:Fracture/R2:CalvarialFracture/R2:MassEffect/R2:MidlineShift/R3:ICH/R3:IPH/R3:IVH/R3:SDH/R3:EDH/R3:SAH/R3:BleedLocation-Left/R3:BleedLocation-Right/R3:MassEffect/R3:MidlineShift,,,,,,,B2,
CQ500-CT-107,"1,23E+56",cq500_dados,,,,256.0,0.625,0.474609,0.6250039215686275,10.0,-10240.0,False,,,,/home/neuro-source/main_source/datasets/cq500_2023_08/id_cq500007/id_cq500007_master_image.nii.gz,R1:ICH/R1:IPH/R1:IVH/R1:SDH/R1:SAH/R1:BleedLocation-Left/R1:BleedLocation-Right/R1:Fracture/R1:CalvarialFracture/R1:MassEffect/R1:MidlineShift/R2:ICH/R2:IPH/R2:SDH/R2:EDH/R2:SAH/R2:BleedLocation-Left/R2:BleedLocation-Right/R2:Fracture/R2:CalvarialFracture/R2:MassEffect/R2:MidlineShift/R3:ICH/R3:IPH/R3:IVH/R3:SDH/R3:EDH/R3:SAH/R3:BleedLocation-Left/R3:BleedLocation-Right/R3:MassEffect/R3:MidlineShift,,,,,,,B2,
CQ500-CT-198,"1,23E+56",cq500_dados,,,,256.0,0.625,0.466797,0.6250039215686274,10.0,-10240.0,True,,,,/home/neuro-source/main_source/datasets/cq500_2023_08/id_cq500098/id_cq500098_master_image.nii.gz,Normal,,,,,,,B2,
CQ500-CT-483,"1,23E+56",cq500_dados,,,,256.0,0.625,0.478516,0.6250039215686275,10.0,-10240.0,False,,,,/home/neuro-source/main_source/datasets/cq500_2023_08/id_cq500083/id_cq500083_master_image.nii.gz,R1:ICH/R1:SAH/R1:BleedLocation-Left/R1:BleedLocation-Right,,,,,,,B2,
CQ500-CT-281,"1,23E+56",cq500_dados,,,,256.0,0.625,0.492188,0.6250039215686274,10.0,-10240.0,True,,,,/home/neuro-source/main_source/datasets/cq500_2023_08/id_cq500081/id_cq500081_master_image.nii.gz,Normal,,,,,,,B2,
CQ500-CT-281,"1,23E+56",cq500_dados,,,,256.0,0.625,0.492188,0.6250039215686274,10.0,-10240.0,True,,,,/home/neuro-source/main_source/datasets/cq500_2023_08/id_cq500081/id_cq500081_master_image.nii.gz,Normal,,,,,,,B2,
CQ500-CT-340,"1,23E+56",cq500_dados,,,,256.0,0.625,0.429688,0.6356549019607842,10.0,-10240.0,False,,,,/home/neuro-source/main_source/datasets/cq500_2023_08/id_cq500040/id_cq500040_master_image.nii.gz,R1:ICH/R1:SDH/R1:BleedLocation-Right/R1:ChronicBleed/R1:MassEffect,,,,,,,B2,
CQ500-CT-29,"1,23E+56",cq500_dados,,,,256.0,0.625,0.451172,0.6250039215686274,10.0,-10240.0,False,,,,/home/neuro-source/main_source/datasets/cq500_2023_08/id_cq500009/id_cq500009_master_image.nii.gz,R1:ICH/R1:SDH/R1:BleedLocation-Right/R1:ChronicBleed,,,,,,,B2,
CQ500-CT-11,"1,23E+56",cq500_dados,,,,256.0,0.625,0.488281,0.6265294117647059,10.0,-10240.0,False,,,,/home/neuro-source/main_source/datasets/cq500_2023_08/id_cq500001/id_cq500001_master_image.nii.gz,R1:ICH/R1:SDH/R1:BleedLocation-Right/R1:ChronicBleed,,,,,,,B2,
CQ500-CT-142,"1,23E+56",cq500_dados,,,,288.0,0.625,0.496094,0.6250034843205574,10.0,-10240.0,True,,,,/home/neuro-source/main_source/datasets/cq500_2023_08/id_cq500042/id_cq500042_master_image.nii.gz,Normal,,,,,,,B2,
CQ500-CT-394,"1,23E+56",cq500_dados,,,,256.0,0.625,0.453125,0.6250039215686275,10.0,-10240.0,True,,,,/home/neuro-source/main_source/datasets/cq500_2023_08/id_cq500094/id_cq500094_master_image.nii.gz,Normal,,,,,,,B2,
CQ500-CT-346,"1,23E+56",cq500_dados,,,,288.0,0.625,0.580078,0.6356550522648083,10.0,-10240.0,False,,,,/home/neuro-source/main_source/datasets/cq500_2023_08/id_cq500046/id_cq500046_master_image.nii.gz,R1:ICH/R1:IPH/R1:BleedLocation-Right/R2:ICH/R2:IPH/R2:BleedLocation-Left/R2:BleedLocation-Right/R3:ICH/R3:IPH/R3:BleedLocation-Left/R3:BleedLocation-Right,,,,,,,B2,
CQ500-CT-359,"1,23E+56",cq500_dados,,,,256.0,0.625,0.486328,0.6250039215686275,10.0,-10240.0,False,,,,/home/neuro-source/main_source/datasets/cq500_2023_08/id_cq500059/id_cq500059_master_image.nii.gz,R1:ICH/R1:SDH/R1:BleedLocation-Left/R1:ChronicBleed/R1:MassEffect/R2:ICH/R2:SDH/R2:BleedLocation-Left/R2:BleedLocation-Right/R2:MassEffect/R2:MidlineShift/R3:ICH/R3:SAH/R3:BleedLocation-Left/R3:BleedLocation-Right,,,,,,,B2,
CQ500-CT-404,"1,23E+56",cq500_dados,,,,256.0,0.625,0.429688,0.6250039215686274,10.0,-10240.0,False,,,,/home/neuro-source/main_source/datasets/cq500_2023_08/id_cq500004/id_cq500004_master_image.nii.gz,R1:ICH/R1:SDH/R1:BleedLocation-Right/R1:ChronicBleed/R2:ICH/R2:SDH/R2:BleedLocation-Right/R2:ChronicBleed,,,,,,,B2,
CQ500-CT-67,"1,23E+56",cq500_dados,,,,240.0,0.625,0.457031,0.6378117154811715,10.0,-10240.0,False,,,,/home/neuro-source/main_source/datasets/cq500_2023_08/id_cq500007/id_cq500007_master_image.nii.gz,R1:ICH/R1:SDH/R1:BleedLocation-Right/R1:Fracture/R1:CalvarialFracture/R1:MassEffect,,,,,,,B2,
CQ500-CT-190,"1,23E+56",cq500_dados,,,,253.0,0.625,0.482422,0.7118095238095238,10.0,-10240.0,False,,,,/home/neuro-source/main_source/datasets/cq500_2023_08/id_cq500090/id_cq500090_master_image.nii.gz,R1:ICH/R1:SDH/R1:BleedLocation-Right/R1:ChronicBleed/R2:ICH/R2:SDH/R2:BleedLocation-Right/R2:ChronicBleed/R3:ICH/R3:SDH/R3:BleedLocation-Right,,,,,,,B2,
CQ500-CT-362,"1,23E+56",cq500_dados,,,,256.0,0.625,0.464844,0.6250039215686274,10.0,-10240.0,False,,,,/home/neuro-source/main_source/datasets/cq500_2023_08/id_cq500062/id_cq500062_master_image.nii.gz,R1:ICH/R1:SAH/R1:BleedLocation-Right/R1:Fracture/R1:CalvarialFracture/R2:ICH/R2:IPH/R2:BleedLocation-Right/R2:Fracture/R2:CalvarialFracture/R3:Fracture/R3:CalvarialFracture,,,,,,,B2,
CQ500-CT-298,"1,23E+56",cq500_dados,,,,413.0,0.625,0.470703,0.625,10.0,-10240.0,True,,,,/home/neuro-source/main_source/datasets/cq500_2023_08/id_cq500098/id_cq500098_master_image.nii.gz,Normal,,,,,,,B2,
CQ500-CT-314,"1,23E+56",cq500_dados,,,,240.0,0.625,0.488281,0.6484476987447698,10.0,-10240.0,False,,,,/home/neuro-source/main_source/datasets/cq500_2023_08/id_cq500014/id_cq500014_master_image.nii.gz,R1:ICH/R1:IPH/R1:BleedLocation-Left/R1:MassEffect/R2:ICH/R2:IPH/R2:BleedLocation-Left/R2:MassEffect/R2:MidlineShift/R3:ICH/R3:IPH/R3:BleedLocation-Left/R3:MassEffect,,,,,,,B2,
CQ500-CT-475,"1,23E+56",cq500_dados,,,,256.0,0.625,0.478516,0.629686274509804,10.0,-10240.0,False,,,,/home/neuro-source/main_source/datasets/cq500_2023_08/id_cq500075/id_cq500075_master_image.nii.gz,R1:Fracture/R1:CalvarialFracture,,,,,,,B2,
CQ500-CT-431,"1,23E+56",cq500_dados,,,,256.0,0.625,0.488281,0.6250039215686275,10.0,-10240.0,False,,,,/home/neuro-source/main_source/datasets/cq500_2023_08/id_cq500031/id_cq500031_master_image.nii.gz,R1:Fracture/R1:CalvarialFracture/R1:OtherFracture,,,,,,,B2,
CQ500-CT-431,"1,23E+56",cq500_dados,,,,96.0,0.625,0.488281,0.625,10.0,-10240.0,False,,,,/home/neuro-source/main_source/datasets/cq500_2023_08/id_cq500031/id_cq500031_master_image.nii.gz,R1:Fracture/R1:CalvarialFracture/R1:OtherFracture,,,,,,,B2,
CQ500-CT-263,"1,23E+56",cq500_dados,,,,248.0,0.625,0.488281,0.6932753036437247,10.0,-10240.0,False,,,,/home/neuro-source/main_source/datasets/cq500_2023_08/id_cq500063/id_cq500063_master_image.nii.gz,R1:ICH/R1:IPH/R1:BleedLocation-Right/R1:MassEffect/R2:ICH/R2:IPH/R2:BleedLocation-Right/R2:MassEffect/R2:MidlineShift/R3:ICH/R3:IPH/R3:SAH/R3:BleedLocation-Right,,,,,,,B2,
CQ500-CT-305,"1,23E+56",cq500_dados,,,,352.0,0.625,0.498047,0.625002849002849,10.0,-10240.0,False,,,,/home/neuro-source/main_source/datasets/cq500_2023_08/id_cq500005/id_cq500005_master_image.nii.gz,R1:ICH/R1:IPH/R1:BleedLocation-Right/R1:MassEffect/R2:ICH/R2:IPH/R2:BleedLocation-Right/R3:ICH/R3:IPH/R3:BleedLocation-Right/R3:MassEffect,,,,,,,B2,
CQ500-CT-19,"1,23E+56",cq500_dados,,,,224.0,0.625,0.460938,0.6290627802690584,10.0,-10240.0,False,,,,/home/neuro-source/main_source/datasets/cq500_2023_08/id_cq500009/id_cq500009_master_image.nii.gz,R1:ICH/R1:IVH/R1:SAH/R1:BleedLocation-Left/R1:BleedLocation-Right/R2:ICH/R2:IPH/R2:IVH/R2:SAH/R2:BleedLocation-Left/R2:BleedLocation-Right/R3:ICH/R3:IPH/R3:IVH/R3:SAH/R3:BleedLocation-Left/R3:BleedLocation-Right/R3:MassEffect,,,,,,,B2,
CQ500-CT-370,"1,23E+56",cq500_dados,,,,272.0,0.625,0.488281,0.6346826568265682,10.0,-10240.0,False,,,,/home/neuro-source/main_source/datasets/cq500_2023_08/id_cq500070/id_cq500070_master_image.nii.gz,R1:Fracture/R1:CalvarialFracture/R2:ICH/R2:IPH/R2:BleedLocation-Right/R3:ICH/R3:SAH/R3:BleedLocation-Right,,,,,,,B2,
CQ500-CT-121,"1,23E+56",cq500_dados,,,,288.0,0.625,0.488281,0.6278188153310105,10.0,-10240.0,False,,,,/home/neuro-source/main_source/datasets/cq500_2023_08/id_cq500021/id_cq500021_master_image.nii.gz,R1:ICH/R1:IPH/R1:BleedLocation-Right/R1:Fracture/R1:CalvarialFracture/R1:OtherFracture/R2:ICH/R2:IPH/R2:BleedLocation-Right/R2:Fracture/R2:CalvarialFracture/R3:ICH/R3:IPH/R3:BleedLocation-Right,,,,,,,B2,
CQ500-CT-489,"1,23E+56",cq500_dados,,,,288.0,0.625,0.488281,0.6455609756097561,10.0,-10240.0,False,,,,/home/neuro-source/main_source/datasets/cq500_2023_08/id_cq500089/id_cq500089_master_image.nii.gz,R1:ICH/R1:IVH/R1:SAH/R1:BleedLocation-Left/R1:BleedLocation-Right/R2:ICH/R2:SAH/R2:BleedLocation-Left/R2:BleedLocation-Right/R3:ICH/R3:SAH/R3:BleedLocation-Left/R3:BleedLocation-Right/R3:MassEffect,,,,,,,B2,
CQ500-CT-22,"1,23E+56",cq500_dados,,,,240.0,0.625,0.445312,0.6365690376569038,10.0,-10240.0,False,,,,/home/neuro-source/main_source/datasets/cq500_2023_08/id_cq500002/id_cq500002_master_image.nii.gz,R1:ICH/R1:IPH/R1:BleedLocation-Right/R1:MassEffect/R1:MidlineShift/R2:ICH/R2:IPH/R2:BleedLocation-Right/R2:MassEffect/R2:MidlineShift/R3:ICH/R3:IPH/R3:BleedLocation-Right/R3:MassEffect,,,,,,,B2,
CQ500-CT-338,"1,23E+56",cq500_dados,,,,240.0,0.625,0.470703,0.6296861924686192,10.0,-10240.0,False,,,,/home/neuro-source/main_source/datasets/cq500_2023_08/id_cq500038/id_cq500038_master_image.nii.gz,R1:ICH/R1:IPH/R1:BleedLocation-Left/R1:BleedLocation-Right/R1:MassEffect/R2:ICH/R2:IPH/R2:BleedLocation-Left/R3:ICH/R3:IPH,,,,,,,B2,
CQ500-CT-338,"1,23E+56",cq500_dados,,,,112.0,0.625,0.470703,0.6296846846846847,10.0,-10240.0,False,,,,/home/neuro-source/main_source/datasets/cq500_2023_08/id_cq500038/id_cq500038_master_image.nii.gz,R1:ICH/R1:IPH/R1:BleedLocation-Left/R1:BleedLocation-Right/R1:MassEffect/R2:ICH/R2:IPH/R2:BleedLocation-Left/R3:ICH/R3:IPH,,,,,,,B2,
CQ500-CT-202,"1,23E+56",cq500_dados,,,,256.0,0.625,0.447266,0.6259333333333333,10.0,-10240.0,False,,,,/home/neuro-source/main_source/datasets/cq500_2023_08/id_cq500002/id_cq500002_master_image.nii.gz,R1:ICH/R1:SAH/R1:BleedLocation-Left/R1:BleedLocation-Right/R2:ICH/R2:SAH/R2:BleedLocation-Right/R3:ICH/R3:SAH/R3:BleedLocation-Left/R3:BleedLocation-Right,,,,,,,B2,
CQ500-CT-84,"1,23E+56",cq500_dados,,,,272.0,0.625,0.488281,0.6318782287822878,10.0,-10240.0,False,,,,/home/neuro-source/main_source/datasets/cq500_2023_08/id_cq500004/id_cq500004_master_image.nii.gz,R1:ICH/R1:SAH/R1:BleedLocation-Left/R1:BleedLocation-Right/R2:ICH/R2:SAH/R2:BleedLocation-Left/R3:ICH/R3:SAH/R3:BleedLocation-Left/R3:BleedLocation-Right,,,,,,,B2,
CQ500-CT-363,"1,23E+56",cq500_dados,,,,224.0,0.625,0.455078,0.6346816143497758,10.0,-10240.0,False,,,,/home/neuro-source/main_source/datasets/cq500_2023_08/id_cq500063/id_cq500063_master_image.nii.gz,R1:ICH/R1:IPH/R1:IVH/R1:SAH/R1:BleedLocation-Left/R1:BleedLocation-Right/R1:MassEffect/R2:ICH/R2:IPH/R2:BleedLocation-Left/R2:MassEffect/R2:MidlineShift/R3:ICH/R3:IPH/R3:SAH/R3:BleedLocation-Left/R3:BleedLocation-Right/R3:MassEffect,,,,,,,B2,
CQ500-CT-113,"1,23E+56",cq500_dados,,,,272.0,0.625,0.46875,0.6303173431734318,10.0,-10240.0,False,,,,/home/neuro-source/main_source/datasets/cq500_2023_08/id_cq500013/id_cq500013_master_image.nii.gz,R1:ICH/R1:IPH/R1:BleedLocation-Left/R1:MassEffect/R2:ICH/R2:IPH/R2:BleedLocation-Left/R3:ICH/R3:IPH/R3:BleedLocation-Left/R3:MassEffect,,,,,,,B2,
CQ500-CT-406,"1,23E+56",cq500_dados,,,,256.0,0.625,0.488281,0.6250039215686275,10.0,-10240.0,False,,,,/home/neuro-source/main_source/datasets/cq500_2023_08/id_cq500006/id_cq500006_master_image.nii.gz,R1:ICH/R1:SAH/R1:BleedLocation-Left/R1:BleedLocation-Right/R2:ICH/R2:SAH/R3:ICH/R3:SAH/R3:BleedLocation-Left/R3:BleedLocation-Right,,,,,,,B2,
CQ500-CT-452,"1,23E+56",cq500_dados,,,,224.0,0.625,0.472656,0.6296860986547086,10.0,-10240.0,False,,,,/home/neuro-source/main_source/datasets/cq500_2023_08/id_cq500052/id_cq500052_master_image.nii.gz,R1:ICH/R1:IVH/R1:SAH/R1:BleedLocation-Left/R1:BleedLocation-Right/R1:MassEffect/R2:ICH/R2:SDH/R2:SAH/R2:BleedLocation-Right/R2:Fracture/R2:CalvarialFracture/R3:ICH/R3:IPH/R3:IVH/R3:SAH/R3:MassEffect,,,,,,,B2,
CQ500-CT-381,"1,23E+56",cq500_dados,,,,256.0,0.625,0.460938,0.6390549019607843,10.0,-10240.0,False,,,,/home/neuro-source/main_source/datasets/cq500_2023_08/id_cq500081/id_cq500081_master_image.nii.gz,R1:ICH/R1:EDH/R1:Fracture/R1:CalvarialFracture/R1:MassEffect/R2:ICH/R2:IPH/R2:SDH/R2:Fracture/R2:CalvarialFracture/R3:ICH/R3:SDH/R3:EDH/R3:BleedLocation-Left/R3:MassEffect,,,,,,,B2,
CQ500-CT-381,"1,23E+56",cq500_dados,,,,96.0,0.625,0.457031,0.6440736842105262,10.0,-10240.0,False,,,,/home/neuro-source/main_source/datasets/cq500_2023_08/id_cq500081/id_cq500081_master_image.nii.gz,R1:ICH/R1:EDH/R1:Fracture/R1:CalvarialFracture/R1:MassEffect/R2:ICH/R2:IPH/R2:SDH/R2:Fracture/R2:CalvarialFracture/R3:ICH/R3:SDH/R3:EDH/R3:BleedLocation-Left/R3:MassEffect,,,,,,,B2,
CQ500-CT-251,"1,23E+56",cq500_dados,,,,272.0,0.625,0.488281,0.6250036900369004,10.0,-10240.0,False,,,,/home/neuro-source/main_source/datasets/cq500_2023_08/id_cq500051/id_cq500051_master_image.nii.gz,R1:ICH/R1:IPH/R1:SAH/R1:BleedLocation-Left/R1:BleedLocation-Right/R1:Fracture/R1:CalvarialFracture/R1:OtherFracture/R1:MassEffect/R1:MidlineShift/R2:ICH/R2:IPH/R2:SDH/R2:SAH/R2:BleedLocation-Left/R2:Fracture/R2:CalvarialFracture/R2:MassEffect/R2:MidlineShift/R3:ICH/R3:EDH/R3:BleedLocation-Right/R3:MassEffect,,,,,,,B1,
CQ500-CT-226,"1,23E+56",cq500_dados,,,,224.0,0.625,0.488281,0.6389641255605382,10.0,-10240.0,False,,,,/home/neuro-source/main_source/datasets/cq500_2023_08/id_cq500026/id_cq500026_master_image.nii.gz,R1:ICH/R1:IPH/R1:BleedLocation-Left/R1:MassEffect/R2:ICH/R2:IPH/R2:BleedLocation-Left/R2:MassEffect/R2:MidlineShift/R3:ICH/R3:IPH/R3:BleedLocation-Left/R3:MassEffect/R3:MidlineShift,,,,,,,B2,
CQ500-CT-291,"1,23E+56",cq500_dados,,,,256.0,0.625,0.488281,0.6484470588235295,10.0,-10240.0,False,,,,/home/neuro-source/main_source/datasets/cq500_2023_08/id_cq500091/id_cq500091_master_image.nii.gz,R1:ICH/R1:IPH/R1:BleedLocation-Left/R1:MassEffect,,,,,,,B2,
CQ500-CT-429,"1,23E+56",cq500_dados,,,,240.0,0.625,0.488281,0.6356276150627614,10.0,-10240.0,False,,,,/home/neuro-source/main_source/datasets/cq500_2023_08/id_cq500029/id_cq500029_master_image.nii.gz,R1:ICH/R1:IPH/R1:SAH/R1:BleedLocation-Left/R1:BleedLocation-Right/R2:ICH/R2:IPH/R2:SAH/R2:BleedLocation-Left/R2:MassEffect/R3:ICH/R3:IPH/R3:SAH,,,,,,,B1,
CQ500-CT-126,"1,23E+56",cq500_dados,,,,240.0,0.625,0.439453,0.6250041841004185,10.0,-10240.0,False,,,,/home/neuro-source/main_source/datasets/cq500_2023_08/id_cq500026/id_cq500026_master_image.nii.gz,R1:ICH/R1:IPH/R1:BleedLocation-Left/R1:MassEffect/R2:ICH/R2:IPH/R2:BleedLocation-Left/R2:MassEffect/R2:MidlineShift/R3:ICH/R3:IPH/R3:BleedLocation-Left/R3:MassEffect,,,,,,,B2,
CQ500-CT-111,"1,23E+56",cq500_dados,,,,272.0,0.625,0.417969,0.6250036900369004,10.0,-10240.0,False,,,,/home/neuro-source/main_source/datasets/cq500_2023_08/id_cq500011/id_cq500011_master_image.nii.gz,R1:ICH/R1:IPH/R1:IVH/R1:BleedLocation-Right/R1:MassEffect/R1:MidlineShift/R2:ICH/R2:IPH/R2:IVH/R2:BleedLocation-Right/R2:MassEffect/R2:MidlineShift/R3:ICH/R3:IPH/R3:IVH/R3:BleedLocation-Right/R3:MassEffect/R3:MidlineShift,,,,,,,B2,
CQ500-CT-435,"1,23E+56",cq500_dados,,,,256.0,0.625,0.488281,0.6428117647058823,10.0,-10240.0,False,,,,/home/neuro-source/main_source/datasets/cq500_2023_08/id_cq500035/id_cq500035_master_image.nii.gz,R1:ICH/R1:SAH/R1:BleedLocation-Left/R1:BleedLocation-Right/R1:Fracture/R1:OtherFracture/R2:ICH/R2:SAH/R3:ICH/R3:SAH,,,,,,,B2,
CQ500-CT-422,"1,23E+56",cq500_dados,,,,256.0,0.625,0.453125,0.631878431372549,10.0,-10240.0,False,,,,/home/neuro-source/main_source/datasets/cq500_2023_08/id_cq500022/id_cq500022_master_image.nii.gz,R1:ICH/R1:IPH/R1:BleedLocation-Left/R1:ChronicBleed/R2:ICH/R2:IPH/R2:BleedLocation-Left/R2:MassEffect/R2:MidlineShift/R3:ICH/R3:IPH/R3:BleedLocation-Left/R3:MassEffect,,,,,,,B2,
CQ500-CT-348,"1,23E+56",cq500_dados,,,,208.0,0.625,0.4375,0.6365700483091788,10.0,-10240.0,False,,,,/home/neuro-source/main_source/datasets/cq500_2023_08/id_cq500048/id_cq500048_master_image.nii.gz,R1:ICH/R1:SAH/R1:BleedLocation-Left/R1:BleedLocation-Right/R1:MassEffect/R2:ICH/R2:IPH/R2:SAH/R2:BleedLocation-Left/R2:MassEffect/R2:MidlineShift/R3:ICH/R3:SAH/R3:MassEffect,,,,,,,B2,
CQ500-CT-0,"1,23E+56",cq500_dados,,,,240.0,0.625,0.451172,0.6328117154811715,10.0,-10240.0,False,,,,/home/neuro-source/main_source/datasets/cq500_2023_08/id_cq500000/id_cq500000_master_image.nii.gz,R1:ICH/R1:SAH/R1:BleedLocation-Left/R1:BleedLocation-Right,,,,,,,B2,
CQ500-CT-135,"1,23E+56",cq500_dados,,,,224.0,0.625,0.453125,0.6428116591928251,10.0,-10240.0,False,,,,/home/neuro-source/main_source/datasets/cq500_2023_08/id_cq500035/id_cq500035_master_image.nii.gz,R1:ICH/R1:IPH/R1:IVH/R1:BleedLocation-Left/R1:BleedLocation-Right/R1:MassEffect/R1:MidlineShift/R2:ICH/R2:IPH/R2:IVH/R2:BleedLocation-Right/R2:MassEffect/R2:MidlineShift/R3:ICH/R3:IPH/R3:IVH/R3:SAH/R3:BleedLocation-Right/R3:MassEffect,,,,,,,B2,
CQ500-CT-225,"1,23E+56",cq500_dados,,,,240.0,0.625,0.488281,0.6250041841004184,10.0,-10240.0,False,,,,/home/neuro-source/main_source/datasets/cq500_2023_08/id_cq500025/id_cq500025_master_image.nii.gz,R1:ICH/R1:IPH/R1:BleedLocation-Left/R1:MassEffect/R1:MidlineShift/R2:ICH/R2:IPH/R2:BleedLocation-Left/R2:MassEffect/R2:MidlineShift/R3:ICH/R3:IPH/R3:MassEffect/R3:MidlineShift,,,,,,,B2,
CQ500-CT-416,"1,23E+56",cq500_dados,,,,224.0,0.625,0.480469,0.6274932735426009,10.0,-10240.0,False,,,,/home/neuro-source/main_source/datasets/cq500_2023_08/id_cq500016/id_cq500016_master_image.nii.gz,R1:ICH/R1:IPH/R1:SDH/R1:SAH/R1:BleedLocation-Right/R2:ICH/R2:IPH/R2:BleedLocation-Right/R2:MassEffect/R2:MidlineShift/R3:ICH/R3:IPH/R3:SAH/R3:BleedLocation-Right/R3:MassEffect,,,,,,,B1,
CQ500-CT-285,"1,23E+56",cq500_dados,,,,256.0,0.625,0.488281,0.7216862745098039,10.0,-10240.0,False,,,,/home/neuro-source/main_source/datasets/cq500_2023_08/id_cq500085/id_cq500085_master_image.nii.gz,R1:ICH/R1:IPH/R1:IVH/R1:SDH/R1:SAH/R1:BleedLocation-Left/R1:BleedLocation-Right/R1:MassEffect/R2:ICH/R2:IPH/R2:SAH/R2:BleedLocation-Left/R2:BleedLocation-Right/R2:ChronicBleed/R2:Fracture/R2:CalvarialFracture/R3:ICH/R3:IPH/R3:SAH/R3:BleedLocation-Right/R3:MassEffect/R3:MidlineShift,,,,,,,B2,
CQ500-CT-369,"1,23E+56",cq500_dados,,,,256.0,0.625,0.498047,0.6250039215686275,10.0,-10240.0,False,,,,/home/neuro-source/main_source/datasets/cq500_2023_08/id_cq500069/id_cq500069_master_image.nii.gz,R1:ICH/R1:IPH/R1:BleedLocation-Left/R1:BleedLocation-Right/R1:Fracture/R1:CalvarialFracture/R1:MassEffect/R1:MidlineShift/R2:ICH/R2:IPH/R2:SDH/R2:SAH/R2:BleedLocation-Left/R2:BleedLocation-Right/R2:MassEffect/R2:MidlineShift/R3:ICH/R3:IPH/R3:BleedLocation-Left/R3:BleedLocation-Right/R3:MassEffect/R3:MidlineShift,,,,,,,B2,
CQ500-CT-369,"1,23E+56",cq500_dados,,,,112.0,0.625,0.488281,0.629063063063063,10.0,-10240.0,False,,,,/home/neuro-source/main_source/datasets/cq500_2023_08/id_cq500069/id_cq500069_master_image.nii.gz,R1:ICH/R1:IPH/R1:BleedLocation-Left/R1:BleedLocation-Right/R1:Fracture/R1:CalvarialFracture/R1:MassEffect/R1:MidlineShift/R2:ICH/R2:IPH/R2:SDH/R2:SAH/R2:BleedLocation-Left/R2:BleedLocation-Right/R2:MassEffect/R2:MidlineShift/R3:ICH/R3:IPH/R3:BleedLocation-Left/R3:BleedLocation-Right/R3:MassEffect/R3:MidlineShift,,,,,,,B2,
CQ500-CT-369,"1,23E+56",cq500_dados,,,,224.0,0.625,0.488281,0.6290627802690584,10.0,-10240.0,False,,,,/home/neuro-source/main_source/datasets/cq500_2023_08/id_cq500069/id_cq500069_master_image.nii.gz,R1:ICH/R1:IPH/R1:BleedLocation-Left/R1:BleedLocation-Right/R1:Fracture/R1:CalvarialFracture/R1:MassEffect/R1:MidlineShift/R2:ICH/R2:IPH/R2:SDH/R2:SAH/R2:BleedLocation-Left/R2:BleedLocation-Right/R2:MassEffect/R2:MidlineShift/R3:ICH/R3:IPH/R3:BleedLocation-Left/R3:BleedLocation-Right/R3:MassEffect/R3:MidlineShift,,,,,,,B2,
CQ500-CT-243,"1,23E+56",cq500_dados,,,,256.0,0.625,0.488281,0.6318784313725491,10.0,-10240.0,False,,,,/home/neuro-source/main_source/datasets/cq500_2023_08/id_cq500043/id_cq500043_master_image.nii.gz,R1:ICH/R1:SDH/R1:BleedLocation-Left/R1:BleedLocation-Right/R1:ChronicBleed/R1:MassEffect/R1:MidlineShift/R2:ICH/R2:SDH/R2:BleedLocation-Left/R2:BleedLocation-Right/R2:ChronicBleed/R2:MassEffect/R3:ICH/R3:SDH/R3:BleedLocation-Left/R3:BleedLocation-Right/R3:MassEffect/R3:MidlineShift,,,,,,,B2,
CQ500-CT-243,"1,23E+56",cq500_dados,,,,256.0,0.625,0.482422,0.6278196078431373,10.0,-10240.0,False,,,,/home/neuro-source/main_source/datasets/cq500_2023_08/id_cq500043/id_cq500043_master_image.nii.gz,R1:ICH/R1:SDH/R1:BleedLocation-Left/R1:BleedLocation-Right/R1:ChronicBleed/R1:MassEffect/R1:MidlineShift/R2:ICH/R2:SDH/R2:BleedLocation-Left/R2:BleedLocation-Right/R2:ChronicBleed/R2:MassEffect/R3:ICH/R3:SDH/R3:BleedLocation-Left/R3:BleedLocation-Right/R3:MassEffect/R3:MidlineShift,,,,,,,B2,
CQ500-CT-266,"1,23E+56",cq500_dados,,,,384.0,0.625,0.488281,0.6250026109660574,10.0,-10240.0,False,,,,/home/neuro-source/main_source/datasets/cq500_2023_08/id_cq500066/id_cq500066_master_image.nii.gz,R1:ICH/R1:IPH/R1:BleedLocation-Right/R1:MassEffect/R1:MidlineShift/R2:ICH/R2:IPH/R2:IVH/R2:BleedLocation-Right/R2:MassEffect/R2:MidlineShift/R3:ICH/R3:IPH/R3:BleedLocation-Right/R3:MassEffect,,,,,,,B2,
CQ500-CT-266,"1,23E+56",cq500_dados,,,,192.0,1.25,0.488281,1.25,10.0,-10240.0,False,,,,/home/neuro-source/main_source/datasets/cq500_2023_08/id_cq500066/id_cq500066_master_image.nii.gz,R1:ICH/R1:IPH/R1:BleedLocation-Right/R1:MassEffect/R1:MidlineShift/R2:ICH/R2:IPH/R2:IVH/R2:BleedLocation-Right/R2:MassEffect/R2:MidlineShift/R3:ICH/R3:IPH/R3:BleedLocation-Right/R3:MassEffect,,,,,,,B2,
CQ500-CT-459,"1,23E+56",cq500_dados,,,,256.0,0.625,0.470703,0.6312431372549019,10.0,-10240.0,False,,,,/home/neuro-source/main_source/datasets/cq500_2023_08/id_cq500059/id_cq500059_master_image.nii.gz,R1:Fracture/R1:OtherFracture/R2:Fracture/R2:OtherFracture,,,,,,,B2,
CQ500-CT-48,"1,23E+56",cq500_dados,,,,272.0,0.625,0.488281,0.6250036900369004,10.0,-10240.0,False,,,,/home/neuro-source/main_source/datasets/cq500_2023_08/id_cq500008/id_cq500008_master_image.nii.gz,R1:ICH/R1:IPH/R1:IVH/R1:SAH/R1:BleedLocation-Left/R1:BleedLocation-Right/R1:MassEffect/R2:ICH/R2:IPH/R2:IVH/R2:SAH/R2:BleedLocation-Left/R2:BleedLocation-Right/R2:MassEffect/R2:MidlineShift/R3:ICH/R3:IPH/R3:IVH/R3:SAH/R3:BleedLocation-Left/R3:BleedLocation-Right/R3:MassEffect/R3:MidlineShift,,,,,,,B2,
CQ500-CT-204,"1,23E+56",cq500_dados,,,,240.0,0.625,0.445312,0.6318786610878662,10.0,-10240.0,False,,,,/home/neuro-source/main_source/datasets/cq500_2023_08/id_cq500004/id_cq500004_master_image.nii.gz,R1:Fracture/R1:CalvarialFracture,,,,,,,B2,
CQ500-CT-102,"1,23E+56",cq500_dados,,,,240.0,0.625,0.453125,0.6250041841004184,10.0,-10240.0,False,,,,/home/neuro-source/main_source/datasets/cq500_2023_08/id_cq500002/id_cq500002_master_image.nii.gz,R1:ICH/R1:IPH/R1:BleedLocation-Left/R1:Fracture/R1:CalvarialFracture/R1:OtherFracture/R1:MassEffect/R2:ICH/R2:IPH/R2:BleedLocation-Left/R2:Fracture/R2:CalvarialFracture/R3:Fracture/R3:CalvarialFracture,,,,,,,B2,
CQ500-CT-66,"1,23E+56",cq500_dados,,,,240.0,0.625,0.488281,0.6250041841004185,10.0,-10240.0,False,,,,/home/neuro-source/main_source/datasets/cq500_2023_08/id_cq500006/id_cq500006_master_image.nii.gz,R1:Fracture/R1:CalvarialFracture/R1:OtherFracture/R1:MassEffect/R2:ICH/R2:IPH/R2:SDH/R2:BleedLocation-Right/R2:Fracture/R2:CalvarialFracture/R2:OtherFracture,,,,,,,B2,
CQ500-CT-66,"1,23E+56",cq500_dados,,,,256.0,0.625,0.488281,0.6250039215686275,10.0,-10240.0,False,,,,/home/neuro-source/main_source/datasets/cq500_2023_08/id_cq500006/id_cq500006_master_image.nii.gz,R1:Fracture/R1:CalvarialFracture/R1:OtherFracture/R1:MassEffect/R2:ICH/R2:IPH/R2:SDH/R2:BleedLocation-Right/R2:Fracture/R2:CalvarialFracture/R2:OtherFracture,,,,,,,B2,
CQ500-CT-332,"1,23E+56",cq500_dados,,,,286.0,0.625,0.470703,0.625,10.0,-10240.0,False,,,,/home/neuro-source/main_source/datasets/cq500_2023_08/id_cq500032/id_cq500032_master_image.nii.gz,R3:Fracture/R3:CalvarialFracture,,,,,,,B2,
CQ500-CT-332,"1,23E+56",cq500_dados,,,,286.0,0.625,0.470703,0.625,10.0,-10240.0,False,,,,/home/neuro-source/main_source/datasets/cq500_2023_08/id_cq500032/id_cq500032_master_image.nii.gz,R3:Fracture/R3:CalvarialFracture,,,,,,,B2,
CQ500-CT-350,"1,23E+56",cq500_dados,,,,197.0,0.625,0.488281,0.6312500000000001,10.0,-10240.0,True,,,,/home/neuro-source/main_source/datasets/cq500_2023_08/id_cq500050/id_cq500050_master_image.nii.gz,Normal,,,,,,,B2,
CQ500-CT-407,"1,23E+56",cq500_dados,,,,272.0,0.625,0.488281,0.6356273062730627,10.0,-10240.0,False,,,,/home/neuro-source/main_source/datasets/cq500_2023_08/id_cq500007/id_cq500007_master_image.nii.gz,R1:Fracture/R1:CalvarialFracture/R1:OtherFracture,,,,,,,B2,
CQ500-CT-253,"1,23E+56",cq500_dados,,,,224.0,0.625,0.46875,0.6365695067264574,10.0,-10240.0,True,,,,/home/neuro-source/main_source/datasets/cq500_2023_08/id_cq500053/id_cq500053_master_image.nii.gz,Normal,,,,,,,B2,
CQ500-CT-215,"1,23E+56",cq500_dados,,,,240.0,0.625,0.470703,0.6250041841004184,10.0,-10240.0,False,,,,/home/neuro-source/main_source/datasets/cq500_2023_08/id_cq500015/id_cq500015_master_image.nii.gz,R1:ICH/R1:SAH/R1:BleedLocation-Left/R1:BleedLocation-Right/R3:ICH/R3:SAH,,,,,,,B2,
CQ500-CT-341,"1,23E+56",cq500_dados,,,,256.0,0.625,0.488281,0.631878431372549,10.0,-10240.0,False,,,,/home/neuro-source/main_source/datasets/cq500_2023_08/id_cq500041/id_cq500041_master_image.nii.gz,R3:ICH/R3:IPH/R3:BleedLocation-Right/R3:MassEffect,,,,,,,B2,
CQ500-CT-341,"1,23E+56",cq500_dados,,,,208.0,0.625,0.462891,0.6390531400966183,10.0,-10240.0,False,,,,/home/neuro-source/main_source/datasets/cq500_2023_08/id_cq500041/id_cq500041_master_image.nii.gz,R3:ICH/R3:IPH/R3:BleedLocation-Right/R3:MassEffect,,,,,,,B2,
CQ500-CT-352,"1,23E+56",cq500_dados,,,,54.0,0.625,0.378906,0.625,10.0,-10240.0,False,,,,/home/neuro-source/main_source/datasets/cq500_2023_08/id_cq500052/id_cq500052_master_image.nii.gz,R1:ICH/R1:IPH/R1:BleedLocation-Right/R1:MassEffect/R2:ICH/R2:IPH/R2:BleedLocation-Right/R2:MassEffect/R2:MidlineShift/R3:ICH/R3:IPH/R3:BleedLocation-Right/R3:MassEffect,,,,,,,B2,
CQ500-CT-385,"1,23E+56",cq500_dados,,,,69.0,0.625,0.488281,0.6318823529411766,10.0,-10240.0,False,,,,/home/neuro-source/main_source/datasets/cq500_2023_08/id_cq500085/id_cq500085_master_image.nii.gz,R1:ICH/R1:IPH/R1:BleedLocation-Left/R1:BleedLocation-Right/R1:MassEffect/R2:ICH/R2:IPH/R2:BleedLocation-Left/R2:BleedLocation-Right/R3:ICH/R3:IPH/R3:BleedLocation-Left,,,,,,,B2,
CQ500-CT-374,"1,23E+56",cq500_dados,,,,325.0,1.0,0.552734,0.5,10.0,-10240.0,False,,,,/home/neuro-source/main_source/datasets/cq500_2023_08/id_cq500074/id_cq500074_master_image.nii.gz,R1:ICH/R1:SDH/R1:BleedLocation-Right/R1:ChronicBleed,,,,,,,B2,
CQ500-CT-210,"1,23E+56",cq500_dados,,,,325.0,1.0,0.615234,0.5,10.0,-10240.0,False,,,,/home/neuro-source/main_source/datasets/cq500_2023_08/id_cq500010/id_cq500010_master_image.nii.gz,R1:ICH/R1:SDH/R1:BleedLocation-Left/R1:BleedLocation-Right/R1:ChronicBleed/R1:MassEffect/R2:ICH/R2:SDH/R2:BleedLocation-Left/R2:BleedLocation-Right/R2:ChronicBleed/R2:MassEffect/R2:MidlineShift/R3:ICH/R3:SDH/R3:BleedLocation-Left/R3:MassEffect,,,,,,,B2,
CQ500-CT-203,"1,23E+56",cq500_dados,,,,313.0,1.0,0.488281,0.5,10.0,-10240.0,False,,,,/home/neuro-source/main_source/datasets/cq500_2023_08/id_cq500003/id_cq500003_master_image.nii.gz,R1:ICH/R1:SAH/R1:BleedLocation-Left/R1:Fracture/R1:CalvarialFracture/R2:ICH/R2:IPH/R2:SAH/R2:BleedLocation-Left/R3:ICH/R3:SAH/R3:BleedLocation-Left,,,,,,,B2,
CQ500-CT-14,"1,23E+56",cq500_dados,,,,301.0,1.0,0.488281,0.5,10.0,-10240.0,False,,,,/home/neuro-source/main_source/datasets/cq500_2023_08/id_cq500004/id_cq500004_master_image.nii.gz,R1:ICH/R1:IPH/R1:BleedLocation-Left/R1:BleedLocation-Right/R2:ICH/R2:IPH/R2:BleedLocation-Left/R3:ICH/R3:IPH/R3:BleedLocation-Left,,,,,,,B2,
CQ500-CT-112,"1,23E+56",cq500_dados,,,,325.0,1.0,0.488281,0.5,10.0,-10240.0,False,,,,/home/neuro-source/main_source/datasets/cq500_2023_08/id_cq500012/id_cq500012_master_image.nii.gz,R3:BleedLocation-Left,,,,,,,B2,
CQ500-CT-447,"1,23E+56",cq500_dados,,,,156.0,1.0,0.443359,1.0,10.0,-10240.0,False,,,,/home/neuro-source/main_source/datasets/cq500_2023_08/id_cq500047/id_cq500047_master_image.nii.gz,R1:ICH/R1:SDH/R1:SAH/R1:BleedLocation-Left/R1:BleedLocation-Right/R2:ICH/R2:SAH/R2:BleedLocation-Left/R3:ICH/R3:IPH/R3:SAH/R3:BleedLocation-Left,,,,,,,B2,
CQ500-CT-408,"1,23E+56",cq500_dados,,,,301.0,1.0,0.457031,0.5,10.0,-10240.0,False,,,,/home/neuro-source/main_source/datasets/cq500_2023_08/id_cq500008/id_cq500008_master_image.nii.gz,R1:ICH/R1:IPH/R1:BleedLocation-Left/R2:ICH/R2:IPH/R2:BleedLocation-Left/R3:ICH/R3:IPH/R3:BleedLocation-Left/R3:MassEffect,,,,,,,B2,
CQ500-CT-306,"1,23E+56",cq500_dados,,,,331.0,1.0,0.488281,0.5,10.0,-10240.0,True,,,,/home/neuro-source/main_source/datasets/cq500_2023_08/id_cq500006/id_cq500006_master_image.nii.gz,Normal,,,,,,,B1,
CQ500-CT-366,"1,23E+56",cq500_dados,,,,147.0,1.0,0.580078,10.616.438.356.164.300,10.0,-10240.0,False,,,,/home/neuro-source/main_source/datasets/cq500_2023_08/id_cq500066/id_cq500066_master_image.nii.gz,R1:MassEffect/R1:MidlineShift/R2:MassEffect/R2:MidlineShift/R3:ICH/R3:IPH/R3:BleedLocation-Right/R3:MassEffect/R3:MidlineShift,,,,,,,B1,
CQ500-CT-354,"1,23E+56",cq500_dados,,,,187.0,1.5,0.416016,0.75,10.0,-10240.0,True,,,,/home/neuro-source/main_source/datasets/cq500_2023_08/id_cq500054/id_cq500054_master_image.nii.gz,Normal,,,,,,,B1,
CQ500-CT-230,"1,23E+56",cq500_dados,,,,226.0,1.0,0.365234,10.000.043.422.222.200,10.0,-10240.0,False,,,,/home/neuro-source/main_source/datasets/cq500_2023_08/id_cq500030/id_cq500030_master_image.nii.gz,R3:ICH/R3:IPH/R3:BleedLocation-Left/R3:MassEffect/R3:MidlineShift,,,,,,,B1,
CQ500-CT-114,"1,23E+56",cq500_dados,,,,325.0,1.0,0.541016,0.5,10.0,-10240.0,False,,,,/home/neuro-source/main_source/datasets/cq500_2023_08/id_cq500014/id_cq500014_master_image.nii.gz,R1:ICH/R1:SDH/R1:BleedLocation-Right/R1:ChronicBleed/R1:MassEffect/R1:MidlineShift/R2:ICH/R2:SDH/R2:BleedLocation-Right/R2:MassEffect/R2:MidlineShift/R3:ICH/R3:SDH/R3:BleedLocation-Right/R3:MassEffect/R3:MidlineShift,,,,,,,B2,
CQ500-CT-455,"1,23E+56",cq500_dados,,,,240.0,1.5,0.435547,0.7531380753138075,10.0,-10240.0,False,,,,/home/neuro-source/main_source/datasets/cq500_2023_08/id_cq500055/id_cq500055_master_image.nii.gz,R1:ICH/R1:EDH/R1:BleedLocation-Right/R1:Fracture/R1:CalvarialFracture/R1:OtherFracture/R1:MassEffect/R2:ICH/R2:SDH/R2:BleedLocation-Right/R2:Fracture/R2:CalvarialFracture/R2:OtherFracture/R2:MassEffect/R2:MidlineShift/R3:ICH/R3:SDH/R3:BleedLocation-Right/R3:Fracture/R3:CalvarialFracture/R3:MassEffect/R3:MidlineShift,,,,,,,B2,
CQ500-CT-108,"1,23E+56",cq500_dados,,,,256.0,0.625,0.496094,0.684156862745098,10.0,-10240.0,False,,,,/home/neuro-source/main_source/datasets/cq500_2023_08/id_cq500008/id_cq500008_master_image.nii.gz,R1:MassEffect/R3:ICH/R3:IPH/R3:BleedLocation-Left/R3:MassEffect/R3:MidlineShift,,,,,,,B2,
CQ500-CT-219,"1,23E+56",cq500_dados,,,,288.0,0.625,0.488281,0.629034843205575,10.0,-10240.0,False,,,,/home/neuro-source/main_source/datasets/cq500_2023_08/id_cq500019/id_cq500019_master_image.nii.gz,R1:ICH/R1:IPH/R1:SDH/R1:BleedLocation-Right/R1:MassEffect/R1:MidlineShift/R2:ICH/R2:IPH/R2:SDH/R2:EDH/R2:Fracture/R2:CalvarialFracture/R3:ICH/R3:SDH/R3:BleedLocation-Right,,,,,,,B2,
CQ500-CT-290,"1,23E+56",cq500_dados,,,,256.0,0.625,0.488281,0.6485921568627451,10.0,-10240.0,True,,,,/home/neuro-source/main_source/datasets/cq500_2023_08/id_cq500090/id_cq500090_master_image.nii.gz,Normal,,,,,,,B2,
CQ500-CT-328,"1,23E+56",cq500_dados,,,,256.0,0.625,0.488281,0.6269372549019608,10.0,-10240.0,False,,,,/home/neuro-source/main_source/datasets/cq500_2023_08/id_cq500028/id_cq500028_master_image.nii.gz,R1:ICH/R1:IPH/R1:SDH/R1:BleedLocation-Right/R1:MassEffect/R2:ICH/R2:IPH/R2:SAH/R2:BleedLocation-Right/R2:Fracture/R2:CalvarialFracture/R3:ICH/R3:IPH/R3:SAH/R3:BleedLocation-Left/R3:BleedLocation-Right,,,,,,,B2,
CQ500-CT-425,"1,23E+56",cq500_dados,,,,288.0,0.625,0.501953,0.6651254355400696,10.0,-10240.0,False,,,,/home/neuro-source/main_source/datasets/cq500_2023_08/id_cq500025/id_cq500025_master_image.nii.gz,R1:ICH/R1:IPH/R1:BleedLocation-Right/R2:ICH/R2:IPH/R2:BleedLocation-Right/R2:MassEffect/R2:MidlineShift/R3:ICH/R3:IPH/R3:BleedLocation-Right/R3:MassEffect,,,,,,,B2,
CQ500-CT-425,"1,23E+56",cq500_dados,,,,288.0,0.625,0.501953,0.6651254355400696,10.0,-10240.0,False,,,,/home/neuro-source/main_source/datasets/cq500_2023_08/id_cq500025/id_cq500025_master_image.nii.gz,R1:ICH/R1:IPH/R1:BleedLocation-Right/R2:ICH/R2:IPH/R2:BleedLocation-Right/R2:MassEffect/R2:MidlineShift/R3:ICH/R3:IPH/R3:BleedLocation-Right/R3:MassEffect,,,,,,,B2,
CQ500-CT-40,"1,23E+56",cq500_dados,,,,288.0,0.625,0.541016,0.6366864111498257,10.0,-10240.0,False,,,,/home/neuro-source/main_source/datasets/cq500_2023_08/id_cq500000/id_cq500000_master_image.nii.gz,R1:ICH/R1:IPH/R1:BleedLocation-Right/R1:MassEffect/R2:ICH/R2:IPH/R2:SAH/R2:BleedLocation-Right/R2:MassEffect/R2:MidlineShift/R3:ICH/R3:IPH/R3:BleedLocation-Right/R3:MassEffect,,,,,,,B2,
CQ500-CT-414,"1,23E+56",cq500_dados,,,,233.0,0.625,0.423828,0.625,10.0,-10240.0,True,,,,/home/neuro-source/main_source/datasets/cq500_2023_08/id_cq500014/id_cq500014_master_image.nii.gz,Normal,,,,,,,B2,
CQ500-CT-403,"1,23E+56",cq500_dados,,,,229.0,0.625,0.441406,0.625,10.0,-10240.0,False,,,,/home/neuro-source/main_source/datasets/cq500_2023_08/id_cq500003/id_cq500003_master_image.nii.gz,R1:ICH/R1:SAH/R1:BleedLocation-Left/R1:BleedLocation-Right/R2:ICH/R2:SAH/R3:ICH/R3:SAH/R3:MassEffect,,,,,,,B2,
CQ500-CT-261,"1,23E+56",cq500_dados,,,,260.0,0.625,0.474609,0.625,10.0,-10240.0,False,,,,/home/neuro-source/main_source/datasets/cq500_2023_08/id_cq500061/id_cq500061_master_image.nii.gz,R1:Fracture/R1:CalvarialFracture,,,,,,,B2,
CQ500-CT-239,"1,23E+56",cq500_dados,,,,245.0,0.625,0.505859,0.625,10.0,-10240.0,False,,,,/home/neuro-source/main_source/datasets/cq500_2023_08/id_cq500039/id_cq500039_master_image.nii.gz,R1:ICH/R1:SDH/R1:BleedLocation-Left/R1:ChronicBleed/R1:MassEffect/R2:ICH/R2:SDH/R2:BleedLocation-Left/R2:ChronicBleed/R3:ICH/R3:SDH/R3:BleedLocation-Left,,,,,,,B2,
CQ500-CT-330,"1,23E+56",cq500_dados,,,,263.0,0.625,0.511719,0.625,10.0,-10240.0,False,,,,/home/neuro-source/main_source/datasets/cq500_2023_08/id_cq500030/id_cq500030_master_image.nii.gz,R1:Fracture/R1:CalvarialFracture/R2:Fracture/R2:CalvarialFracture,,,,,,,B2,
CQ500-CT-128,"1,23E+56",cq500_dados,,,,245.0,0.625,0.505859,0.625,10.0,-10240.0,False,,,,/home/neuro-source/main_source/datasets/cq500_2023_08/id_cq500028/id_cq500028_master_image.nii.gz,R1:ICH/R1:IPH/R1:BleedLocation-Left/R2:ICH/R2:IPH/R2:BleedLocation-Left/R3:BleedLocation-Left,,,,,,,B2,
CQ500-CT-186,"1,23E+56",cq500_dados,,,,253.0,0.625,0.513672,0.625,10.0,-10240.0,False,,,,/home/neuro-source/main_source/datasets/cq500_2023_08/id_cq500086/id_cq500086_master_image.nii.gz,R1:ICH/R1:SDH/R1:BleedLocation-Left/R2:ICH/R2:SDH/R2:BleedLocation-Left/R3:ICH/R3:SDH/R3:BleedLocation-Left/R3:MassEffect,,,,,,,B2,
CQ500-CT-52,"1,23E+56",cq500_dados,,,,237.0,0.625,0.451172,0.625,10.0,-10240.0,False,,,,/home/neuro-source/main_source/datasets/cq500_2023_08/id_cq500002/id_cq500002_master_image.nii.gz,R1:IPH/R1:Fracture/R1:CalvarialFracture/R1:OtherFracture/R1:MassEffect/R2:ICH/R2:IPH/R2:BleedLocation-Right/R2:Fracture/R2:CalvarialFracture/R2:OtherFracture/R3:ICH/R3:IPH/R3:BleedLocation-Right/R3:MassEffect,,,,,,,B2,
CQ500-CT-355,"1,23E+56",cq500_dados,,,,301.0,0.625,0.539062,0.625,10.0,-10240.0,False,,,,/home/neuro-source/main_source/datasets/cq500_2023_08/id_cq500055/id_cq500055_master_image.nii.gz,R1:ICH/R1:IPH/R1:BleedLocation-Right/R1:Fracture/R1:CalvarialFracture/R1:OtherFracture/R1:MassEffect/R2:ICH/R2:IPH/R2:BleedLocation-Right/R2:Fracture/R2:OtherFracture/R2:MassEffect/R2:MidlineShift/R3:ICH/R3:IPH/R3:BleedLocation-Right/R3:MassEffect,,,,,,,B2,
CQ500-CT-260,"1,23E+56",cq500_dados,,,,234.0,0.625,0.488281,0.625,10.0,-10240.0,False,,,,/home/neuro-source/main_source/datasets/cq500_2023_08/id_cq500060/id_cq500060_master_image.nii.gz,R1:ICH/R1:IPH/R1:BleedLocation-Right/R1:ChronicBleed/R1:Fracture/R1:CalvarialFracture/R2:ICH/R2:IPH/R2:BleedLocation-Right/R2:Fracture/R2:CalvarialFracture/R2:MassEffect/R2:MidlineShift/R3:ICH/R3:IPH/R3:BleedLocation-Right/R3:Fracture/R3:CalvarialFracture,,,,,,,B2,
CQ500-CT-478,"1,23E+56",cq500_dados,,,,239.0,0.625,0.488281,0.625,10.0,-10240.0,True,,,,/home/neuro-source/main_source/datasets/cq500_2023_08/id_cq500078/id_cq500078_master_image.nii.gz,Normal,,,,,,,B2,
CQ500-CT-434,"1,23E+56",cq500_dados,,,,257.0,0.625,0.451172,0.625,10.0,-10240.0,False,,,,/home/neuro-source/main_source/datasets/cq500_2023_08/id_cq500034/id_cq500034_master_image.nii.gz,R1:ICH/R1:EDH/R1:BleedLocation-Right/R1:Fracture/R1:CalvarialFracture/R1:MassEffect/R2:ICH/R2:EDH/R2:BleedLocation-Right/R2:Fracture/R2:CalvarialFracture/R2:MassEffect/R2:MidlineShift/R3:ICH/R3:EDH/R3:BleedLocation-Right/R3:MassEffect,,,,,,,B2,
CQ500-CT-278,"1,23E+56",cq500_dados,,,,233.0,0.625,0.449219,0.625,10.0,-10240.0,False,,,,/home/neuro-source/main_source/datasets/cq500_2023_08/id_cq500078/id_cq500078_master_image.nii.gz,R1:ICH/R1:SDH/R1:BleedLocation-Right/R1:ChronicBleed/R2:ICH/R2:SDH/R2:BleedLocation-Right,,,,,,,B2,
CQ500-CT-63,"1,23E+56",cq500_dados,,,,252.0,0.625,0.433594,0.625,10.0,-10240.0,False,,,,/home/neuro-source/main_source/datasets/cq500_2023_08/id_cq500003/id_cq500003_master_image.nii.gz,R1:ICH/R1:SDH/R1:BleedLocation-Left/R1:ChronicBleed,,,,,,,B2,
CQ500-CT-182,"1,23E+56",cq500_dados,,,,243.0,0.625,0.490234,0.625,10.0,-10240.0,False,,,,/home/neuro-source/main_source/datasets/cq500_2023_08/id_cq500082/id_cq500082_master_image.nii.gz,R1:ICH/R1:IPH/R1:BleedLocation-Left/R1:ChronicBleed/R1:MassEffect/R2:ICH/R2:IPH/R2:MassEffect/R3:ICH/R3:IPH/R3:BleedLocation-Left/R3:MassEffect,,,,,,,B2,
CQ500-CT-471,"1,23E+56",cq500_dados,,,,246.0,0.625,0.46875,0.625,10.0,-10240.0,True,,,,/home/neuro-source/main_source/datasets/cq500_2023_08/id_cq500071/id_cq500071_master_image.nii.gz,Normal,,,,,,,B2,
CQ500-CT-205,"1,23E+56",cq500_dados,,,,250.0,0.625,0.443359,0.625,10.0,-10240.0,False,,,,/home/neuro-source/main_source/datasets/cq500_2023_08/id_cq500005/id_cq500005_master_image.nii.gz,R1:Fracture/R1:CalvarialFracture/R2:ICH/R2:IPH/R2:BleedLocation-Right,,,,,,,B2,
CQ500-CT-472,"1,23E+56",cq500_dados,,,,233.0,0.625,0.488281,0.625,10.0,-10240.0,True,,,,/home/neuro-source/main_source/datasets/cq500_2023_08/id_cq500072/id_cq500072_master_image.nii.gz,Normal,,,,,,,B2,
CQ500-CT-58,"1,23E+56",cq500_dados,,,,259.0,0.625,0.488281,0.625,10.0,-10240.0,True,,,,/home/neuro-source/main_source/datasets/cq500_2023_08/id_cq500008/id_cq500008_master_image.nii.gz,Normal,,,,,,,B2,
CQ500-CT-443,"1,23E+56",cq500_dados,,,,232.0,0.625,0.433594,0.625,10.0,-10240.0,False,,,,/home/neuro-source/main_source/datasets/cq500_2023_08/id_cq500043/id_cq500043_master_image.nii.gz,R1:ICH/R1:IPH/R1:SDH/R1:SAH/R1:BleedLocation-Left/R1:BleedLocation-Right/R1:MassEffect/R2:ICH/R2:IPH/R2:BleedLocation-Left/R2:BleedLocation-Right/R2:MassEffect/R2:MidlineShift/R3:ICH/R3:IPH/R3:SAH/R3:BleedLocation-Left/R3:BleedLocation-Right/R3:MassEffect,,,,,,,B2,
CQ500-CT-141,"1,23E+56",cq500_dados,,,,247.0,0.625,0.451172,0.625,10.0,-10240.0,True,,,,/home/neuro-source/main_source/datasets/cq500_2023_08/id_cq500041/id_cq500041_master_image.nii.gz,Normal,,,,,,,B1,
CQ500-CT-360,"1,23E+56",cq500_dados,,,,242.0,0.625,0.488281,0.625,10.0,-10240.0,True,,,,/home/neuro-source/main_source/datasets/cq500_2023_08/id_cq500060/id_cq500060_master_image.nii.gz,Normal,,,,,,,B2,
CQ500-CT-49,"1,23E+56",cq500_dados,,,,232.0,0.625,0.447266,0.625,10.0,-10240.0,True,,,,/home/neuro-source/main_source/datasets/cq500_2023_08/id_cq500009/id_cq500009_master_image.nii.gz,Normal,,,,,,,B1,
CQ500-CT-312,"1,23E+56",cq500_dados,,,,233.0,0.625,0.431641,0.625,10.0,-10240.0,False,,,,/home/neuro-source/main_source/datasets/cq500_2023_08/id_cq500012/id_cq500012_master_image.nii.gz,R1:ICH/R1:IPH/R1:SDH/R1:BleedLocation-Left/R1:BleedLocation-Right/R1:MassEffect/R2:ICH/R2:IPH/R2:SAH/R2:BleedLocation-Left/R2:BleedLocation-Right/R2:Fracture/R2:CalvarialFracture/R3:ICH/R3:IPH/R3:SAH/R3:BleedLocation-Left/R3:BleedLocation-Right/R3:MassEffect,,,,,,,B2,
CQ500-CT-137,"1,23E+56",cq500_dados,,,,244.0,0.625,0.441406,0.625,10.0,-10240.0,False,,,,/home/neuro-source/main_source/datasets/cq500_2023_08/id_cq500037/id_cq500037_master_image.nii.gz,R1:ICH/R1:EDH/R1:BleedLocation-Right/R1:Fracture/R1:CalvarialFracture/R1:OtherFracture/R1:MassEffect/R2:ICH/R2:EDH/R2:BleedLocation-Right/R2:Fracture/R2:CalvarialFracture/R2:MassEffect/R3:ICH/R3:EDH/R3:BleedLocation-Right/R3:Fracture/R3:CalvarialFracture/R3:MassEffect,,,,,,,B2,
CQ500-CT-119,"1,23E+56",cq500_dados,,,,258.0,0.625,0.488281,0.625,10.0,-10240.0,False,,,,/home/neuro-source/main_source/datasets/cq500_2023_08/id_cq500019/id_cq500019_master_image.nii.gz,R1:Fracture/R1:OtherFracture/R2:Fracture/R2:OtherFracture,,,,,,,B2,
CQ500-CT-275,"1,23E+56",cq500_dados,,,,218.0,0.625,0.488281,0.625,10.0,-10240.0,False,,,,/home/neuro-source/main_source/datasets/cq500_2023_08/id_cq500075/id_cq500075_master_image.nii.gz,R1:ICH/R1:SDH/R1:BleedLocation-Right/R2:ICH/R2:SDH/R2:BleedLocation-Right/R3:ICH/R3:SAH/R3:BleedLocation-Right,,,,,,,B2,
CQ500-CT-421,"1,23E+56",cq500_dados,,,,288.0,0.625,0.484375,0.6250034843205575,10.0,-10240.0,True,,,,/home/neuro-source/main_source/datasets/cq500_2023_08/id_cq500021/id_cq500021_master_image.nii.gz,Normal,,,,,,,B2,
CQ500-CT-395,"1,23E+56",cq500_dados,,,,256.0,0.625,0.429688,0.6250039215686274,10.0,-10240.0,True,,,,/home/neuro-source/main_source/datasets/cq500_2023_08/id_cq500095/id_cq500095_master_image.nii.gz,Normal,,,,,,,B2,
CQ500-CT-395,"1,23E+56",cq500_dados,,,,256.0,0.625,0.429688,0.6250039215686274,10.0,-10240.0,True,,,,/home/neuro-source/main_source/datasets/cq500_2023_08/id_cq500095/id_cq500095_master_image.nii.gz,Normal,,,,,,,B2,
CQ500-CT-227,"1,23E+56",cq500_dados,,,,288.0,0.625,0.521484,0.6250034843205574,10.0,-10240.0,False,,,,/home/neuro-source/main_source/datasets/cq500_2023_08/id_cq500027/id_cq500027_master_image.nii.gz,R1:ICH/R1:IPH/R1:IVH/R1:BleedLocation-Left/R1:MassEffect/R1:MidlineShift/R2:ICH/R2:IPH/R2:IVH/R2:BleedLocation-Left/R2:MassEffect/R2:MidlineShift/R3:ICH/R3:IPH/R3:BleedLocation-Left/R3:BleedLocation-Right/R3:MassEffect/R3:MidlineShift,,,,,,,B2,
CQ500-CT-465,"1,23E+56",cq500_dados,,,,256.0,0.625,0.429688,0.6250039215686274,10.0,-10240.0,True,,,,/home/neuro-source/main_source/datasets/cq500_2023_08/id_cq500065/id_cq500065_master_image.nii.gz,Normal,,,,,,,B2,
CQ500-CT-129,"1,23E+56",cq500_dados,,,,288.0,0.625,0.507812,0.6250034843205575,10.0,-10240.0,False,,,,/home/neuro-source/main_source/datasets/cq500_2023_08/id_cq500029/id_cq500029_master_image.nii.gz,R1:ICH/R1:SDH/R1:BleedLocation-Right/R1:MassEffect/R2:ICH/R2:IPH/R2:SDH/R2:BleedLocation-Right/R3:ICH/R3:SDH/R3:SAH/R3:BleedLocation-Right,,,,,,,B2,
CQ500-CT-184,"1,23E+56",cq500_dados,,,,256.0,0.625,0.458984,0.6265294117647059,10.0,-10240.0,True,,,,/home/neuro-source/main_source/datasets/cq500_2023_08/id_cq500084/id_cq500084_master_image.nii.gz,Normal,,,,,,,B2,
CQ500-CT-214,"1,23E+56",cq500_dados,,,,256.0,0.625,0.429688,0.6250039215686274,10.0,-10240.0,True,,,,/home/neuro-source/main_source/datasets/cq500_2023_08/id_cq500014/id_cq500014_master_image.nii.gz,Normal,,,,,,,B2,
CQ500-CT-274,"1,23E+56",cq500_dados,,,,288.0,0.625,0.480469,0.6250034843205575,10.0,-10240.0,False,,,,/home/neuro-source/main_source/datasets/cq500_2023_08/id_cq500074/id_cq500074_master_image.nii.gz,R1:ICH/R1:SDH/R1:BleedLocation-Right/R1:MassEffect/R1:MidlineShift/R2:ICH/R2:SDH/R2:ChronicBleed/R2:MassEffect/R2:MidlineShift/R3:ICH/R3:SDH/R3:BleedLocation-Right/R3:MassEffect/R3:MidlineShift,,,,,,,B2,
CQ500-CT-12,"1,23E+56",cq500_dados,,,,288.0,0.625,0.490234,0.6250034843205575,10.0,-10240.0,False,,,,/home/neuro-source/main_source/datasets/cq500_2023_08/id_cq500002/id_cq500002_master_image.nii.gz,R1:ICH/R1:SDH/R1:BleedLocation-Right/R1:ChronicBleed/R2:ICH/R2:SAH/R2:BleedLocation-Right/R2:ChronicBleed,,,,,,,B2,
CQ500-CT-380,"1,23E+56",cq500_dados,,,,288.0,0.625,0.496094,0.6250034843205575,10.0,-10240.0,False,,,,/home/neuro-source/main_source/datasets/cq500_2023_08/id_cq500080/id_cq500080_master_image.nii.gz,R1:ICH/R1:IPH/R1:BleedLocation-Left/R1:BleedLocation-Right,,,,,,,B2,
CQ500-CT-234,"1,23E+56",cq500_dados,,,,256.0,0.625,0.458984,0.635650980392157,10.0,-10240.0,False,,,,/home/neuro-source/main_source/datasets/cq500_2023_08/id_cq500034/id_cq500034_master_image.nii.gz,R1:ICH/R1:SDH/R1:BleedLocation-Right/R1:ChronicBleed,,,,,,,B2,
CQ500-CT-234,"1,23E+56",cq500_dados,,,,256.0,0.625,0.458984,0.6356549019607843,10.0,-10240.0,False,,,,/home/neuro-source/main_source/datasets/cq500_2023_08/id_cq500034/id_cq500034_master_image.nii.gz,R1:ICH/R1:SDH/R1:BleedLocation-Right/R1:ChronicBleed,,,,,,,B2,
CQ500-CT-318,"1,23E+56",cq500_dados,,,,320.0,0.625,0.470703,0.6250031347962383,10.0,-10240.0,False,,,,/home/neuro-source/main_source/datasets/cq500_2023_08/id_cq500018/id_cq500018_master_image.nii.gz,R1:ICH/R1:SDH/R1:BleedLocation-Left/R1:BleedLocation-Right/R1:ChronicBleed/R2:ICH/R2:SDH/R2:BleedLocation-Left/R2:BleedLocation-Right/R2:ChronicBleed/R2:MassEffect/R3:ICH/R3:SDH/R3:BleedLocation-Left,,,,,,,B2,
CQ500-CT-440,"1,23E+56",cq500_dados,,,,256.0,0.625,0.484375,0.6250039215686274,10.0,-10240.0,True,,,,/home/neuro-source/main_source/datasets/cq500_2023_08/id_cq500040/id_cq500040_master_image.nii.gz,Normal,,,,,,,B2,
CQ500-CT-187,"1,23E+56",cq500_dados,,,,256.0,0.625,0.46875,0.6250039215686275,10.0,-10240.0,False,,,,/home/neuro-source/main_source/datasets/cq500_2023_08/id_cq500087/id_cq500087_master_image.nii.gz,R1:ICH/R1:SDH/R1:BleedLocation-Right,,,,,,,B2,
CQ500-CT-238,"1,23E+56",cq500_dados,,,,256.0,0.625,0.474609,0.6250039215686274,10.0,-10240.0,False,,,,/home/neuro-source/main_source/datasets/cq500_2023_08/id_cq500038/id_cq500038_master_image.nii.gz,R1:ICH/R1:SDH/R1:BleedLocation-Left/R1:BleedLocation-Right/R1:ChronicBleed/R1:MassEffect/R2:BleedLocation-Left/R2:BleedLocation-Right/R2:ChronicBleed/R3:ICH/R3:SDH/R3:BleedLocation-Left/R3:BleedLocation-Right/R3:ChronicBleed/R3:MassEffect,,,,,,,B2,
CQ500-CT-444,"1,23E+56",cq500_dados,,,,288.0,0.625,0.484375,0.6250034843205575,10.0,-10240.0,True,,,,/home/neuro-source/main_source/datasets/cq500_2023_08/id_cq500044/id_cq500044_master_image.nii.gz,Normal,,,,,,,B2,
CQ500-CT-384,"1,23E+56",cq500_dados,,,,288.0,0.625,0.488281,0.6328118466898954,10.0,-10240.0,False,,,,/home/neuro-source/main_source/datasets/cq500_2023_08/id_cq500084/id_cq500084_master_image.nii.gz,R1:ICH/R1:IPH/R1:BleedLocation-Left/R1:Fracture/R1:CalvarialFracture/R2:ICH/R2:IPH/R2:BleedLocation-Left/R2:Fracture/R2:CalvarialFracture/R3:ICH/R3:IPH/R3:BleedLocation-Left,,,,,,,B2,
CQ500-CT-417,"1,23E+56",cq500_dados,,,,240.0,0.625,0.488281,0.6312426778242678,10.0,-10240.0,False,,,,/home/neuro-source/main_source/datasets/cq500_2023_08/id_cq500017/id_cq500017_master_image.nii.gz,R1:ICH/R1:EDH/R1:BleedLocation-Left/R1:Fracture/R1:CalvarialFracture/R1:OtherFracture/R1:MassEffect/R2:ICH/R2:IPH/R2:EDH/R2:BleedLocation-Left/R2:BleedLocation-Right/R2:Fracture/R2:CalvarialFracture/R2:MassEffect/R2:MidlineShift/R3:ICH/R3:SDH/R3:EDH/R3:BleedLocation-Left/R3:Fracture/R3:CalvarialFracture/R3:MassEffect,,,,,,,B2,
CQ500-CT-347,"1,23E+56",cq500_dados,,,,256.0,0.625,0.488281,0.663121568627451,10.0,-10240.0,False,,,,/home/neuro-source/main_source/datasets/cq500_2023_08/id_cq500047/id_cq500047_master_image.nii.gz,R1:ICH/R1:IPH/R1:IVH/R1:SAH/R1:BleedLocation-Left/R1:BleedLocation-Right/R1:MassEffect/R1:MidlineShift/R2:ICH/R2:IPH/R2:SAH/R2:BleedLocation-Right/R2:Fracture/R2:CalvarialFracture/R2:MassEffect/R2:MidlineShift/R3:ICH/R3:IPH/R3:SAH/R3:BleedLocation-Left/R3:BleedLocation-Right/R3:MassEffect/R3:MidlineShift,,,,,,,B2,
CQ500-CT-117,"1,23E+56",cq500_dados,,,,118.0,0.625,0.488281,12.179.487.179.487.100,10.0,-10240.0,True,,,,/home/neuro-source/main_source/datasets/cq500_2023_08/id_cq500017/id_cq500017_master_image.nii.gz,Normal,,,,,,,B2,
CQ500-CT-117,"1,23E+56",cq500_dados,,,,233.0,0.625,0.488281,0.625,10.0,-10240.0,True,,,,/home/neuro-source/main_source/datasets/cq500_2023_08/id_cq500017/id_cq500017_master_image.nii.gz,Normal,,,,,,,B2,
CQ500-CT-248,"1,23E+56",cq500_dados,,,,256.0,0.625,0.488281,0.6428117647058823,10.0,-10240.0,False,,,,/home/neuro-source/main_source/datasets/cq500_2023_08/id_cq500048/id_cq500048_master_image.nii.gz,R1:ICH/R1:SDH/R1:BleedLocation-Left/R1:Fracture/R1:CalvarialFracture/R1:MassEffect/R3:ICH/R3:SDH/R3:BleedLocation-Left,,,,,,,B2,
CQ500-CT-241,"1,23E+56",cq500_dados,,,,361.0,0.625,0.546875,0.625,10.0,-10240.0,False,,,,/home/neuro-source/main_source/datasets/cq500_2023_08/id_cq500041/id_cq500041_master_image.nii.gz,R1:ICH/R1:IPH/R1:BleedLocation-Left/R1:Fracture/R1:CalvarialFracture/R1:OtherFracture/R2:Fracture/R2:OtherFracture/R3:Fracture/R3:CalvarialFracture,,,,,,,B2,
CQ500-CT-241,"1,23E+56",cq500_dados,,,,289.0,0.625,0.546875,0.625,10.0,-10240.0,False,,,,/home/neuro-source/main_source/datasets/cq500_2023_08/id_cq500041/id_cq500041_master_image.nii.gz,R1:ICH/R1:IPH/R1:BleedLocation-Left/R1:Fracture/R1:CalvarialFracture/R1:OtherFracture/R2:Fracture/R2:OtherFracture/R3:Fracture/R3:CalvarialFracture,,,,,,,B2,
CQ500-CT-250,"1,23E+56",cq500_dados,,,,240.0,0.625,0.488281,0.6378117154811715,10.0,-10240.0,False,,,,/home/neuro-source/main_source/datasets/cq500_2023_08/id_cq500050/id_cq500050_master_image.nii.gz,R1:ICH/R1:SAH/R1:BleedLocation-Left/R1:Fracture/R1:CalvarialFracture/R2:ICH/R2:SDH/R2:BleedLocation-Left/R3:ICH/R3:SAH/R3:MassEffect,,,,,,,B2,
CQ500-CT-59,"1,23E+56",cq500_dados,,,,10.0,0.625,0.449219,0.6296666666666666,10.0,-10240.0,False,,,,/home/neuro-source/main_source/datasets/cq500_2023_08/id_cq500009/id_cq500009_master_image.nii.gz,R1:ICH/R1:IVH/R1:SDH/R1:SAH/R1:BleedLocation-Left/R1:BleedLocation-Right/R2:ICH/R2:IVH/R2:SAH/R2:BleedLocation-Left/R2:BleedLocation-Right/R3:ICH/R3:SAH/R3:BleedLocation-Left/R3:BleedLocation-Right,,,,,,,B2,
CQ500-CT-436,"1,23E+56",cq500_dados,,,,220.0,0.625,0.462891,0.7324703196347032,10.0,-10240.0,False,,,,/home/neuro-source/main_source/datasets/cq500_2023_08/id_cq500036/id_cq500036_master_image.nii.gz,R1:ICH/R1:SDH/R1:BleedLocation-Left/R1:BleedLocation-Right/R1:ChronicBleed/R1:Fracture/R1:OtherFracture/R1:MassEffect/R3:ICH/R3:SDH/R3:BleedLocation-Left/R3:BleedLocation-Right,,,,,,,B2,
CQ500-CT-481,"1,23E+56",cq500_dados,,,,13.0,0.625,0.447266,0.6440833333333332,10.0,-10240.0,False,,,,/home/neuro-source/main_source/datasets/cq500_2023_08/id_cq500081/id_cq500081_master_image.nii.gz,R1:ICH/R1:IVH/R1:BleedLocation-Left/R1:BleedLocation-Right/R2:ICH/R2:IPH/R2:IVH/R2:BleedLocation-Left/R2:BleedLocation-Right/R3:ICH/R3:IPH/R3:IVH/R3:MassEffect,,,,,,,B2,
