patient_id,study_id,dataset_id,patient_sex,age,machine,number_of_slices,slice_thickness,pixel_spacing_xy,pixel_spacing_z,rescale_slope,rescale_intercept,Normal,series_id,dataset_id_internal,kernel,Path,Achados,window_center,window_width,volumetric,x,y,z,Category,local_Path,selected_local
2332,"1,28E+73",jpr_dados,F,28.0,TOSHIBA,207.0,1.0,0.449,0.8,1.0,0.0,True,,,,/home/neuro-source/main_source/datasets/sprap_2024_03/id_spr02332/id_spr02332_master_image.nii.gz,Normal,,,,,,,,D:/Backup/Mestrado/dados/JPR/dataset_jpr_train/dataset_jpr_train/2/002332,True
1636,"1,28E+73",jpr_dados,F,52.0,Philips,229.0,1.5,0.431641,0.75,1.0,-1024.0,True,,,,/home/neuro-source/main_source/datasets/sprap_2024_03/id_spr01636/id_spr01636_master_image.nii.gz,Normal,,,,,,,,D:/Backup/Mestrado/dados/JPR/dataset_jpr_train/dataset_jpr_train/2/001636,True
2605,"1,28E+73",jpr_dados,F,58.0,GE MEDICAL SYSTEMS,279.0,1.25,0.419921994209,0.625,1.0,-1024.0,True,,,,/home/neuro-source/main_source/datasets/sprap_2024_03/id_spr02605/id_spr02605_master_image.nii.gz,Normal,,,,,,,,D:/Backup/Mestrado/dados/JPR/dataset_jpr_train/dataset_jpr_train/1/002605,True
1314,"1,28E+73",jpr_dados,M,31.0,TOSHIBA,244.0,1.0,0.451,0.7999999999999999,1.0,0.0,True,,,,/home/neuro-source/main_source/datasets/sprap_2024_03/id_spr01314/id_spr01314_master_image.nii.gz,Normal,,,,,,,,D:/Backup/Mestrado/dados/JPR/dataset_jpr_train/dataset_jpr_train/3/001314,True
2356,"1,28E+73",jpr_dados,F,48.0,GE MEDICAL SYSTEMS,297.0,1.25,0.451171994209,0.625,1.0,-1024.0,True,,,,/home/neuro-source/main_source/datasets/sprap_2024_03/id_spr02356/id_spr02356_master_image.nii.gz,Normal,,,,,,,,D:/Backup/Mestrado/dados/JPR/dataset_jpr_train/dataset_jpr_train/2/002356,True
570,"1,28E+72",jpr_dados,F,30.0,Philips,238.0,1.5,0.48046875,0.7499999982700423,1.0,-1024.0,True,,,,/home/neuro-source/main_source/datasets/sprap_2024_03/id_spr00570/id_spr00570_master_image.nii.gz,Normal,,,,,,,,D:/Backup/Mestrado/dados/JPR/dataset_jpr_train/dataset_jpr_train/3/000570,True
2165,"1,28E+73",jpr_dados,M,44.0,SIEMENS,238.0,1.0,0.46484375,0.7,1.0,-1024.0,True,,,,/home/neuro-source/main_source/datasets/sprap_2024_03/id_spr02165/id_spr02165_master_image.nii.gz,Normal,,,,,,,,D:/Backup/Mestrado/dados/JPR/dataset_jpr_train/dataset_jpr_train/2/002165,True
1809,"1,28E+73",jpr_dados,F,40.0,TOSHIBA,226.0,1.0,0.441,0.8,1.0,0.0,True,,,,/home/neuro-source/main_source/datasets/sprap_2024_03/id_spr01809/id_spr01809_master_image.nii.gz,Normal,,,,,,,,D:/Backup/Mestrado/dados/JPR/dataset_jpr_train/dataset_jpr_train/2/001809,True
1369,"1,28E+73",jpr_dados,F,29.0,Philips,220.0,1.5,0.441406,0.75,1.0,-1024.0,True,,,,/home/neuro-source/main_source/datasets/sprap_2024_03/id_spr01369/id_spr01369_master_image.nii.gz,Normal,,,,,,,,D:/Backup/Mestrado/dados/JPR/dataset_jpr_train/dataset_jpr_train/2/001369,True
2532,"1,28E+73",jpr_dados,F,44.0,GE MEDICAL SYSTEMS,285.0,1.25,0.488281011581,0.625,1.0,-1024.0,True,,,,/home/neuro-source/main_source/datasets/sprap_2024_03/id_spr02532/id_spr02532_master_image.nii.gz,Normal,,,,,,,,D:/Backup/Mestrado/dados/JPR/dataset_jpr_train/dataset_jpr_train/1/002532,True
2185,"1,28E+73",jpr_dados,M,48.0,SIEMENS,291.0,1.0,0.4765625,0.7,1.0,-1024.0,True,,,,/home/neuro-source/main_source/datasets/sprap_2024_03/id_spr02185/id_spr02185_master_image.nii.gz,Normal,,,,,,,,D:/Backup/Mestrado/dados/JPR/dataset_jpr_train/dataset_jpr_train/2/002185,True
2590,"1,28E+73",jpr_dados,M,77.0,GE MEDICAL SYSTEMS,293.0,1.25,0.44726601243,0.625,1.0,-1024.0,True,,,,/home/neuro-source/main_source/datasets/sprap_2024_03/id_spr02590/id_spr02590_master_image.nii.gz,Normal,,,,,,,,D:/Backup/Mestrado/dados/JPR/dataset_jpr_train/dataset_jpr_train/1/002590,True
1674,"1,28E+73",jpr_dados,M,41.0,Canon Medical Systems,238.0,1.0,0.49,0.8,1.0,0.0,True,,,,/home/neuro-source/main_source/datasets/sprap_2024_03/id_spr01674/id_spr01674_master_image.nii.gz,Normal,,,,,,,,D:/Backup/Mestrado/dados/JPR/dataset_jpr_train/dataset_jpr_train/2/001674,True
2151,"1,28E+72",jpr_dados,F,48.0,GE MEDICAL SYSTEMS,285.0,0.625,0.488281,0.625,1.0,-1024.0,True,,,,/home/neuro-source/main_source/datasets/sprap_2024_03/id_spr02151/id_spr02151_master_image.nii.gz,Normal,,,,,,,,D:/Backup/Mestrado/dados/JPR/dataset_jpr_train/dataset_jpr_train/2/002151,True
1693,"1,28E+72",jpr_dados,M,34.0,SIEMENS,269.0,1.0,0.44921875,0.7000000000000001,1.0,-1024.0,True,,,,/home/neuro-source/main_source/datasets/sprap_2024_03/id_spr01693/id_spr01693_master_image.nii.gz,Normal,,,,,,,,D:/Backup/Mestrado/dados/JPR/dataset_jpr_train/dataset_jpr_train/2/001693,True
829,"1,28E+72",jpr_dados,F,36.0,Philips,223.0,1.5,0.41796875,0.7499999981981982,1.0,-1024.0,True,,,,/home/neuro-source/main_source/datasets/sprap_2024_03/id_spr00829/id_spr00829_master_image.nii.gz,Normal,,,,,,,,D:/Backup/Mestrado/dados/JPR/dataset_jpr_train/dataset_jpr_train/3/000829,True
1449,"1,28E+73",jpr_dados,F,27.0,TOSHIBA,207.0,1.0,0.397,0.8,1.0,0.0,True,,,,/home/neuro-source/main_source/datasets/sprap_2024_03/id_spr01449/id_spr01449_master_image.nii.gz,Normal,,,,,,,,D:/Backup/Mestrado/dados/JPR/dataset_jpr_train/dataset_jpr_train/2/001449,True
1399,"1,28E+73",jpr_dados,F,31.0,SIEMENS,265.0,1.0,0.4453125,0.6999999999999998,1.0,-1024.0,True,,,,/home/neuro-source/main_source/datasets/sprap_2024_03/id_spr01399/id_spr01399_master_image.nii.gz,Normal,,,,,,,,D:/Backup/Mestrado/dados/JPR/dataset_jpr_train/dataset_jpr_train/2/001399,True
2426,"1,28E+73",jpr_dados,F,51.0,GE MEDICAL SYSTEMS,257.0,1.25,0.40039101243,0.625,1.0,-1024.0,True,,,,/home/neuro-source/main_source/datasets/sprap_2024_03/id_spr02426/id_spr02426_master_image.nii.gz,Normal,,,,,,,,D:/Backup/Mestrado/dados/JPR/dataset_jpr_train/dataset_jpr_train/1/002426,True
2343,"1,28E+73",jpr_dados,M,32.0,GE MEDICAL SYSTEMS,279.0,1.25,0.488281,0.625,1.0,-1024.0,True,,,,/home/neuro-source/main_source/datasets/sprap_2024_03/id_spr02343/id_spr02343_master_image.nii.gz,Normal,,,,,,,,D:/Backup/Mestrado/dados/JPR/dataset_jpr_train/dataset_jpr_train/2/002343,True
1814,"1,28E+73",jpr_dados,F,38.0,SIEMENS,249.0,1.0,0.4140625,0.7,1.0,-1024.0,True,,,,/home/neuro-source/main_source/datasets/sprap_2024_03/id_spr01814/id_spr01814_master_image.nii.gz,Normal,,,,,,,,D:/Backup/Mestrado/dados/JPR/dataset_jpr_train/dataset_jpr_train/2/001814,True
561,"1,28E+73",jpr_dados,F,40.0,GE MEDICAL SYSTEMS,207.0,0.625,0.335938,0.625,1.0,-1024.0,True,,,,/home/neuro-source/main_source/datasets/sprap_2024_03/id_spr00561/id_spr00561_master_image.nii.gz,Normal,,,,,,,,D:/Backup/Mestrado/dados/JPR/dataset_jpr_train/dataset_jpr_train/3/000561,True
1917,"1,28E+73",jpr_dados,M,37.0,TOSHIBA,232.0,1.0,0.481,0.8,1.0,0.0,True,,,,/home/neuro-source/main_source/datasets/sprap_2024_03/id_spr01917/id_spr01917_master_image.nii.gz,Normal,,,,,,,,D:/Backup/Mestrado/dados/JPR/dataset_jpr_train/dataset_jpr_train/2/001917,True
883,"1,28E+73",jpr_dados,M,27.0,Philips,256.0,1.5,0.44140625,0.75,1.0,-1024.0,True,,,,/home/neuro-source/main_source/datasets/sprap_2024_03/id_spr00883/id_spr00883_master_image.nii.gz,Normal,,,,,,,,D:/Backup/Mestrado/dados/JPR/dataset_jpr_train/dataset_jpr_train/3/000883,True
1985,"1,28E+73",jpr_dados,F,30.0,TOSHIBA,238.0,1.0,0.429,0.8,1.0,0.0,True,,,,/home/neuro-source/main_source/datasets/sprap_2024_03/id_spr01985/id_spr01985_master_image.nii.gz,Normal,,,,,,,,D:/Backup/Mestrado/dados/JPR/dataset_jpr_train/dataset_jpr_train/2/001985,True
1565,"1,28E+73",jpr_dados,M,39.0,TOSHIBA,226.0,1.0,0.415,0.8,1.0,0.0,True,,,,/home/neuro-source/main_source/datasets/sprap_2024_03/id_spr01565/id_spr01565_master_image.nii.gz,Normal,,,,,,,,D:/Backup/Mestrado/dados/JPR/dataset_jpr_train/dataset_jpr_train/2/001565,True
2201,"1,28E+73",jpr_dados,F,18.0,TOSHIBA,213.0,1.0,0.401,0.8000000000000002,1.0,0.0,True,,,,/home/neuro-source/main_source/datasets/sprap_2024_03/id_spr02201/id_spr02201_master_image.nii.gz,Normal,,,,,,,,D:/Backup/Mestrado/dados/JPR/dataset_jpr_train/dataset_jpr_train/2/002201,True
1457,"1,28E+73",jpr_dados,F,41.0,GE MEDICAL SYSTEMS,281.0,0.625,0.46875,0.625,1.0,-1024.0,True,,,,/home/neuro-source/main_source/datasets/sprap_2024_03/id_spr01457/id_spr01457_master_image.nii.gz,Normal,,,,,,,,D:/Backup/Mestrado/dados/JPR/dataset_jpr_train/dataset_jpr_train/2/001457,True
414,"1,28E+73",jpr_dados,M,49.0,Philips,219.0,2.0,0.509765625,1.0,1.0,-1024.0,True,,,,/home/neuro-source/main_source/datasets/sprap_2024_03/id_spr00414/id_spr00414_master_image.nii.gz,Normal,,,,,,,,D:/Backup/Mestrado/dados/JPR/dataset_jpr_train/dataset_jpr_train/3/000414,True
1310,"1,28E+73",jpr_dados,F,52.0,TOSHIBA,207.0,1.0,0.43,0.8,1.0,0.0,True,,,,/home/neuro-source/main_source/datasets/sprap_2024_03/id_spr01310/id_spr01310_master_image.nii.gz,Normal,,,,,,,,D:/Backup/Mestrado/dados/JPR/dataset_jpr_train/dataset_jpr_train/3/001310,True
1791,"1,28E+73",jpr_dados,M,37.0,SIEMENS,283.0,1.0,0.46875,0.7000000000000001,1.0,-1024.0,True,,,,/home/neuro-source/main_source/datasets/sprap_2024_03/id_spr01791/id_spr01791_master_image.nii.gz,Normal,,,,,,,,D:/Backup/Mestrado/dados/JPR/dataset_jpr_train/dataset_jpr_train/2/001791,True
2584,"1,28E+73",jpr_dados,F,55.0,GE MEDICAL SYSTEMS,309.0,1.25,0.449218988419,0.625,1.0,-1024.0,True,,,,/home/neuro-source/main_source/datasets/sprap_2024_03/id_spr02584/id_spr02584_master_image.nii.gz,Normal,,,,,,,,D:/Backup/Mestrado/dados/JPR/dataset_jpr_train/dataset_jpr_train/1/002584,True
1488,"1,28E+73",jpr_dados,F,43.0,TOSHIBA,201.0,1.0,0.43,0.8,1.0,0.0,True,,,,/home/neuro-source/main_source/datasets/sprap_2024_03/id_spr01488/id_spr01488_master_image.nii.gz,Normal,,,,,,,,D:/Backup/Mestrado/dados/JPR/dataset_jpr_train/dataset_jpr_train/2/001488,True
2399,"1,28E+73",jpr_dados,M,53.0,GE MEDICAL SYSTEMS,305.0,1.25,0.488281011581,0.625,1.0,-1024.0,True,,,,/home/neuro-source/main_source/datasets/sprap_2024_03/id_spr02399/id_spr02399_master_image.nii.gz,Normal,,,,,,,,D:/Backup/Mestrado/dados/JPR/dataset_jpr_train/dataset_jpr_train/1/002399,True
1554,"1,28E+73",jpr_dados,M,35.0,TOSHIBA,219.0,1.0,0.413,0.7999999999999999,1.0,0.0,True,,,,/home/neuro-source/main_source/datasets/sprap_2024_03/id_spr01554/id_spr01554_master_image.nii.gz,Normal,,,,,,,,D:/Backup/Mestrado/dados/JPR/dataset_jpr_train/dataset_jpr_train/2/001554,True
445,"1,28E+73",jpr_dados,F,37.0,Philips,267.0,1.5,0.435546875,0.75,1.0,-1024.0,True,,,,/home/neuro-source/main_source/datasets/sprap_2024_03/id_spr00445/id_spr00445_master_image.nii.gz,Normal,,,,,,,,D:/Backup/Mestrado/dados/JPR/dataset_jpr_train/dataset_jpr_train/3/000445,True
1448,"1,28E+73",jpr_dados,F,56.0,Philips,264.0,1.5,0.472656,0.75,1.0,-1024.0,True,,,,/home/neuro-source/main_source/datasets/sprap_2024_03/id_spr01448/id_spr01448_master_image.nii.gz,Normal,,,,,,,,D:/Backup/Mestrado/dados/JPR/dataset_jpr_train/dataset_jpr_train/2/001448,True
1726,"1,28E+73",jpr_dados,F,44.0,TOSHIBA,207.0,1.0,0.406,0.8,1.0,0.0,True,,,,/home/neuro-source/main_source/datasets/sprap_2024_03/id_spr01726/id_spr01726_master_image.nii.gz,Normal,,,,,,,,D:/Backup/Mestrado/dados/JPR/dataset_jpr_train/dataset_jpr_train/2/001726,True
1393,"1,28E+73",jpr_dados,M,54.0,SIEMENS,264.0,1.0,0.443359375,0.7000000000000001,1.0,-1024.0,True,,,,/home/neuro-source/main_source/datasets/sprap_2024_03/id_spr01393/id_spr01393_master_image.nii.gz,Normal,,,,,,,,D:/Backup/Mestrado/dados/JPR/dataset_jpr_train/dataset_jpr_train/2/001393,True
2031,"1,28E+73",jpr_dados,F,30.0,TOSHIBA,226.0,1.0,0.43,0.8,1.0,0.0,True,,,,/home/neuro-source/main_source/datasets/sprap_2024_03/id_spr02031/id_spr02031_master_image.nii.gz,Normal,,,,,,,,D:/Backup/Mestrado/dados/JPR/dataset_jpr_train/dataset_jpr_train/2/002031,True
413,"1,28E+72",jpr_dados,F,53.0,GE MEDICAL SYSTEMS,329.0,0.625,0.490234,0.625,1.0,-1024.0,True,,,,/home/neuro-source/main_source/datasets/sprap_2024_03/id_spr00413/id_spr00413_master_image.nii.gz,Normal,,,,,,,,D:/Backup/Mestrado/dados/JPR/dataset_jpr_train/dataset_jpr_train/3/000413,True
2631,"1,28E+73",jpr_dados,M,52.0,GE MEDICAL SYSTEMS,289.0,1.25,0.488281011581,0.625,1.0,-1024.0,True,,,,/home/neuro-source/main_source/datasets/sprap_2024_03/id_spr02631/id_spr02631_master_image.nii.gz,Normal,,,,,,,,D:/Backup/Mestrado/dados/JPR/dataset_jpr_train/dataset_jpr_train/1/002631,True
2002,"1,28E+73",jpr_dados,M,41.0,GE MEDICAL SYSTEMS,239.0,1.25,0.472656,0.8,1.0,-1024.0,True,,,,/home/neuro-source/main_source/datasets/sprap_2024_03/id_spr02002/id_spr02002_master_image.nii.gz,Normal,,,,,,,,D:/Backup/Mestrado/dados/JPR/dataset_jpr_train/dataset_jpr_train/2/002002,True
1883,"1,28E+73",jpr_dados,M,43.0,GE MEDICAL SYSTEMS,391.0,0.625,0.488281,0.625,1.0,-1024.0,True,,,,/home/neuro-source/main_source/datasets/sprap_2024_03/id_spr01883/id_spr01883_master_image.nii.gz,Normal,,,,,,,,D:/Backup/Mestrado/dados/JPR/dataset_jpr_train/dataset_jpr_train/2/001883,True
1490,"1,28E+73",jpr_dados,F,42.0,TOSHIBA,207.0,1.0,0.429,0.8,1.0,0.0,True,,,,/home/neuro-source/main_source/datasets/sprap_2024_03/id_spr01490/id_spr01490_master_image.nii.gz,Normal,,,,,,,,D:/Backup/Mestrado/dados/JPR/dataset_jpr_train/dataset_jpr_train/2/001490,True
2106,"1,28E+73",jpr_dados,F,45.0,Philips,207.0,1.5,0.443359,0.75,1.0,-1024.0,True,,,,/home/neuro-source/main_source/datasets/sprap_2024_03/id_spr02106/id_spr02106_master_image.nii.gz,Normal,,,,,,,,D:/Backup/Mestrado/dados/JPR/dataset_jpr_train/dataset_jpr_train/2/002106,True
2494,"1,28E+73",jpr_dados,F,41.0,GE MEDICAL SYSTEMS,293.0,1.25,0.4375,0.625,1.0,-1024.0,True,,,,/home/neuro-source/main_source/datasets/sprap_2024_03/id_spr02494/id_spr02494_master_image.nii.gz,Normal,,,,,,,,D:/Backup/Mestrado/dados/JPR/dataset_jpr_train/dataset_jpr_train/1/002494,True
2627,"1,28E+73",jpr_dados,F,71.0,GE MEDICAL SYSTEMS,301.0,1.25,0.441406011581,0.625,1.0,-1024.0,True,,,,/home/neuro-source/main_source/datasets/sprap_2024_03/id_spr02627/id_spr02627_master_image.nii.gz,Normal,,,,,,,,D:/Backup/Mestrado/dados/JPR/dataset_jpr_train/dataset_jpr_train/1/002627,True
825,"1,28E+73",jpr_dados,M,41.0,Siemens Healthineers,203.0,2.0,0.42050084317032,1.000.000.253.345.220,1.0,-8192.0,True,,,,/home/neuro-source/main_source/datasets/sprap_2024_03/id_spr00825/id_spr00825_master_image.nii.gz,Normal,,,,,,,,D:/Backup/Mestrado/dados/JPR/dataset_jpr_train/dataset_jpr_train/3/000825,True
1255,"1,28E+73",jpr_dados,M,53.0,Philips,206.0,2.0,0.48828125,10.000.000.019.512.100,1.0,-1024.0,True,,,,/home/neuro-source/main_source/datasets/sprap_2024_03/id_spr01255/id_spr01255_master_image.nii.gz,Normal,,,,,,,,D:/Backup/Mestrado/dados/JPR/dataset_jpr_train/dataset_jpr_train/3/001255,True
1891,"1,28E+73",jpr_dados,F,23.0,Canon Medical Systems,238.0,1.0,0.466,0.8,1.0,0.0,True,,,,/home/neuro-source/main_source/datasets/sprap_2024_03/id_spr01891/id_spr01891_master_image.nii.gz,Normal,,,,,,,,D:/Backup/Mestrado/dados/JPR/dataset_jpr_train/dataset_jpr_train/2/001891,True
2043,"1,28E+73",jpr_dados,F,50.0,GE MEDICAL SYSTEMS,221.0,0.625,0.365234,0.625,1.0,-1024.0,True,,,,/home/neuro-source/main_source/datasets/sprap_2024_03/id_spr02043/id_spr02043_master_image.nii.gz,Normal,,,,,,,,D:/Backup/Mestrado/dados/JPR/dataset_jpr_train/dataset_jpr_train/2/002043,True
1878,"1,28E+73",jpr_dados,F,19.0,TOSHIBA,207.0,1.0,0.429,0.8,1.0,0.0,True,,,,/home/neuro-source/main_source/datasets/sprap_2024_03/id_spr01878/id_spr01878_master_image.nii.gz,Normal,,,,,,,,D:/Backup/Mestrado/dados/JPR/dataset_jpr_train/dataset_jpr_train/2/001878,True
1620,"1,28E+73",jpr_dados,F,31.0,TOSHIBA,201.0,1.0,0.388,0.8,1.0,0.0,True,,,,/home/neuro-source/main_source/datasets/sprap_2024_03/id_spr01620/id_spr01620_master_image.nii.gz,Normal,,,,,,,,D:/Backup/Mestrado/dados/JPR/dataset_jpr_train/dataset_jpr_train/2/001620,True
1946,"1,28E+73",jpr_dados,F,24.0,TOSHIBA,219.0,1.0,0.441,0.8,1.0,0.0,True,,,,/home/neuro-source/main_source/datasets/sprap_2024_03/id_spr01946/id_spr01946_master_image.nii.gz,Normal,,,,,,,,D:/Backup/Mestrado/dados/JPR/dataset_jpr_train/dataset_jpr_train/2/001946,True
1899,"1,28E+73",jpr_dados,F,27.0,GE MEDICAL SYSTEMS,305.0,0.625,0.449219,0.625,1.0,-1024.0,True,,,,/home/neuro-source/main_source/datasets/sprap_2024_03/id_spr01899/id_spr01899_master_image.nii.gz,Normal,,,,,,,,D:/Backup/Mestrado/dados/JPR/dataset_jpr_train/dataset_jpr_train/2/001899,True
2487,"1,28E+73",jpr_dados,M,59.0,GE MEDICAL SYSTEMS,297.0,2.5,0.488281011581,0.625,1.0,-1024.0,True,,,,/home/neuro-source/main_source/datasets/sprap_2024_03/id_spr02487/id_spr02487_master_image.nii.gz,Normal,,,,,,,,D:/Backup/Mestrado/dados/JPR/dataset_jpr_train/dataset_jpr_train/1/002487,True
1072,"1,28E+73",jpr_dados,F,51.0,Philips,226.0,1.5,0.41015625,0.7500000017777778,1.0,-1024.0,True,,,,/home/neuro-source/main_source/datasets/sprap_2024_03/id_spr01072/id_spr01072_master_image.nii.gz,Normal,,,,,,,,D:/Backup/Mestrado/dados/JPR/dataset_jpr_train/dataset_jpr_train/3/001072,True
2041,"1,28E+73",jpr_dados,F,27.0,TOSHIBA,234.0,1.0,0.493,0.7999999999999999,1.0,0.0,True,,,,/home/neuro-source/main_source/datasets/sprap_2024_03/id_spr02041/id_spr02041_master_image.nii.gz,Normal,,,,,,,,D:/Backup/Mestrado/dados/JPR/dataset_jpr_train/dataset_jpr_train/2/002041,True
542,"1,28E+73",jpr_dados,F,37.0,Philips,237.0,1.5,0.470703125,0.75,1.0,-1024.0,True,,,,/home/neuro-source/main_source/datasets/sprap_2024_03/id_spr00542/id_spr00542_master_image.nii.gz,Normal,,,,,,,,D:/Backup/Mestrado/dados/JPR/dataset_jpr_train/dataset_jpr_train/3/000542,True
1317,"1,28E+73",jpr_dados,M,39.0,TOSHIBA,238.0,1.0,0.478,0.7999999999999999,1.0,0.0,True,,,,/home/neuro-source/main_source/datasets/sprap_2024_03/id_spr01317/id_spr01317_master_image.nii.gz,Normal,,,,,,,,D:/Backup/Mestrado/dados/JPR/dataset_jpr_train/dataset_jpr_train/3/001317,True
2372,"1,28E+73",jpr_dados,F,72.0,GE MEDICAL SYSTEMS,273.0,1.25,0.404296994209,0.625,1.0,-1024.0,True,,,,/home/neuro-source/main_source/datasets/sprap_2024_03/id_spr02372/id_spr02372_master_image.nii.gz,Normal,,,,,,,,D:/Backup/Mestrado/dados/JPR/dataset_jpr_train/dataset_jpr_train/1/002372,True
438,"1,28E+72",jpr_dados,M,43.0,GE MEDICAL SYSTEMS,213.0,1.25,0.589844,1.25,1.0,-1024.0,True,,,,/home/neuro-source/main_source/datasets/sprap_2024_03/id_spr00438/id_spr00438_master_image.nii.gz,Normal,,,,,,,,D:/Backup/Mestrado/dados/JPR/dataset_jpr_train/dataset_jpr_train/3/000438,True
2462,"1,28E+72",jpr_dados,F,56.0,GE MEDICAL SYSTEMS,295.0,1.25,0.445311993361,0.625,1.0,-1024.0,True,,,,/home/neuro-source/main_source/datasets/sprap_2024_03/id_spr02462/id_spr02462_master_image.nii.gz,Normal,,,,,,,,D:/Backup/Mestrado/dados/JPR/dataset_jpr_train/dataset_jpr_train/1/002462,True
2495,"1,28E+73",jpr_dados,F,44.0,GE MEDICAL SYSTEMS,281.0,1.25,0.488281011581,0.625,1.0,-1024.0,True,,,,/home/neuro-source/main_source/datasets/sprap_2024_03/id_spr02495/id_spr02495_master_image.nii.gz,Normal,,,,,,,,D:/Backup/Mestrado/dados/JPR/dataset_jpr_train/dataset_jpr_train/1/002495,True
1682,"1,28E+73",jpr_dados,F,20.0,TOSHIBA,207.0,1.0,0.382,0.8,1.0,0.0,True,,,,/home/neuro-source/main_source/datasets/sprap_2024_03/id_spr01682/id_spr01682_master_image.nii.gz,Normal,,,,,,,,D:/Backup/Mestrado/dados/JPR/dataset_jpr_train/dataset_jpr_train/2/001682,True
1355,"1,28E+73",jpr_dados,F,49.0,Canon Medical Systems,232.0,1.0,0.412,0.7999999999999998,1.0,0.0,True,,,,/home/neuro-source/main_source/datasets/sprap_2024_03/id_spr01355/id_spr01355_master_image.nii.gz,Normal,,,,,,,,D:/Backup/Mestrado/dados/JPR/dataset_jpr_train/dataset_jpr_train/2/001355,True
1185,"1,28E+72",jpr_dados,F,43.0,Philips,215.0,1.5,0.4453125,0.75,1.0,-1024.0,True,,,,/home/neuro-source/main_source/datasets/sprap_2024_03/id_spr01185/id_spr01185_master_image.nii.gz,Normal,,,,,,,,D:/Backup/Mestrado/dados/JPR/dataset_jpr_train/dataset_jpr_train/3/001185,True
2007,"1,28E+73",jpr_dados,F,29.0,TOSHIBA,238.0,1.0,0.47,0.8,1.0,0.0,True,,,,/home/neuro-source/main_source/datasets/sprap_2024_03/id_spr02007/id_spr02007_master_image.nii.gz,Normal,,,,,,,,D:/Backup/Mestrado/dados/JPR/dataset_jpr_train/dataset_jpr_train/2/002007,True
2438,"1,28E+73",jpr_dados,F,37.0,GE MEDICAL SYSTEMS,301.0,1.25,0.451171994209,0.625,1.0,-1024.0,True,,,,/home/neuro-source/main_source/datasets/sprap_2024_03/id_spr02438/id_spr02438_master_image.nii.gz,Normal,,,,,,,,D:/Backup/Mestrado/dados/JPR/dataset_jpr_train/dataset_jpr_train/1/002438,True
2013,"1,28E+73",jpr_dados,M,26.0,GE MEDICAL SYSTEMS,430.0,0.625,0.488281,0.625,1.0,-1024.0,True,,,,/home/neuro-source/main_source/datasets/sprap_2024_03/id_spr02013/id_spr02013_master_image.nii.gz,Normal,,,,,,,,D:/Backup/Mestrado/dados/JPR/dataset_jpr_train/dataset_jpr_train/2/002013,True
1920,"1,28E+73",jpr_dados,F,46.0,TOSHIBA,232.0,1.0,0.466,0.8,1.0,0.0,True,,,,/home/neuro-source/main_source/datasets/sprap_2024_03/id_spr01920/id_spr01920_master_image.nii.gz,Normal,,,,,,,,D:/Backup/Mestrado/dados/JPR/dataset_jpr_train/dataset_jpr_train/2/001920,True
879,"1,28E+72",jpr_dados,F,40.0,Philips,244.0,1.5,0.48828125,0.7500000008230454,1.0,-1024.0,True,,,,/home/neuro-source/main_source/datasets/sprap_2024_03/id_spr00879/id_spr00879_master_image.nii.gz,Normal,,,,,,,,D:/Backup/Mestrado/dados/JPR/dataset_jpr_train/dataset_jpr_train/3/000879,True
765,"1,28E+73",jpr_dados,M,23.0,Canon Medical Systems,201.0,2.0,0.478,1.0,1.0,0.0,True,,,,/home/neuro-source/main_source/datasets/sprap_2024_03/id_spr00765/id_spr00765_master_image.nii.gz,Normal,,,,,,,,D:/Backup/Mestrado/dados/JPR/dataset_jpr_train/dataset_jpr_train/3/000765,True
742,"1,28E+73",jpr_dados,F,42.0,GE MEDICAL SYSTEMS,289.0,1.25,0.488281,0.625,1.0,-1024.0,True,,,,/home/neuro-source/main_source/datasets/sprap_2024_03/id_spr00742/id_spr00742_master_image.nii.gz,Normal,,,,,,,,D:/Backup/Mestrado/dados/JPR/dataset_jpr_train/dataset_jpr_train/3/000742,True
1400,"1,28E+73",jpr_dados,F,40.0,SIEMENS,274.0,1.0,0.46875,0.7000000000000005,1.0,-1024.0,True,,,,/home/neuro-source/main_source/datasets/sprap_2024_03/id_spr01400/id_spr01400_master_image.nii.gz,Normal,,,,,,,,D:/Backup/Mestrado/dados/JPR/dataset_jpr_train/dataset_jpr_train/2/001400,True
1887,"1,28E+73",jpr_dados,F,62.0,Canon Medical Systems,219.0,1.0,0.448,0.7999999999999999,1.0,0.0,True,,,,/home/neuro-source/main_source/datasets/sprap_2024_03/id_spr01887/id_spr01887_master_image.nii.gz,Normal,,,,,,,,D:/Backup/Mestrado/dados/JPR/dataset_jpr_train/dataset_jpr_train/2/001887,True
1846,"1,28E+73",jpr_dados,F,25.0,TOSHIBA,232.0,1.0,0.404,0.8,1.0,0.0,True,,,,/home/neuro-source/main_source/datasets/sprap_2024_03/id_spr01846/id_spr01846_master_image.nii.gz,Normal,,,,,,,,D:/Backup/Mestrado/dados/JPR/dataset_jpr_train/dataset_jpr_train/2/001846,True
1420,"1,28E+73",jpr_dados,M,53.0,TOSHIBA,238.0,1.0,0.468,0.8,1.0,0.0,True,,,,/home/neuro-source/main_source/datasets/sprap_2024_03/id_spr01420/id_spr01420_master_image.nii.gz,Normal,,,,,,,,D:/Backup/Mestrado/dados/JPR/dataset_jpr_train/dataset_jpr_train/2/001420,True
869,"1,28E+73",jpr_dados,F,40.0,GE MEDICAL SYSTEMS,216.0,2.5,0.488281,1.0,1.0,-1024.0,True,,,,/home/neuro-source/main_source/datasets/sprap_2024_03/id_spr00869/id_spr00869_master_image.nii.gz,Normal,,,,,,,,D:/Backup/Mestrado/dados/JPR/dataset_jpr_train/dataset_jpr_train/3/000869,True
1525,"1,28E+73",jpr_dados,F,58.0,TOSHIBA,361.0,1.0,0.439,0.5,1.0,0.0,True,,,,/home/neuro-source/main_source/datasets/sprap_2024_03/id_spr01525/id_spr01525_master_image.nii.gz,Normal,,,,,,,,D:/Backup/Mestrado/dados/JPR/dataset_jpr_train/dataset_jpr_train/2/001525,True
1061,"1,28E+73",jpr_dados,F,24.0,Canon Medical Systems,216.0,2.0,0.465,1.0,1.0,0.0,True,,,,/home/neuro-source/main_source/datasets/sprap_2024_03/id_spr01061/id_spr01061_master_image.nii.gz,Normal,,,,,,,,D:/Backup/Mestrado/dados/JPR/dataset_jpr_train/dataset_jpr_train/3/001061,True
1762,"1,28E+73",jpr_dados,F,31.0,TOSHIBA,551.0,0.5,0.38,0.3,1.0,0.0,True,,,,/home/neuro-source/main_source/datasets/sprap_2024_03/id_spr01762/id_spr01762_master_image.nii.gz,Normal,,,,,,,,D:/Backup/Mestrado/dados/JPR/dataset_jpr_train/dataset_jpr_train/2/001762,True
1169,"1,28E+73",jpr_dados,M,46.0,Philips,229.0,1.5,0.451171875,0.750000000877193,1.0,-1024.0,True,,,,/home/neuro-source/main_source/datasets/sprap_2024_03/id_spr01169/id_spr01169_master_image.nii.gz,Normal,,,,,,,,D:/Backup/Mestrado/dados/JPR/dataset_jpr_train/dataset_jpr_train/3/001169,True
2527,"1,28E+73",jpr_dados,F,39.0,GE MEDICAL SYSTEMS,269.0,1.25,0.40625,0.625,1.0,-1024.0,True,,,,/home/neuro-source/main_source/datasets/sprap_2024_03/id_spr02527/id_spr02527_master_image.nii.gz,Normal,,,,,,,,D:/Backup/Mestrado/dados/JPR/dataset_jpr_train/dataset_jpr_train/1/002527,True
1097,"1,28E+73",jpr_dados,F,24.0,Philips,217.0,2.0,0.44921875,10.000.000.009.259.200,1.0,-1024.0,True,,,,/home/neuro-source/main_source/datasets/sprap_2024_03/id_spr01097/id_spr01097_master_image.nii.gz,Normal,,,,,,,,D:/Backup/Mestrado/dados/JPR/dataset_jpr_train/dataset_jpr_train/3/001097,True
2050,"1,28E+73",jpr_dados,M,25.0,TOSHIBA,232.0,1.0,0.471,0.8,1.0,0.0,True,,,,/home/neuro-source/main_source/datasets/sprap_2024_03/id_spr02050/id_spr02050_master_image.nii.gz,Normal,,,,,,,,D:/Backup/Mestrado/dados/JPR/dataset_jpr_train/dataset_jpr_train/2/002050,True
2168,"1,28E+72",jpr_dados,M,43.0,SIEMENS,288.0,1.0,0.47265625,0.7000000000000001,1.0,-1024.0,True,,,,/home/neuro-source/main_source/datasets/sprap_2024_03/id_spr02168/id_spr02168_master_image.nii.gz,Normal,,,,,,,,D:/Backup/Mestrado/dados/JPR/dataset_jpr_train/dataset_jpr_train/2/002168,True
370,"1,28E+73",jpr_dados,M,42.0,GE MEDICAL SYSTEMS,281.0,1.25,0.560547,0.625,1.0,-1024.0,True,,,,/home/neuro-source/main_source/datasets/sprap_2024_03/id_spr00370/id_spr00370_master_image.nii.gz,Normal,,,,,,,,,True
1402,"1,28E+73",jpr_dados,M,34.0,TOSHIBA,250.0,1.0,0.449,0.7999999999999999,1.0,0.0,True,,,,/home/neuro-source/main_source/datasets/sprap_2024_03/id_spr01402/id_spr01402_master_image.nii.gz,Normal,,,,,,,,D:/Backup/Mestrado/dados/JPR/dataset_jpr_train/dataset_jpr_train/2/001402,True
2440,"1,28E+73",jpr_dados,F,39.0,TOSHIBA,219.0,1.0,0.428999990225,0.8000000000000004,1.0,0.0,True,,,,/home/neuro-source/main_source/datasets/sprap_2024_03/id_spr02440/id_spr02440_master_image.nii.gz,Normal,,,,,,,,D:/Backup/Mestrado/dados/JPR/dataset_jpr_train/dataset_jpr_train/1/002440,True
1615,"1,28E+73",jpr_dados,F,57.0,TOSHIBA,207.0,1.0,0.42,0.8,1.0,0.0,True,,,,/home/neuro-source/main_source/datasets/sprap_2024_03/id_spr01615/id_spr01615_master_image.nii.gz,Normal,,,,,,,,D:/Backup/Mestrado/dados/JPR/dataset_jpr_train/dataset_jpr_train/2/001615,True
1632,"1,28E+73",jpr_dados,F,39.0,GE MEDICAL SYSTEMS,206.0,1.25,0.488281,1.0,1.0,-1024.0,True,,,,/home/neuro-source/main_source/datasets/sprap_2024_03/id_spr01632/id_spr01632_master_image.nii.gz,Normal,,,,,,,,D:/Backup/Mestrado/dados/JPR/dataset_jpr_train/dataset_jpr_train/2/001632,True
2342,"1,28E+72",jpr_dados,F,40.0,GE MEDICAL SYSTEMS,260.0,1.25,0.46875,0.625,1.0,-1024.0,True,,,,/home/neuro-source/main_source/datasets/sprap_2024_03/id_spr02342/id_spr02342_master_image.nii.gz,Normal,,,,,,,,D:/Backup/Mestrado/dados/JPR/dataset_jpr_train/dataset_jpr_train/2/002342,True
2167,"1,28E+73",jpr_dados,M,45.0,SIEMENS,246.0,1.0,0.458984375,0.7,1.0,-1024.0,True,,,,/home/neuro-source/main_source/datasets/sprap_2024_03/id_spr02167/id_spr02167_master_image.nii.gz,Normal,,,,,,,,D:/Backup/Mestrado/dados/JPR/dataset_jpr_train/dataset_jpr_train/2/002167,True
2338,"1,28E+73",jpr_dados,M,44.0,TOSHIBA,219.0,1.0,0.444,0.7999999999999999,1.0,0.0,True,,,,/home/neuro-source/main_source/datasets/sprap_2024_03/id_spr02338/id_spr02338_master_image.nii.gz,Normal,,,,,,,,D:/Backup/Mestrado/dados/JPR/dataset_jpr_train/dataset_jpr_train/2/002338,True
1583,"1,28E+73",jpr_dados,M,34.0,TOSHIBA,206.0,2.0,0.478,1.0,1.0,0.0,True,,,,/home/neuro-source/main_source/datasets/sprap_2024_03/id_spr01583/id_spr01583_master_image.nii.gz,Normal,,,,,,,,D:/Backup/Mestrado/dados/JPR/dataset_jpr_train/dataset_jpr_train/2/001583,True
1760,"1,28E+73",jpr_dados,F,38.0,TOSHIBA,201.0,1.0,0.441,0.8,1.0,0.0,True,,,,/home/neuro-source/main_source/datasets/sprap_2024_03/id_spr01760/id_spr01760_master_image.nii.gz,Normal,,,,,,,,D:/Backup/Mestrado/dados/JPR/dataset_jpr_train/dataset_jpr_train/2/001760,True
2482,"1,28E+73",jpr_dados,F,61.0,GE MEDICAL SYSTEMS,261.0,1.25,0.39648398757,0.625,1.0,-1024.0,True,,,,/home/neuro-source/main_source/datasets/sprap_2024_03/id_spr02482/id_spr02482_master_image.nii.gz,Normal,,,,,,,,D:/Backup/Mestrado/dados/JPR/dataset_jpr_train/dataset_jpr_train/1/002482,True
2384,"1,28E+73",jpr_dados,F,35.0,GE MEDICAL SYSTEMS,305.0,1.25,0.482421994209,0.625,1.0,-1024.0,True,,,,/home/neuro-source/main_source/datasets/sprap_2024_03/id_spr02384/id_spr02384_master_image.nii.gz,Normal,,,,,,,,D:/Backup/Mestrado/dados/JPR/dataset_jpr_train/dataset_jpr_train/1/002384,True
2109,"1,28E+73",jpr_dados,F,26.0,Philips,256.0,1.5,0.458984,0.7500038313725489,1.0,-1024.0,True,,,,/home/neuro-source/main_source/datasets/sprap_2024_03/id_spr02109/id_spr02109_master_image.nii.gz,Normal,,,,,,,,D:/Backup/Mestrado/dados/JPR/dataset_jpr_train/dataset_jpr_train/2/002109,True
2004,"1,28E+73",jpr_dados,M,55.0,TOSHIBA,213.0,1.0,0.427,0.8000000000000002,1.0,0.0,True,,,,/home/neuro-source/main_source/datasets/sprap_2024_03/id_spr02004/id_spr02004_master_image.nii.gz,Normal,,,,,,,,D:/Backup/Mestrado/dados/JPR/dataset_jpr_train/dataset_jpr_train/2/002004,True
1750,"1,28E+73",jpr_dados,F,29.0,TOSHIBA,226.0,1.0,0.408,0.8,1.0,0.0,True,,,,/home/neuro-source/main_source/datasets/sprap_2024_03/id_spr01750/id_spr01750_master_image.nii.gz,Normal,,,,,,,,D:/Backup/Mestrado/dados/JPR/dataset_jpr_train/dataset_jpr_train/2/001750,True
1503,"1,28E+73",jpr_dados,F,43.0,Canon Medical Systems,213.0,1.0,0.42,0.8000000000000002,1.0,0.0,True,,,,/home/neuro-source/main_source/datasets/sprap_2024_03/id_spr01503/id_spr01503_master_image.nii.gz,Normal,,,,,,,,D:/Backup/Mestrado/dados/JPR/dataset_jpr_train/dataset_jpr_train/2/001503,True
2641,"1,28E+73",jpr_dados,F,41.0,GE MEDICAL SYSTEMS,281.0,1.25,0.4375,0.625,1.0,-1024.0,True,,,,/home/neuro-source/main_source/datasets/sprap_2024_03/id_spr02641/id_spr02641_master_image.nii.gz,Normal,,,,,,,,D:/Backup/Mestrado/dados/JPR/dataset_jpr_train/dataset_jpr_train/1/002641,True
1388,"1,28E+73",jpr_dados,M,44.0,Canon Medical Systems,232.0,1.0,0.449,0.8,1.0,0.0,True,,,,/home/neuro-source/main_source/datasets/sprap_2024_03/id_spr01388/id_spr01388_master_image.nii.gz,Normal,,,,,,,,D:/Backup/Mestrado/dados/JPR/dataset_jpr_train/dataset_jpr_train/2/001388,True
1218,"1,28E+73",jpr_dados,F,41.0,GE MEDICAL SYSTEMS,281.0,1.25,0.5,0.625,1.0,-1024.0,True,,,,/home/neuro-source/main_source/datasets/sprap_2024_03/id_spr01218/id_spr01218_master_image.nii.gz,Normal,,,,,,,,D:/Backup/Mestrado/dados/JPR/dataset_jpr_train/dataset_jpr_train/3/001218,True
2194,"1,28E+73",jpr_dados,M,41.0,SIEMENS,260.0,1.0,0.46875,0.6999999999999998,1.0,-1024.0,True,,,,/home/neuro-source/main_source/datasets/sprap_2024_03/id_spr02194/id_spr02194_master_image.nii.gz,Normal,,,,,,,,D:/Backup/Mestrado/dados/JPR/dataset_jpr_train/dataset_jpr_train/2/002194,True
2337,"1,28E+73",jpr_dados,M,22.0,TOSHIBA,232.0,1.0,0.468,0.7999999999999998,1.0,0.0,True,,,,/home/neuro-source/main_source/datasets/sprap_2024_03/id_spr02337/id_spr02337_master_image.nii.gz,Normal,,,,,,,,D:/Backup/Mestrado/dados/JPR/dataset_jpr_train/dataset_jpr_train/2/002337,True
469,"1,28E+73",jpr_dados,F,31.0,Canon Medical Systems,216.0,1.0,0.561,1.0,1.0,0.0,True,,,,/home/neuro-source/main_source/datasets/sprap_2024_03/id_spr00469/id_spr00469_master_image.nii.gz,Normal,,,,,,,,D:/Backup/Mestrado/dados/JPR/dataset_jpr_train/dataset_jpr_train/3/000469,True
1348,"1,28E+73",jpr_dados,M,45.0,TOSHIBA,244.0,1.0,0.498,0.8,1.0,0.0,True,,,,/home/neuro-source/main_source/datasets/sprap_2024_03/id_spr01348/id_spr01348_master_image.nii.gz,Normal,,,,,,,,D:/Backup/Mestrado/dados/JPR/dataset_jpr_train/dataset_jpr_train/2/001348,True
2182,"1,28E+73",jpr_dados,F,43.0,SIEMENS,255.0,1.0,0.43359375,0.7,1.0,-1024.0,True,,,,/home/neuro-source/main_source/datasets/sprap_2024_03/id_spr02182/id_spr02182_master_image.nii.gz,Normal,,,,,,,,D:/Backup/Mestrado/dados/JPR/dataset_jpr_train/dataset_jpr_train/2/002182,True
1340,"1,28E+73",jpr_dados,F,40.0,TOSHIBA,207.0,1.0,0.43,0.8,1.0,0.0,True,,,,/home/neuro-source/main_source/datasets/sprap_2024_03/id_spr01340/id_spr01340_master_image.nii.gz,Normal,,,,,,,,D:/Backup/Mestrado/dados/JPR/dataset_jpr_train/dataset_jpr_train/2/001340,True
1695,"1,28E+73",jpr_dados,M,34.0,SIEMENS,257.0,1.0,0.447265625,0.7,1.0,-1024.0,True,,,,/home/neuro-source/main_source/datasets/sprap_2024_03/id_spr01695/id_spr01695_master_image.nii.gz,Normal,,,,,,,,D:/Backup/Mestrado/dados/JPR/dataset_jpr_train/dataset_jpr_train/2/001695,True
1070,"1,28E+73",jpr_dados,F,26.0,Canon Medical Systems,226.0,1.0,0.468,1.0,1.0,0.0,True,,,,/home/neuro-source/main_source/datasets/sprap_2024_03/id_spr01070/id_spr01070_master_image.nii.gz,Normal,,,,,,,,D:/Backup/Mestrado/dados/JPR/dataset_jpr_train/dataset_jpr_train/3/001070,True
1837,"1,28E+73",jpr_dados,F,28.0,TOSHIBA,238.0,1.0,0.429,0.8,1.0,0.0,True,,,,/home/neuro-source/main_source/datasets/sprap_2024_03/id_spr01837/id_spr01837_master_image.nii.gz,Normal,,,,,,,,D:/Backup/Mestrado/dados/JPR/dataset_jpr_train/dataset_jpr_train/2/001837,True
2110,"1,28E+73",jpr_dados,M,36.0,Philips,239.0,1.5,0.472656,0.7500001260504203,1.0,-1024.0,True,,,,/home/neuro-source/main_source/datasets/sprap_2024_03/id_spr02110/id_spr02110_master_image.nii.gz,Normal,,,,,,,,D:/Backup/Mestrado/dados/JPR/dataset_jpr_train/dataset_jpr_train/2/002110,True
1656,"1,28E+73",jpr_dados,M,29.0,TOSHIBA,244.0,1.0,0.446,0.7999999999999999,1.0,0.0,True,,,,/home/neuro-source/main_source/datasets/sprap_2024_03/id_spr01656/id_spr01656_master_image.nii.gz,Normal,,,,,,,,D:/Backup/Mestrado/dados/JPR/dataset_jpr_train/dataset_jpr_train/2/001656,True
2055,"1,28E+73",jpr_dados,F,53.0,TOSHIBA,207.0,1.0,0.434,0.8,1.0,0.0,True,,,,/home/neuro-source/main_source/datasets/sprap_2024_03/id_spr02055/id_spr02055_master_image.nii.gz,Normal,,,,,,,,D:/Backup/Mestrado/dados/JPR/dataset_jpr_train/dataset_jpr_train/2/002055,True
1339,"1,28E+73",jpr_dados,F,41.0,TOSHIBA,232.0,1.0,0.463,0.8,1.0,0.0,True,,,,/home/neuro-source/main_source/datasets/sprap_2024_03/id_spr01339/id_spr01339_master_image.nii.gz,Normal,,,,,,,,D:/Backup/Mestrado/dados/JPR/dataset_jpr_train/dataset_jpr_train/2/001339,True
1848,"1,28E+73",jpr_dados,F,29.0,TOSHIBA,232.0,1.0,0.461,0.7999999999999998,1.0,0.0,True,,,,/home/neuro-source/main_source/datasets/sprap_2024_03/id_spr01848/id_spr01848_master_image.nii.gz,Normal,,,,,,,,D:/Backup/Mestrado/dados/JPR/dataset_jpr_train/dataset_jpr_train/2/001848,True
1425,"1,28E+73",jpr_dados,F,55.0,Canon Medical Systems,201.0,1.0,0.393,0.8,1.0,0.0,True,,,,/home/neuro-source/main_source/datasets/sprap_2024_03/id_spr01425/id_spr01425_master_image.nii.gz,Normal,,,,,,,,D:/Backup/Mestrado/dados/JPR/dataset_jpr_train/dataset_jpr_train/2/001425,True
1639,"1,28E+73",jpr_dados,M,35.0,TOSHIBA,219.0,1.0,0.419,0.7999999999999999,1.0,0.0,True,,,,/home/neuro-source/main_source/datasets/sprap_2024_03/id_spr01639/id_spr01639_master_image.nii.gz,Normal,,,,,,,,D:/Backup/Mestrado/dados/JPR/dataset_jpr_train/dataset_jpr_train/2/001639,True
1412,"1,28E+73",jpr_dados,F,59.0,TOSHIBA,201.0,1.0,0.43,0.8,1.0,0.0,True,,,,/home/neuro-source/main_source/datasets/sprap_2024_03/id_spr01412/id_spr01412_master_image.nii.gz,Normal,,,,,,,,D:/Backup/Mestrado/dados/JPR/dataset_jpr_train/dataset_jpr_train/2/001412,True
2358,"1,28E+73",jpr_dados,F,59.0,GE MEDICAL SYSTEMS,313.0,1.25,0.445311993361,0.625,1.0,-1024.0,True,,,,/home/neuro-source/main_source/datasets/sprap_2024_03/id_spr02358/id_spr02358_master_image.nii.gz,Normal,,,,,,,,D:/Backup/Mestrado/dados/JPR/dataset_jpr_train/dataset_jpr_train/2/002358,True
1738,"1,28E+73",jpr_dados,M,19.0,SIEMENS,248.0,1.0,0.455078125,0.7000000000000001,1.0,-1024.0,True,,,,/home/neuro-source/main_source/datasets/sprap_2024_03/id_spr01738/id_spr01738_master_image.nii.gz,Normal,,,,,,,,D:/Backup/Mestrado/dados/JPR/dataset_jpr_train/dataset_jpr_train/2/001738,True
722,"1,28E+73",jpr_dados,F,27.0,Philips,237.0,1.5,0.447265625,0.7499999983050847,1.0,-1024.0,True,,,,/home/neuro-source/main_source/datasets/sprap_2024_03/id_spr00722/id_spr00722_master_image.nii.gz,Normal,,,,,,,,D:/Backup/Mestrado/dados/JPR/dataset_jpr_train/dataset_jpr_train/3/000722,True
1934,"1,28E+73",jpr_dados,F,29.0,TOSHIBA,219.0,1.0,0.398,0.7999999999999999,1.0,0.0,True,,,,/home/neuro-source/main_source/datasets/sprap_2024_03/id_spr01934/id_spr01934_master_image.nii.gz,Normal,,,,,,,,D:/Backup/Mestrado/dados/JPR/dataset_jpr_train/dataset_jpr_train/2/001934,True
1415,"1,28E+73",jpr_dados,M,44.0,GE MEDICAL SYSTEMS,289.0,0.625,0.488281,0.625,1.0,-1024.0,True,,,,/home/neuro-source/main_source/datasets/sprap_2024_03/id_spr01415/id_spr01415_master_image.nii.gz,Normal,,,,,,,,D:/Backup/Mestrado/dados/JPR/dataset_jpr_train/dataset_jpr_train/2/001415,True
1598,"1,28E+73",jpr_dados,F,36.0,GE MEDICAL SYSTEMS,251.0,1.25,0.402344,0.8,1.0,-1024.0,True,,,,/home/neuro-source/main_source/datasets/sprap_2024_03/id_spr01598/id_spr01598_master_image.nii.gz,Normal,,,,,,,,D:/Backup/Mestrado/dados/JPR/dataset_jpr_train/dataset_jpr_train/2/001598,True
1564,"1,28E+73",jpr_dados,M,38.0,SIEMENS,284.0,1.0,0.44921875,0.7,1.0,-1024.0,True,,,,/home/neuro-source/main_source/datasets/sprap_2024_03/id_spr01564/id_spr01564_master_image.nii.gz,Normal,,,,,,,,D:/Backup/Mestrado/dados/JPR/dataset_jpr_train/dataset_jpr_train/2/001564,True
1357,"1,28E+73",jpr_dados,F,47.0,TOSHIBA,214.0,1.0,0.43,0.7999999999999999,1.0,0.0,True,,,,/home/neuro-source/main_source/datasets/sprap_2024_03/id_spr01357/id_spr01357_master_image.nii.gz,Normal,,,,,,,,D:/Backup/Mestrado/dados/JPR/dataset_jpr_train/dataset_jpr_train/2/001357,True
2525,"1,28E+73",jpr_dados,F,43.0,TOSHIBA,226.0,1.0,0.428999990225,0.8,1.0,0.0,True,,,,/home/neuro-source/main_source/datasets/sprap_2024_03/id_spr02525/id_spr02525_master_image.nii.gz,Normal,,,,,,,,D:/Backup/Mestrado/dados/JPR/dataset_jpr_train/dataset_jpr_train/1/002525,True
1970,"1,28E+73",jpr_dados,F,68.0,TOSHIBA,201.0,1.0,0.449,0.8,1.0,0.0,True,,,,/home/neuro-source/main_source/datasets/sprap_2024_03/id_spr01970/id_spr01970_master_image.nii.gz,Normal,,,,,,,,D:/Backup/Mestrado/dados/JPR/dataset_jpr_train/dataset_jpr_train/2/001970,True
2063,"1,28E+73",jpr_dados,F,53.0,TOSHIBA,238.0,1.0,0.429,0.8,1.0,0.0,True,,,,/home/neuro-source/main_source/datasets/sprap_2024_03/id_spr02063/id_spr02063_master_image.nii.gz,Normal,,,,,,,,D:/Backup/Mestrado/dados/JPR/dataset_jpr_train/dataset_jpr_train/2/002063,True
1956,"1,28E+73",jpr_dados,F,33.0,Philips,253.0,1.5,0.457031,0.75,1.0,-1024.0,True,,,,/home/neuro-source/main_source/datasets/sprap_2024_03/id_spr01956/id_spr01956_master_image.nii.gz,Normal,,,,,,,,D:/Backup/Mestrado/dados/JPR/dataset_jpr_train/dataset_jpr_train/2/001956,True
1403,"1,28E+73",jpr_dados,M,43.0,SIEMENS,264.0,1.0,0.474609375,0.7,1.0,-1024.0,True,,,,/home/neuro-source/main_source/datasets/sprap_2024_03/id_spr01403/id_spr01403_master_image.nii.gz,Normal,,,,,,,,D:/Backup/Mestrado/dados/JPR/dataset_jpr_train/dataset_jpr_train/2/001403,True
1328,"1,28E+73",jpr_dados,F,41.0,TOSHIBA,213.0,1.0,0.421,0.8000000000000002,1.0,0.0,True,,,,/home/neuro-source/main_source/datasets/sprap_2024_03/id_spr01328/id_spr01328_master_image.nii.gz,Normal,,,,,,,,D:/Backup/Mestrado/dados/JPR/dataset_jpr_train/dataset_jpr_train/2/001328,True
1424,"1,28E+73",jpr_dados,F,32.0,TOSHIBA,201.0,1.0,0.448,0.8,1.0,0.0,True,,,,/home/neuro-source/main_source/datasets/sprap_2024_03/id_spr01424/id_spr01424_master_image.nii.gz,Normal,,,,,,,,D:/Backup/Mestrado/dados/JPR/dataset_jpr_train/dataset_jpr_train/2/001424,True
2181,"1,28E+73",jpr_dados,F,40.0,SIEMENS,260.0,1.0,0.40234375,0.7000000000000001,1.0,-1024.0,True,,,,/home/neuro-source/main_source/datasets/sprap_2024_03/id_spr02181/id_spr02181_master_image.nii.gz,Normal,,,,,,,,D:/Backup/Mestrado/dados/JPR/dataset_jpr_train/dataset_jpr_train/2/002181,True
1988,"1,28E+73",jpr_dados,M,65.0,TOSHIBA,236.0,1.0,0.535,0.8,1.0,0.0,True,,,,/home/neuro-source/main_source/datasets/sprap_2024_03/id_spr01988/id_spr01988_master_image.nii.gz,Normal,,,,,,,,D:/Backup/Mestrado/dados/JPR/dataset_jpr_train/dataset_jpr_train/2/001988,True
1736,"1,28E+73",jpr_dados,F,20.0,SIEMENS,247.0,1.0,0.447265625,0.7,1.0,-1024.0,True,,,,/home/neuro-source/main_source/datasets/sprap_2024_03/id_spr01736/id_spr01736_master_image.nii.gz,Normal,,,,,,,,D:/Backup/Mestrado/dados/JPR/dataset_jpr_train/dataset_jpr_train/2/001736,True
1871,"1,28E+73",jpr_dados,M,22.0,TOSHIBA,222.0,1.0,0.441,0.8,1.0,0.0,True,,,,/home/neuro-source/main_source/datasets/sprap_2024_03/id_spr01871/id_spr01871_master_image.nii.gz,Normal,,,,,,,,D:/Backup/Mestrado/dados/JPR/dataset_jpr_train/dataset_jpr_train/2/001871,True
2505,"1,28E+73",jpr_dados,M,61.0,GE MEDICAL SYSTEMS,269.0,1.25,0.421875,0.625,1.0,-1024.0,True,,,,/home/neuro-source/main_source/datasets/sprap_2024_03/id_spr02505/id_spr02505_master_image.nii.gz,Normal,,,,,,,,D:/Backup/Mestrado/dados/JPR/dataset_jpr_train/dataset_jpr_train/1/002505,True
2062,"1,28E+73",jpr_dados,M,40.0,TOSHIBA,263.0,1.0,0.476,0.8,1.0,0.0,True,,,,/home/neuro-source/main_source/datasets/sprap_2024_03/id_spr02062/id_spr02062_master_image.nii.gz,Normal,,,,,,,,D:/Backup/Mestrado/dados/JPR/dataset_jpr_train/dataset_jpr_train/2/002062,True
2465,"1,28E+73",jpr_dados,F,49.0,GE MEDICAL SYSTEMS,319.0,1.25,0.488281011581,0.625,1.0,-1024.0,True,,,,/home/neuro-source/main_source/datasets/sprap_2024_03/id_spr02465/id_spr02465_master_image.nii.gz,Normal,,,,,,,,D:/Backup/Mestrado/dados/JPR/dataset_jpr_train/dataset_jpr_train/1/002465,True
2408,"1,28E+73",jpr_dados,M,61.0,GE MEDICAL SYSTEMS,265.0,1.25,0.625,0.625,1.0,-1024.0,True,,,,/home/neuro-source/main_source/datasets/sprap_2024_03/id_spr02408/id_spr02408_master_image.nii.gz,Normal,,,,,,,,D:/Backup/Mestrado/dados/JPR/dataset_jpr_train/dataset_jpr_train/1/002408,True
2614,"1,28E+73",jpr_dados,M,66.0,TOSHIBA,238.0,1.0,0.428999990225,0.8,1.0,0.0,True,,,,/home/neuro-source/main_source/datasets/sprap_2024_03/id_spr02614/id_spr02614_master_image.nii.gz,Normal,,,,,,,,D:/Backup/Mestrado/dados/JPR/dataset_jpr_train/dataset_jpr_train/1/002614,True
1435,"1,28E+73",jpr_dados,M,42.0,SIEMENS,258.0,1.0,0.470703125,0.7,1.0,-1024.0,True,,,,/home/neuro-source/main_source/datasets/sprap_2024_03/id_spr01435/id_spr01435_master_image.nii.gz,Normal,,,,,,,,D:/Backup/Mestrado/dados/JPR/dataset_jpr_train/dataset_jpr_train/2/001435,True
2503,"1,28E+72",jpr_dados,M,50.0,GE MEDICAL SYSTEMS,305.0,2.5,0.625,0.625,1.0,-1024.0,True,,,,/home/neuro-source/main_source/datasets/sprap_2024_03/id_spr02503/id_spr02503_master_image.nii.gz,Normal,,,,,,,,D:/Backup/Mestrado/dados/JPR/dataset_jpr_train/dataset_jpr_train/1/002503,True
1352,"1,28E+73",jpr_dados,F,43.0,Philips,231.0,1.5,0.429688,0.75,1.0,-1024.0,True,,,,/home/neuro-source/main_source/datasets/sprap_2024_03/id_spr01352/id_spr01352_master_image.nii.gz,Normal,,,,,,,,D:/Backup/Mestrado/dados/JPR/dataset_jpr_train/dataset_jpr_train/2/001352,True
1819,"1,28E+73",jpr_dados,F,61.0,SIEMENS,223.0,0.75,0.408203125,0.6999999999999998,1.0,-1024.0,True,,,,/home/neuro-source/main_source/datasets/sprap_2024_03/id_spr01819/id_spr01819_master_image.nii.gz,Normal,,,,,,,,D:/Backup/Mestrado/dados/JPR/dataset_jpr_train/dataset_jpr_train/2/001819,True
635,"1,28E+73",jpr_dados,F,30.0,Canon Medical Systems,206.0,2.0,0.556,1.0,1.0,0.0,True,,,,/home/neuro-source/main_source/datasets/sprap_2024_03/id_spr00635/id_spr00635_master_image.nii.gz,Normal,,,,,,,,D:/Backup/Mestrado/dados/JPR/dataset_jpr_train/dataset_jpr_train/3/000635,True
1307,"1,28E+73",jpr_dados,F,52.0,Canon Medical Systems,213.0,1.0,0.448,0.8000000000000002,1.0,0.0,True,,,,/home/neuro-source/main_source/datasets/sprap_2024_03/id_spr01307/id_spr01307_master_image.nii.gz,Normal,,,,,,,,D:/Backup/Mestrado/dados/JPR/dataset_jpr_train/dataset_jpr_train/3/001307,True
1818,"1,28E+73",jpr_dados,M,20.0,TOSHIBA,238.0,1.0,0.395,0.8,1.0,0.0,True,,,,/home/neuro-source/main_source/datasets/sprap_2024_03/id_spr01818/id_spr01818_master_image.nii.gz,Normal,,,,,,,,D:/Backup/Mestrado/dados/JPR/dataset_jpr_train/dataset_jpr_train/2/001818,True
2354,"1,28E+73",jpr_dados,M,73.0,TOSHIBA,244.0,1.0,0.453999996185,0.7999999999999999,1.0,0.0,True,,,,/home/neuro-source/main_source/datasets/sprap_2024_03/id_spr02354/id_spr02354_master_image.nii.gz,Normal,,,,,,,,D:/Backup/Mestrado/dados/JPR/dataset_jpr_train/dataset_jpr_train/2/002354,True
2058,"1,28E+73",jpr_dados,M,34.0,TOSHIBA,244.0,1.0,0.49,0.7999999999999999,1.0,0.0,True,,,,/home/neuro-source/main_source/datasets/sprap_2024_03/id_spr02058/id_spr02058_master_image.nii.gz,Normal,,,,,,,,D:/Backup/Mestrado/dados/JPR/dataset_jpr_train/dataset_jpr_train/2/002058,True
2061,"1,28E+73",jpr_dados,F,28.0,TOSHIBA,232.0,1.0,0.454,0.8,1.0,0.0,True,,,,/home/neuro-source/main_source/datasets/sprap_2024_03/id_spr02061/id_spr02061_master_image.nii.gz,Normal,,,,,,,,D:/Backup/Mestrado/dados/JPR/dataset_jpr_train/dataset_jpr_train/2/002061,True
2344,"1,28E+73",jpr_dados,F,36.0,GE MEDICAL SYSTEMS,260.0,1.25,0.46875,0.625,1.0,-1024.0,True,,,,/home/neuro-source/main_source/datasets/sprap_2024_03/id_spr02344/id_spr02344_master_image.nii.gz,Normal,,,,,,,,D:/Backup/Mestrado/dados/JPR/dataset_jpr_train/dataset_jpr_train/2/002344,True
2583,"1,28E+73",jpr_dados,F,63.0,GE MEDICAL SYSTEMS,285.0,1.25,0.43164101243,0.625,1.0,-1024.0,True,,,,/home/neuro-source/main_source/datasets/sprap_2024_03/id_spr02583/id_spr02583_master_image.nii.gz,Normal,,,,,,,,D:/Backup/Mestrado/dados/JPR/dataset_jpr_train/dataset_jpr_train/1/002583,True
1481,"1,28E+73",jpr_dados,M,44.0,Philips,273.0,1.5,0.501953,0.7500001102941178,1.0,-1024.0,True,,,,/home/neuro-source/main_source/datasets/sprap_2024_03/id_spr01481/id_spr01481_master_image.nii.gz,Normal,,,,,,,,D:/Backup/Mestrado/dados/JPR/dataset_jpr_train/dataset_jpr_train/2/001481,True
1885,"1,28E+73",jpr_dados,F,61.0,TOSHIBA,207.0,1.0,0.429,0.8,1.0,0.0,True,,,,/home/neuro-source/main_source/datasets/sprap_2024_03/id_spr01885/id_spr01885_master_image.nii.gz,Normal,,,,,,,,D:/Backup/Mestrado/dados/JPR/dataset_jpr_train/dataset_jpr_train/2/001885,True
2602,"1,28E+73",jpr_dados,F,76.0,GE MEDICAL SYSTEMS,301.0,1.25,0.488281011581,0.625,1.0,-1024.0,True,,,,/home/neuro-source/main_source/datasets/sprap_2024_03/id_spr02602/id_spr02602_master_image.nii.gz,Normal,,,,,,,,D:/Backup/Mestrado/dados/JPR/dataset_jpr_train/dataset_jpr_train/1/002602,True
1986,"1,28E+73",jpr_dados,M,36.0,TOSHIBA,235.0,1.0,0.498,0.7999999999999999,1.0,0.0,True,,,,/home/neuro-source/main_source/datasets/sprap_2024_03/id_spr01986/id_spr01986_master_image.nii.gz,Normal,,,,,,,,D:/Backup/Mestrado/dados/JPR/dataset_jpr_train/dataset_jpr_train/2/001986,True
2504,"1,28E+73",jpr_dados,M,50.0,GE MEDICAL SYSTEMS,265.0,1.25,0.449218988419,0.625,1.0,-1024.0,True,,,,/home/neuro-source/main_source/datasets/sprap_2024_03/id_spr02504/id_spr02504_master_image.nii.gz,Normal,,,,,,,,D:/Backup/Mestrado/dados/JPR/dataset_jpr_train/dataset_jpr_train/1/002504,True
593,"1,28E+73",jpr_dados,F,25.0,Philips,223.0,1.5,0.451171875,0.7500000018018018,1.0,-1024.0,True,,,,/home/neuro-source/main_source/datasets/sprap_2024_03/id_spr00593/id_spr00593_master_image.nii.gz,Normal,,,,,,,,D:/Backup/Mestrado/dados/JPR/dataset_jpr_train/dataset_jpr_train/3/000593,True
1376,"1,28E+73",jpr_dados,F,51.0,TOSHIBA,394.0,1.0,0.441,0.5,1.0,0.0,True,,,,/home/neuro-source/main_source/datasets/sprap_2024_03/id_spr01376/id_spr01376_master_image.nii.gz,Normal,,,,,,,,D:/Backup/Mestrado/dados/JPR/dataset_jpr_train/dataset_jpr_train/2/001376,True
1680,"1,28E+73",jpr_dados,F,33.0,SIEMENS,267.0,1.0,0.416015625,0.7,1.0,-1024.0,True,,,,/home/neuro-source/main_source/datasets/sprap_2024_03/id_spr01680/id_spr01680_master_image.nii.gz,Normal,,,,,,,,D:/Backup/Mestrado/dados/JPR/dataset_jpr_train/dataset_jpr_train/2/001680,True
1980,"1,28E+73",jpr_dados,M,43.0,SIEMENS,241.0,1.0,0.46875,0.7,1.0,-1024.0,True,,,,/home/neuro-source/main_source/datasets/sprap_2024_03/id_spr01980/id_spr01980_master_image.nii.gz,Normal,,,,,,,,D:/Backup/Mestrado/dados/JPR/dataset_jpr_train/dataset_jpr_train/2/001980,True
426,"1,28E+73",jpr_dados,F,33.0,Philips,210.0,1.5,0.51171875,0.7500000009569378,1.0,-1024.0,True,,,,/home/neuro-source/main_source/datasets/sprap_2024_03/id_spr00426/id_spr00426_master_image.nii.gz,Normal,,,,,,,,D:/Backup/Mestrado/dados/JPR/dataset_jpr_train/dataset_jpr_train/3/000426,True
475,"1,28E+73",jpr_dados,F,47.0,Philips,237.0,1.5,0.498046875,0.75,1.0,-1024.0,True,,,,/home/neuro-source/main_source/datasets/sprap_2024_03/id_spr00475/id_spr00475_master_image.nii.gz,Normal,,,,,,,,D:/Backup/Mestrado/dados/JPR/dataset_jpr_train/dataset_jpr_train/3/000475,True
1444,"1,28E+73",jpr_dados,M,55.0,TOSHIBA,226.0,1.0,0.448,0.8,1.0,0.0,True,,,,/home/neuro-source/main_source/datasets/sprap_2024_03/id_spr01444/id_spr01444_master_image.nii.gz,Normal,,,,,,,,D:/Backup/Mestrado/dados/JPR/dataset_jpr_train/dataset_jpr_train/2/001444,True
1556,"1,28E+73",jpr_dados,F,29.0,TOSHIBA,219.0,1.0,0.445,0.7999999999999999,1.0,0.0,True,,,,/home/neuro-source/main_source/datasets/sprap_2024_03/id_spr01556/id_spr01556_master_image.nii.gz,Normal,,,,,,,,D:/Backup/Mestrado/dados/JPR/dataset_jpr_train/dataset_jpr_train/2/001556,True
1375,"1,28E+73",jpr_dados,M,31.0,TOSHIBA,238.0,1.0,0.523,0.8,1.0,0.0,True,,,,/home/neuro-source/main_source/datasets/sprap_2024_03/id_spr01375/id_spr01375_master_image.nii.gz,Normal,,,,,,,,D:/Backup/Mestrado/dados/JPR/dataset_jpr_train/dataset_jpr_train/2/001375,True
950,"1,28E+73",jpr_dados,F,38.0,GE MEDICAL SYSTEMS,241.0,0.625,0.419922,0.625,1.0,-1024.0,True,,,,/home/neuro-source/main_source/datasets/sprap_2024_03/id_spr00950/id_spr00950_master_image.nii.gz,Normal,,,,,,,,D:/Backup/Mestrado/dados/JPR/dataset_jpr_train/dataset_jpr_train/3/000950,True
2391,"1,28E+73",jpr_dados,F,29.0,GE MEDICAL SYSTEMS,281.0,1.25,0.435546994209,0.625,1.0,-1024.0,True,,,,/home/neuro-source/main_source/datasets/sprap_2024_03/id_spr02391/id_spr02391_master_image.nii.gz,Normal,,,,,,,,,True
1776,"1,28E+73",jpr_dados,M,21.0,Philips,239.0,1.5,0.439453,0.75,1.0,-1024.0,True,,,,/home/neuro-source/main_source/datasets/sprap_2024_03/id_spr01776/id_spr01776_master_image.nii.gz,Normal,,,,,,,,D:/Backup/Mestrado/dados/JPR/dataset_jpr_train/dataset_jpr_train/2/001776,True
2521,"1,28E+73",jpr_dados,F,41.0,GE MEDICAL SYSTEMS,285.0,1.25,0.488281011581,0.625,1.0,-1024.0,True,,,,/home/neuro-source/main_source/datasets/sprap_2024_03/id_spr02521/id_spr02521_master_image.nii.gz,Normal,,,,,,,,D:/Backup/Mestrado/dados/JPR/dataset_jpr_train/dataset_jpr_train/1/002521,True
2138,"1,28E+73",jpr_dados,F,29.0,SIEMENS,253.0,0.75,0.412109375,0.7000000000000002,1.0,-1024.0,True,,,,/home/neuro-source/main_source/datasets/sprap_2024_03/id_spr02138/id_spr02138_master_image.nii.gz,Normal,,,,,,,,D:/Backup/Mestrado/dados/JPR/dataset_jpr_train/dataset_jpr_train/2/002138,True
2141,"1,28E+73",jpr_dados,F,35.0,SIEMENS,253.0,0.75,0.439453125,0.7000000000000002,1.0,-1024.0,True,,,,/home/neuro-source/main_source/datasets/sprap_2024_03/id_spr02141/id_spr02141_master_image.nii.gz,Normal,,,,,,,,D:/Backup/Mestrado/dados/JPR/dataset_jpr_train/dataset_jpr_train/2/002141,True
2587,"1,28E+73",jpr_dados,M,63.0,GE MEDICAL SYSTEMS,277.0,1.25,0.42773398757,0.625,1.0,-1024.0,True,,,,/home/neuro-source/main_source/datasets/sprap_2024_03/id_spr02587/id_spr02587_master_image.nii.gz,Normal,,,,,,,,D:/Backup/Mestrado/dados/JPR/dataset_jpr_train/dataset_jpr_train/1/002587,True
1569,"1,28E+73",jpr_dados,F,52.0,TOSHIBA,213.0,1.0,0.456,0.8000000000000002,1.0,0.0,True,,,,/home/neuro-source/main_source/datasets/sprap_2024_03/id_spr01569/id_spr01569_master_image.nii.gz,Normal,,,,,,,,D:/Backup/Mestrado/dados/JPR/dataset_jpr_train/dataset_jpr_train/2/001569,True
2569,"1,28E+73",jpr_dados,F,69.0,GE MEDICAL SYSTEMS,295.0,1.25,0.601562023163,0.625,1.0,-1024.0,True,,,,/home/neuro-source/main_source/datasets/sprap_2024_03/id_spr02569/id_spr02569_master_image.nii.gz,Normal,,,,,,,,D:/Backup/Mestrado/dados/JPR/dataset_jpr_train/dataset_jpr_train/1/002569,True
2368,"1,28E+73",jpr_dados,M,63.0,GE MEDICAL SYSTEMS,305.0,2.5,0.507812023163,0.625,1.0,-1024.0,True,,,,/home/neuro-source/main_source/datasets/sprap_2024_03/id_spr02368/id_spr02368_master_image.nii.gz,Normal,,,,,,,,D:/Backup/Mestrado/dados/JPR/dataset_jpr_train/dataset_jpr_train/1/002368,True
1378,"1,28E+73",jpr_dados,F,33.0,Philips,245.0,1.5,0.447266,0.75,1.0,-1024.0,True,,,,/home/neuro-source/main_source/datasets/sprap_2024_03/id_spr01378/id_spr01378_master_image.nii.gz,Normal,,,,,,,,D:/Backup/Mestrado/dados/JPR/dataset_jpr_train/dataset_jpr_train/2/001378,True
1960,"1,28E+73",jpr_dados,M,42.0,TOSHIBA,263.0,1.0,0.422,0.8,1.0,0.0,True,,,,/home/neuro-source/main_source/datasets/sprap_2024_03/id_spr01960/id_spr01960_master_image.nii.gz,Normal,,,,,,,,D:/Backup/Mestrado/dados/JPR/dataset_jpr_train/dataset_jpr_train/2/001960,True
2144,"1,28E+73",jpr_dados,F,31.0,SIEMENS,273.0,0.75,0.474609375,0.7000000000000002,1.0,-1024.0,True,,,,/home/neuro-source/main_source/datasets/sprap_2024_03/id_spr02144/id_spr02144_master_image.nii.gz,Normal,,,,,,,,D:/Backup/Mestrado/dados/JPR/dataset_jpr_train/dataset_jpr_train/2/002144,True
1799,"1,28E+73",jpr_dados,F,50.0,TOSHIBA,213.0,1.0,0.429,0.8000000000000002,1.0,0.0,True,,,,/home/neuro-source/main_source/datasets/sprap_2024_03/id_spr01799/id_spr01799_master_image.nii.gz,Normal,,,,,,,,D:/Backup/Mestrado/dados/JPR/dataset_jpr_train/dataset_jpr_train/2/001799,True
2460,"1,28E+73",jpr_dados,F,45.0,TOSHIBA,226.0,1.0,0.430000007153,0.8,1.0,0.0,True,,,,/home/neuro-source/main_source/datasets/sprap_2024_03/id_spr02460/id_spr02460_master_image.nii.gz,Normal,,,,,,,,D:/Backup/Mestrado/dados/JPR/dataset_jpr_train/dataset_jpr_train/1/002460,True
1336,"1,28E+73",jpr_dados,F,68.0,TOSHIBA,226.0,1.0,0.434,0.8,1.0,0.0,True,,,,/home/neuro-source/main_source/datasets/sprap_2024_03/id_spr01336/id_spr01336_master_image.nii.gz,Normal,,,,,,,,D:/Backup/Mestrado/dados/JPR/dataset_jpr_train/dataset_jpr_train/2/001336,True
2566,"1,28E+73",jpr_dados,M,77.0,GE MEDICAL SYSTEMS,307.0,1.25,0.45898398757,0.625,1.0,-1024.0,True,,,,/home/neuro-source/main_source/datasets/sprap_2024_03/id_spr02566/id_spr02566_master_image.nii.gz,Normal,,,,,,,,D:/Backup/Mestrado/dados/JPR/dataset_jpr_train/dataset_jpr_train/1/002566,True
1964,"1,28E+73",jpr_dados,F,39.0,TOSHIBA,257.0,1.0,0.483,0.7999999999999998,1.0,0.0,True,,,,/home/neuro-source/main_source/datasets/sprap_2024_03/id_spr01964/id_spr01964_master_image.nii.gz,Normal,,,,,,,,D:/Backup/Mestrado/dados/JPR/dataset_jpr_train/dataset_jpr_train/2/001964,True
2183,"1,28E+73",jpr_dados,F,49.0,SIEMENS,228.0,1.0,0.41015625,0.7000000000000002,1.0,-1024.0,True,,,,/home/neuro-source/main_source/datasets/sprap_2024_03/id_spr02183/id_spr02183_master_image.nii.gz,Normal,,,,,,,,D:/Backup/Mestrado/dados/JPR/dataset_jpr_train/dataset_jpr_train/2/002183,True
2059,"1,28E+73",jpr_dados,F,23.0,TOSHIBA,207.0,1.0,0.429,0.8,1.0,0.0,True,,,,/home/neuro-source/main_source/datasets/sprap_2024_03/id_spr02059/id_spr02059_master_image.nii.gz,Normal,,,,,,,,D:/Backup/Mestrado/dados/JPR/dataset_jpr_train/dataset_jpr_train/2/002059,True
1671,"1,28E+72",jpr_dados,F,55.0,TOSHIBA,226.0,1.0,0.449,0.8,1.0,0.0,True,,,,/home/neuro-source/main_source/datasets/sprap_2024_03/id_spr01671/id_spr01671_master_image.nii.gz,Normal,,,,,,,,D:/Backup/Mestrado/dados/JPR/dataset_jpr_train/dataset_jpr_train/2/001671,True
486,"1,28E+73",jpr_dados,F,33.0,GE MEDICAL SYSTEMS,206.0,2.5,0.488281,1.0,1.0,-1024.0,True,,,,/home/neuro-source/main_source/datasets/sprap_2024_03/id_spr00486/id_spr00486_master_image.nii.gz,Normal,,,,,,,,D:/Backup/Mestrado/dados/JPR/dataset_jpr_train/dataset_jpr_train/3/000486,True
1722,"1,28E+73",jpr_dados,M,51.0,TOSHIBA,213.0,1.0,0.399,0.8000000000000002,1.0,0.0,True,,,,/home/neuro-source/main_source/datasets/sprap_2024_03/id_spr01722/id_spr01722_master_image.nii.gz,Normal,,,,,,,,D:/Backup/Mestrado/dados/JPR/dataset_jpr_train/dataset_jpr_train/2/001722,True
1886,"1,28E+73",jpr_dados,M,45.0,TOSHIBA,226.0,1.0,0.463,0.8,1.0,0.0,True,,,,/home/neuro-source/main_source/datasets/sprap_2024_03/id_spr01886/id_spr01886_master_image.nii.gz,Normal,,,,,,,,D:/Backup/Mestrado/dados/JPR/dataset_jpr_train/dataset_jpr_train/2/001886,True
1968,"1,28E+73",jpr_dados,M,48.0,TOSHIBA,244.0,1.0,0.473,0.7999999999999999,1.0,0.0,True,,,,/home/neuro-source/main_source/datasets/sprap_2024_03/id_spr01968/id_spr01968_master_image.nii.gz,Normal,,,,,,,,D:/Backup/Mestrado/dados/JPR/dataset_jpr_train/dataset_jpr_train/2/001968,True
2140,"1,28E+73",jpr_dados,F,43.0,SIEMENS,258.0,0.75,0.462890625,0.7,1.0,-1024.0,True,,,,/home/neuro-source/main_source/datasets/sprap_2024_03/id_spr02140/id_spr02140_master_image.nii.gz,Normal,,,,,,,,D:/Backup/Mestrado/dados/JPR/dataset_jpr_train/dataset_jpr_train/2/002140,True
1668,"1,28E+72",jpr_dados,F,33.0,SIEMENS,246.0,1.0,0.419921875,0.7,1.0,-1024.0,True,,,,/home/neuro-source/main_source/datasets/sprap_2024_03/id_spr01668/id_spr01668_master_image.nii.gz,Normal,,,,,,,,D:/Backup/Mestrado/dados/JPR/dataset_jpr_train/dataset_jpr_train/2/001668,True
2463,"1,28E+73",jpr_dados,F,46.0,GE MEDICAL SYSTEMS,241.0,1.25,0.488281011581,0.625,1.0,-1024.0,True,,,,/home/neuro-source/main_source/datasets/sprap_2024_03/id_spr02463/id_spr02463_master_image.nii.gz,Normal,,,,,,,,D:/Backup/Mestrado/dados/JPR/dataset_jpr_train/dataset_jpr_train/1/002463,True
1470,"1,28E+73",jpr_dados,M,32.0,TOSHIBA,393.0,1.0,0.449,0.5,1.0,0.0,True,,,,/home/neuro-source/main_source/datasets/sprap_2024_03/id_spr01470/id_spr01470_master_image.nii.gz,Normal,,,,,,,,D:/Backup/Mestrado/dados/JPR/dataset_jpr_train/dataset_jpr_train/2/001470,True
2557,"1,28E+73",jpr_dados,F,77.0,GE MEDICAL SYSTEMS,275.0,1.25,0.41210898757,0.625,1.0,-1024.0,True,,,,/home/neuro-source/main_source/datasets/sprap_2024_03/id_spr02557/id_spr02557_master_image.nii.gz,Normal,,,,,,,,D:/Backup/Mestrado/dados/JPR/dataset_jpr_train/dataset_jpr_train/1/002557,True
1108,"1,28E+73",jpr_dados,M,40.0,TOSHIBA,216.0,1.0,0.485,1.0,1.0,0.0,True,,,,/home/neuro-source/main_source/datasets/sprap_2024_03/id_spr01108/id_spr01108_master_image.nii.gz,Normal,,,,,,,,D:/Backup/Mestrado/dados/JPR/dataset_jpr_train/dataset_jpr_train/3/001108,True
1812,"1,28E+73",jpr_dados,F,45.0,TOSHIBA,217.0,1.0,0.41,0.8,1.0,0.0,True,,,,/home/neuro-source/main_source/datasets/sprap_2024_03/id_spr01812/id_spr01812_master_image.nii.gz,Normal,,,,,,,,D:/Backup/Mestrado/dados/JPR/dataset_jpr_train/dataset_jpr_train/2/001812,True
1422,"1,28E+73",jpr_dados,F,26.0,TOSHIBA,217.0,1.0,0.448,0.7999999999999998,1.0,0.0,True,,,,/home/neuro-source/main_source/datasets/sprap_2024_03/id_spr01422/id_spr01422_master_image.nii.gz,Normal,,,,,,,,D:/Backup/Mestrado/dados/JPR/dataset_jpr_train/dataset_jpr_train/2/001422,True
2603,"1,28E+73",jpr_dados,M,60.0,GE MEDICAL SYSTEMS,281.0,1.25,0.43164101243,0.625,1.0,-1024.0,True,,,,/home/neuro-source/main_source/datasets/sprap_2024_03/id_spr02603/id_spr02603_master_image.nii.gz,Normal,,,,,,,,D:/Backup/Mestrado/dados/JPR/dataset_jpr_train/dataset_jpr_train/1/002603,True
1664,"1,28E+73",jpr_dados,F,36.0,TOSHIBA,213.0,1.0,0.395,0.8000000000000002,1.0,0.0,True,,,,/home/neuro-source/main_source/datasets/sprap_2024_03/id_spr01664/id_spr01664_master_image.nii.gz,Normal,,,,,,,,D:/Backup/Mestrado/dados/JPR/dataset_jpr_train/dataset_jpr_train/2/001664,True
2330,"1,28E+73",jpr_dados,F,18.0,TOSHIBA,213.0,1.0,0.413,0.8000000000000002,1.0,0.0,True,,,,/home/neuro-source/main_source/datasets/sprap_2024_03/id_spr02330/id_spr02330_master_image.nii.gz,Normal,,,,,,,,D:/Backup/Mestrado/dados/JPR/dataset_jpr_train/dataset_jpr_train/2/002330,True
745,"1,28E+73",jpr_dados,M,24.0,Philips,235.0,1.5,0.48828125,0.75,1.0,-1024.0,True,,,,/home/neuro-source/main_source/datasets/sprap_2024_03/id_spr00745/id_spr00745_master_image.nii.gz,Normal,,,,,,,,D:/Backup/Mestrado/dados/JPR/dataset_jpr_train/dataset_jpr_train/3/000745,True
2508,"1,28E+73",jpr_dados,M,62.0,GE MEDICAL SYSTEMS,289.0,2.5,0.42773398757,0.625,1.0,-1024.0,True,,,,/home/neuro-source/main_source/datasets/sprap_2024_03/id_spr02508/id_spr02508_master_image.nii.gz,Normal,,,,,,,,D:/Backup/Mestrado/dados/JPR/dataset_jpr_train/dataset_jpr_train/1/002508,True
1973,"1,28E+73",jpr_dados,F,56.0,TOSHIBA,201.0,1.0,0.449,0.8,1.0,0.0,True,,,,/home/neuro-source/main_source/datasets/sprap_2024_03/id_spr01973/id_spr01973_master_image.nii.gz,Normal,,,,,,,,D:/Backup/Mestrado/dados/JPR/dataset_jpr_train/dataset_jpr_train/2/001973,True
1841,"1,28E+73",jpr_dados,M,37.0,TOSHIBA,213.0,1.0,0.43,0.8000000000000002,1.0,0.0,True,,,,/home/neuro-source/main_source/datasets/sprap_2024_03/id_spr01841/id_spr01841_master_image.nii.gz,Normal,,,,,,,,D:/Backup/Mestrado/dados/JPR/dataset_jpr_train/dataset_jpr_train/2/001841,True
1798,"1,28E+72",jpr_dados,M,21.0,GE MEDICAL SYSTEMS,265.0,0.625,0.447266,0.625,1.0,-1024.0,True,,,,/home/neuro-source/main_source/datasets/sprap_2024_03/id_spr01798/id_spr01798_master_image.nii.gz,Normal,,,,,,,,D:/Backup/Mestrado/dados/JPR/dataset_jpr_train/dataset_jpr_train/2/001798,True
1616,"1,28E+73",jpr_dados,M,48.0,TOSHIBA,219.0,1.0,0.446,0.7999999999999999,1.0,0.0,True,,,,/home/neuro-source/main_source/datasets/sprap_2024_03/id_spr01616/id_spr01616_master_image.nii.gz,Normal,,,,,,,,D:/Backup/Mestrado/dados/JPR/dataset_jpr_train/dataset_jpr_train/2/001616,True
1752,"1,28E+73",jpr_dados,F,38.0,TOSHIBA,226.0,1.0,0.43,0.8,1.0,0.0,True,,,,/home/neuro-source/main_source/datasets/sprap_2024_03/id_spr01752/id_spr01752_master_image.nii.gz,Normal,,,,,,,,D:/Backup/Mestrado/dados/JPR/dataset_jpr_train/dataset_jpr_train/2/001752,True
1781,"1,28E+73",jpr_dados,F,39.0,TOSHIBA,213.0,1.0,0.422,0.8000000000000002,1.0,0.0,True,,,,/home/neuro-source/main_source/datasets/sprap_2024_03/id_spr01781/id_spr01781_master_image.nii.gz,Normal,,,,,,,,D:/Backup/Mestrado/dados/JPR/dataset_jpr_train/dataset_jpr_train/2/001781,True
1716,"1,28E+73",jpr_dados,M,45.0,Philips,276.0,1.5,0.503906,0.75,1.0,-1024.0,True,,,,/home/neuro-source/main_source/datasets/sprap_2024_03/id_spr01716/id_spr01716_master_image.nii.gz,Normal,,,,,,,,D:/Backup/Mestrado/dados/JPR/dataset_jpr_train/dataset_jpr_train/2/001716,True
2435,"1,28E+73",jpr_dados,F,42.0,GE MEDICAL SYSTEMS,281.0,1.25,0.45898398757,0.625,1.0,-1024.0,True,,,,/home/neuro-source/main_source/datasets/sprap_2024_03/id_spr02435/id_spr02435_master_image.nii.gz,Normal,,,,,,,,D:/Backup/Mestrado/dados/JPR/dataset_jpr_train/dataset_jpr_train/1/002435,True
2582,"1,28E+73",jpr_dados,F,51.0,GE MEDICAL SYSTEMS,265.0,1.25,0.40039101243,0.625,1.0,-1024.0,True,,,,/home/neuro-source/main_source/datasets/sprap_2024_03/id_spr02582/id_spr02582_master_image.nii.gz,Normal,,,,,,,,D:/Backup/Mestrado/dados/JPR/dataset_jpr_train/dataset_jpr_train/1/002582,True
1756,"1,28E+73",jpr_dados,F,35.0,TOSHIBA,207.0,1.0,0.429,0.7999999999999998,1.0,0.0,True,,,,/home/neuro-source/main_source/datasets/sprap_2024_03/id_spr01756/id_spr01756_master_image.nii.gz,Normal,,,,,,,,D:/Backup/Mestrado/dados/JPR/dataset_jpr_train/dataset_jpr_train/2/001756,True
2192,"1,28E+73",jpr_dados,F,63.0,SIEMENS,249.0,1.0,0.43359375,0.6999999999999996,1.0,-1024.0,True,,,,/home/neuro-source/main_source/datasets/sprap_2024_03/id_spr02192/id_spr02192_master_image.nii.gz,Normal,,,,,,,,D:/Backup/Mestrado/dados/JPR/dataset_jpr_train/dataset_jpr_train/2/002192,True
2196,"1,28E+73",jpr_dados,F,54.0,SIEMENS,249.0,1.0,0.46875,0.6999999999999996,1.0,-1024.0,True,,,,/home/neuro-source/main_source/datasets/sprap_2024_03/id_spr02196/id_spr02196_master_image.nii.gz,Normal,,,,,,,,D:/Backup/Mestrado/dados/JPR/dataset_jpr_train/dataset_jpr_train/2/002196,True
2018,"1,28E+73",jpr_dados,M,25.0,TOSHIBA,226.0,1.0,0.448,0.8,1.0,0.0,True,,,,/home/neuro-source/main_source/datasets/sprap_2024_03/id_spr02018/id_spr02018_master_image.nii.gz,Normal,,,,,,,,D:/Backup/Mestrado/dados/JPR/dataset_jpr_train/dataset_jpr_train/2/002018,True
2064,"1,28E+73",jpr_dados,F,34.0,TOSHIBA,232.0,1.0,0.429,0.8,1.0,0.0,True,,,,/home/neuro-source/main_source/datasets/sprap_2024_03/id_spr02064/id_spr02064_master_image.nii.gz,Normal,,,,,,,,D:/Backup/Mestrado/dados/JPR/dataset_jpr_train/dataset_jpr_train/2/002064,True
1981,"1,28E+73",jpr_dados,M,23.0,TOSHIBA,244.0,1.0,0.473,0.8000000000000004,1.0,0.0,True,,,,/home/neuro-source/main_source/datasets/sprap_2024_03/id_spr01981/id_spr01981_master_image.nii.gz,Normal,,,,,,,,D:/Backup/Mestrado/dados/JPR/dataset_jpr_train/dataset_jpr_train/2/001981,True
1913,"1,28E+73",jpr_dados,F,34.0,Philips,237.0,1.5,0.425781,0.7500041398305084,1.0,-1024.0,True,,,,/home/neuro-source/main_source/datasets/sprap_2024_03/id_spr01913/id_spr01913_master_image.nii.gz,Normal,,,,,,,,D:/Backup/Mestrado/dados/JPR/dataset_jpr_train/dataset_jpr_train/2/001913,True
1911,"1,28E+73",jpr_dados,F,50.0,Canon Medical Systems,238.0,1.0,0.454,0.8,1.0,0.0,True,,,,/home/neuro-source/main_source/datasets/sprap_2024_03/id_spr01911/id_spr01911_master_image.nii.gz,Normal,,,,,,,,D:/Backup/Mestrado/dados/JPR/dataset_jpr_train/dataset_jpr_train/2/001911,True
816,"1,28E+73",jpr_dados,F,33.0,Canon Medical Systems,211.0,2.0,0.583,1.0,1.0,0.0,True,,,,/home/neuro-source/main_source/datasets/sprap_2024_03/id_spr00816/id_spr00816_master_image.nii.gz,Normal,,,,,,,,D:/Backup/Mestrado/dados/JPR/dataset_jpr_train/dataset_jpr_train/3/000816,True
2390,"1,28E+72",jpr_dados,F,52.0,GE MEDICAL SYSTEMS,327.0,1.25,0.488281011581,0.625,1.0,-1024.0,True,,,,/home/neuro-source/main_source/datasets/sprap_2024_03/id_spr02390/id_spr02390_master_image.nii.gz,Normal,,,,,,,,D:/Backup/Mestrado/dados/JPR/dataset_jpr_train/dataset_jpr_train/1/002390,True
1320,"1,28E+73",jpr_dados,M,44.0,TOSHIBA,238.0,1.0,0.454,0.8,1.0,0.0,True,,,,/home/neuro-source/main_source/datasets/sprap_2024_03/id_spr01320/id_spr01320_master_image.nii.gz,Normal,,,,,,,,D:/Backup/Mestrado/dados/JPR/dataset_jpr_train/dataset_jpr_train/2/001320,True
2020,"1,28E+73",jpr_dados,M,33.0,TOSHIBA,213.0,1.0,0.449,0.8000000000000002,1.0,0.0,True,,,,/home/neuro-source/main_source/datasets/sprap_2024_03/id_spr02020/id_spr02020_master_image.nii.gz,Normal,,,,,,,,D:/Backup/Mestrado/dados/JPR/dataset_jpr_train/dataset_jpr_train/2/002020,True
2548,"1,28E+73",jpr_dados,F,70.0,GE MEDICAL SYSTEMS,289.0,2.5,0.43164101243,0.625,1.0,-1024.0,True,,,,/home/neuro-source/main_source/datasets/sprap_2024_03/id_spr02548/id_spr02548_master_image.nii.gz,Normal,,,,,,,,D:/Backup/Mestrado/dados/JPR/dataset_jpr_train/dataset_jpr_train/1/002548,True
2619,"1,28E+72",jpr_dados,F,80.0,GE MEDICAL SYSTEMS,297.0,1.25,0.488281011581,0.625,1.0,-1024.0,True,,,,/home/neuro-source/main_source/datasets/sprap_2024_03/id_spr02619/id_spr02619_master_image.nii.gz,Normal,,,,,,,,D:/Backup/Mestrado/dados/JPR/dataset_jpr_train/dataset_jpr_train/1/002619,True
1468,"1,28E+73",jpr_dados,M,48.0,GE MEDICAL SYSTEMS,232.0,1.25,0.488281,0.8,1.0,-1024.0,True,,,,/home/neuro-source/main_source/datasets/sprap_2024_03/id_spr01468/id_spr01468_master_image.nii.gz,Normal,,,,,,,,D:/Backup/Mestrado/dados/JPR/dataset_jpr_train/dataset_jpr_train/2/001468,True
2616,"1,28E+73",jpr_dados,F,63.0,GE MEDICAL SYSTEMS,321.0,1.25,0.529296994209,0.625,1.0,-1024.0,True,,,,/home/neuro-source/main_source/datasets/sprap_2024_03/id_spr02616/id_spr02616_master_image.nii.gz,Normal,,,,,,,,D:/Backup/Mestrado/dados/JPR/dataset_jpr_train/dataset_jpr_train/1/002616,True
2005,"1,28E+73",jpr_dados,M,61.0,TOSHIBA,237.0,1.0,0.52,0.8,1.0,0.0,True,,,,/home/neuro-source/main_source/datasets/sprap_2024_03/id_spr02005/id_spr02005_master_image.nii.gz,Normal,,,,,,,,D:/Backup/Mestrado/dados/JPR/dataset_jpr_train/dataset_jpr_train/2/002005,True
2296,"1,28E+73",jpr_dados,M,45.0,TOSHIBA,201.0,2.0,0.466,1.0,1.0,0.0,True,,,,/home/neuro-source/main_source/datasets/sprap_2024_03/id_spr02296/id_spr02296_master_image.nii.gz,Normal,,,,,,,,D:/Backup/Mestrado/dados/JPR/dataset_jpr_train/dataset_jpr_train/2/002296,True
1011,"1,28E+73",jpr_dados,F,53.0,Canon Medical Systems,221.0,2.0,0.485,1.0,1.0,0.0,True,,,,/home/neuro-source/main_source/datasets/sprap_2024_03/id_spr01011/id_spr01011_master_image.nii.gz,Normal,,,,,,,,D:/Backup/Mestrado/dados/JPR/dataset_jpr_train/dataset_jpr_train/3/001011,True
423,"1,28E+73",jpr_dados,M,24.0,Canon Medical Systems,216.0,2.0,0.633,1.0,1.0,0.0,True,,,,/home/neuro-source/main_source/datasets/sprap_2024_03/id_spr00423/id_spr00423_master_image.nii.gz,Normal,,,,,,,,D:/Backup/Mestrado/dados/JPR/dataset_jpr_train/dataset_jpr_train/3/000423,True
1969,"1,28E+73",jpr_dados,M,39.0,Canon Medical Systems,219.0,1.0,0.41,0.7999999999999999,1.0,0.0,True,,,,/home/neuro-source/main_source/datasets/sprap_2024_03/id_spr01969/id_spr01969_master_image.nii.gz,Normal,,,,,,,,D:/Backup/Mestrado/dados/JPR/dataset_jpr_train/dataset_jpr_train/2/001969,True
878,"1,28E+73",jpr_dados,M,40.0,Philips,257.0,1.5,0.48828125,0.75,1.0,-1024.0,True,,,,/home/neuro-source/main_source/datasets/sprap_2024_03/id_spr00878/id_spr00878_master_image.nii.gz,Normal,,,,,,,,D:/Backup/Mestrado/dados/JPR/dataset_jpr_train/dataset_jpr_train/3/000878,True
2512,"1,28E+73",jpr_dados,F,48.0,GE MEDICAL SYSTEMS,293.0,1.25,0.488281011581,0.625,1.0,-1024.0,True,,,,/home/neuro-source/main_source/datasets/sprap_2024_03/id_spr02512/id_spr02512_master_image.nii.gz,Normal,,,,,,,,D:/Backup/Mestrado/dados/JPR/dataset_jpr_train/dataset_jpr_train/1/002512,True
2136,"1,28E+73",jpr_dados,F,26.0,SIEMENS,245.0,0.75,0.41796875,0.6999999999999998,1.0,-1024.0,True,,,,/home/neuro-source/main_source/datasets/sprap_2024_03/id_spr02136/id_spr02136_master_image.nii.gz,Normal,,,,,,,,D:/Backup/Mestrado/dados/JPR/dataset_jpr_train/dataset_jpr_train/2/002136,True
1014,"1,28E+73",jpr_dados,F,40.0,GE MEDICAL SYSTEMS,514.0,0.625,0.529297,0.3118908382066276,1.0,-1024.0,True,,,,/home/neuro-source/main_source/datasets/sprap_2024_03/id_spr01014/id_spr01014_master_image.nii.gz,Normal,,,,,,,,D:/Backup/Mestrado/dados/JPR/dataset_jpr_train/dataset_jpr_train/3/001014,True
794,"1,28E+73",jpr_dados,F,22.0,Philips,213.0,1.5,0.443359375,0.75,1.0,-1024.0,True,,,,/home/neuro-source/main_source/datasets/sprap_2024_03/id_spr00794/id_spr00794_master_image.nii.gz,Normal,,,,,,,,D:/Backup/Mestrado/dados/JPR/dataset_jpr_train/dataset_jpr_train/3/000794,True
940,"1,28E+73",jpr_dados,M,25.0,Canon Medical Systems,226.0,1.0,0.576,1.0,1.0,0.0,True,,,,/home/neuro-source/main_source/datasets/sprap_2024_03/id_spr00940/id_spr00940_master_image.nii.gz,Normal,,,,,,,,D:/Backup/Mestrado/dados/JPR/dataset_jpr_train/dataset_jpr_train/3/000940,True
1925,"1,28E+73",jpr_dados,F,27.0,Canon Medical Systems,213.0,1.0,0.448,0.8000000000000002,1.0,0.0,True,,,,/home/neuro-source/main_source/datasets/sprap_2024_03/id_spr01925/id_spr01925_master_image.nii.gz,Normal,,,,,,,,D:/Backup/Mestrado/dados/JPR/dataset_jpr_train/dataset_jpr_train/2/001925,True
846,"1,28E+73",jpr_dados,F,39.0,Philips,232.0,1.5,0.453125,0.7499999982683982,1.0,-1024.0,True,,,,/home/neuro-source/main_source/datasets/sprap_2024_03/id_spr00846/id_spr00846_master_image.nii.gz,Normal,,,,,,,,D:/Backup/Mestrado/dados/JPR/dataset_jpr_train/dataset_jpr_train/3/000846,True
2601,"1,28E+73",jpr_dados,F,74.0,GE MEDICAL SYSTEMS,265.0,1.25,0.404296994209,0.625,1.0,-1024.0,True,,,,/home/neuro-source/main_source/datasets/sprap_2024_03/id_spr02601/id_spr02601_master_image.nii.gz,Normal,,,,,,,,,True
1728,"1,28E+73",jpr_dados,F,50.0,TOSHIBA,201.0,1.0,0.434,0.8,1.0,0.0,True,,,,/home/neuro-source/main_source/datasets/sprap_2024_03/id_spr01728/id_spr01728_master_image.nii.gz,Normal,,,,,,,,D:/Backup/Mestrado/dados/JPR/dataset_jpr_train/dataset_jpr_train/2/001728,True
2169,"1,28E+73",jpr_dados,M,53.0,SIEMENS,228.0,1.0,0.419921875,0.7000000000000001,1.0,-1024.0,True,,,,/home/neuro-source/main_source/datasets/sprap_2024_03/id_spr02169/id_spr02169_master_image.nii.gz,Normal,,,,,,,,D:/Backup/Mestrado/dados/JPR/dataset_jpr_train/dataset_jpr_train/2/002169,True
2551,"1,28E+73",jpr_dados,F,64.0,GE MEDICAL SYSTEMS,279.0,1.25,0.41601601243,0.625,1.0,-1024.0,True,,,,/home/neuro-source/main_source/datasets/sprap_2024_03/id_spr02551/id_spr02551_master_image.nii.gz,Normal,,,,,,,,D:/Backup/Mestrado/dados/JPR/dataset_jpr_train/dataset_jpr_train/1/002551,True
1775,"1,28E+73",jpr_dados,M,30.0,TOSHIBA,201.0,2.0,0.429,1.0,1.0,0.0,True,,,,/home/neuro-source/main_source/datasets/sprap_2024_03/id_spr01775/id_spr01775_master_image.nii.gz,Normal,,,,,,,,D:/Backup/Mestrado/dados/JPR/dataset_jpr_train/dataset_jpr_train/2/001775,True
1560,"1,28E+73",jpr_dados,F,32.0,TOSHIBA,307.0,1.0,0.456,0.8,1.0,0.0,True,,,,/home/neuro-source/main_source/datasets/sprap_2024_03/id_spr01560/id_spr01560_master_image.nii.gz,Normal,,,,,,,,D:/Backup/Mestrado/dados/JPR/dataset_jpr_train/dataset_jpr_train/2/001560,True
1258,"1,28E+73",jpr_dados,F,28.0,Canon Medical Systems,201.0,2.0,0.429,1.0,1.0,0.0,True,,,,/home/neuro-source/main_source/datasets/sprap_2024_03/id_spr01258/id_spr01258_master_image.nii.gz,Normal,,,,,,,,D:/Backup/Mestrado/dados/JPR/dataset_jpr_train/dataset_jpr_train/3/001258,True
2355,"1,28E+73",jpr_dados,F,50.0,GE MEDICAL SYSTEMS,606.0,1.25,0.44726601243,0.0671487603305785,1.0,-1024.0,True,,,,/home/neuro-source/main_source/datasets/sprap_2024_03/id_spr02355/id_spr02355_master_image.nii.gz,Normal,,,,,,,,D:/Backup/Mestrado/dados/JPR/dataset_jpr_train/dataset_jpr_train/2/002355,True
2417,"1,28E+72",jpr_dados,F,64.0,GE MEDICAL SYSTEMS,241.0,1.25,0.623046994209,0.625,1.0,-1024.0,True,,,,/home/neuro-source/main_source/datasets/sprap_2024_03/id_spr02417/id_spr02417_master_image.nii.gz,Normal,,,,,,,,D:/Backup/Mestrado/dados/JPR/dataset_jpr_train/dataset_jpr_train/1/002417,True
2373,"1,28E+73",jpr_dados,M,74.0,GE MEDICAL SYSTEMS,295.0,1.25,0.466796994209,0.625,1.0,-1024.0,True,,,,/home/neuro-source/main_source/datasets/sprap_2024_03/id_spr02373/id_spr02373_master_image.nii.gz,Normal,,,,,,,,D:/Backup/Mestrado/dados/JPR/dataset_jpr_train/dataset_jpr_train/1/002373,True
1780,"1,28E+73",jpr_dados,M,22.0,TOSHIBA,226.0,1.0,0.395,0.8,1.0,0.0,True,,,,/home/neuro-source/main_source/datasets/sprap_2024_03/id_spr01780/id_spr01780_master_image.nii.gz,Normal,,,,,,,,D:/Backup/Mestrado/dados/JPR/dataset_jpr_train/dataset_jpr_train/2/001780,True
2518,"1,28E+73",jpr_dados,F,61.0,GE MEDICAL SYSTEMS,289.0,1.25,0.488281011581,0.625,1.0,-1024.0,True,,,,/home/neuro-source/main_source/datasets/sprap_2024_03/id_spr02518/id_spr02518_master_image.nii.gz,Normal,,,,,,,,D:/Backup/Mestrado/dados/JPR/dataset_jpr_train/dataset_jpr_train/1/002518,True
666,"1,28E+73",jpr_dados,F,28.0,Philips,206.0,2.0,0.451171875,1.0,1.0,-1024.0,True,,,,/home/neuro-source/main_source/datasets/sprap_2024_03/id_spr00666/id_spr00666_master_image.nii.gz,Normal,,,,,,,,D:/Backup/Mestrado/dados/JPR/dataset_jpr_train/dataset_jpr_train/3/000666,True
1806,"1,28E+73",jpr_dados,M,34.0,GE MEDICAL SYSTEMS,201.0,1.25,0.488281,1.0,1.0,-1024.0,True,,,,/home/neuro-source/main_source/datasets/sprap_2024_03/id_spr01806/id_spr01806_master_image.nii.gz,Normal,,,,,,,,D:/Backup/Mestrado/dados/JPR/dataset_jpr_train/dataset_jpr_train/2/001806,True
594,"1,28E+73",jpr_dados,F,27.0,Philips,212.0,1.5,0.49609375,0.7500000009478672,1.0,-1024.0,True,,,,/home/neuro-source/main_source/datasets/sprap_2024_03/id_spr00594/id_spr00594_master_image.nii.gz,Normal,,,,,,,,D:/Backup/Mestrado/dados/JPR/dataset_jpr_train/dataset_jpr_train/3/000594,True
2202,"1,28E+73",jpr_dados,F,34.0,TOSHIBA,238.0,1.0,0.434,0.8,1.0,0.0,True,,,,/home/neuro-source/main_source/datasets/sprap_2024_03/id_spr02202/id_spr02202_master_image.nii.gz,Normal,,,,,,,,D:/Backup/Mestrado/dados/JPR/dataset_jpr_train/dataset_jpr_train/2/002202,True
1974,"1,28E+73",jpr_dados,F,34.0,TOSHIBA,207.0,1.0,0.449,0.8,1.0,0.0,True,,,,/home/neuro-source/main_source/datasets/sprap_2024_03/id_spr01974/id_spr01974_master_image.nii.gz,Normal,,,,,,,,D:/Backup/Mestrado/dados/JPR/dataset_jpr_train/dataset_jpr_train/2/001974,True
1850,"1,28E+73",jpr_dados,M,20.0,TOSHIBA,226.0,1.0,0.429,0.8,1.0,0.0,True,,,,/home/neuro-source/main_source/datasets/sprap_2024_03/id_spr01850/id_spr01850_master_image.nii.gz,Normal,,,,,,,,D:/Backup/Mestrado/dados/JPR/dataset_jpr_train/dataset_jpr_train/2/001850,True
2609,"1,28E+73",jpr_dados,F,25.0,GE MEDICAL SYSTEMS,285.0,1.25,0.41601601243,0.625,1.0,-1024.0,True,,,,/home/neuro-source/main_source/datasets/sprap_2024_03/id_spr02609/id_spr02609_master_image.nii.gz,Normal,,,,,,,,D:/Backup/Mestrado/dados/JPR/dataset_jpr_train/dataset_jpr_train/1/002609,True
1319,"1,28E+73",jpr_dados,F,39.0,TOSHIBA,207.0,1.0,0.397,0.7999999999999998,1.0,0.0,True,,,,/home/neuro-source/main_source/datasets/sprap_2024_03/id_spr01319/id_spr01319_master_image.nii.gz,Normal,,,,,,,,D:/Backup/Mestrado/dados/JPR/dataset_jpr_train/dataset_jpr_train/3/001319,True
2341,"1,28E+73",jpr_dados,F,30.0,GE MEDICAL SYSTEMS,264.0,1.25,0.488281,0.625,1.0,-1024.0,True,,,,/home/neuro-source/main_source/datasets/sprap_2024_03/id_spr02341/id_spr02341_master_image.nii.gz,Normal,,,,,,,,D:/Backup/Mestrado/dados/JPR/dataset_jpr_train/dataset_jpr_train/2/002341,True
1637,"1,28E+73",jpr_dados,F,51.0,TOSHIBA,226.0,1.0,0.429,0.8,1.0,0.0,True,,,,/home/neuro-source/main_source/datasets/sprap_2024_03/id_spr01637/id_spr01637_master_image.nii.gz,Normal,,,,,,,,D:/Backup/Mestrado/dados/JPR/dataset_jpr_train/dataset_jpr_train/2/001637,True
1966,"1,28E+73",jpr_dados,F,40.0,TOSHIBA,219.0,1.0,0.449,0.7999999999999999,1.0,0.0,True,,,,/home/neuro-source/main_source/datasets/sprap_2024_03/id_spr01966/id_spr01966_master_image.nii.gz,Normal,,,,,,,,D:/Backup/Mestrado/dados/JPR/dataset_jpr_train/dataset_jpr_train/2/001966,True
810,"1,28E+73",jpr_dados,M,47.0,Canon Medical Systems,221.0,2.0,0.64,1.0,1.0,0.0,True,,,,/home/neuro-source/main_source/datasets/sprap_2024_03/id_spr00810/id_spr00810_master_image.nii.gz,Normal,,,,,,,,D:/Backup/Mestrado/dados/JPR/dataset_jpr_train/dataset_jpr_train/3/000810,True
2295,"1,28E+73",jpr_dados,M,36.0,TOSHIBA,201.0,2.0,0.461,1.0,1.0,0.0,True,,,,/home/neuro-source/main_source/datasets/sprap_2024_03/id_spr02295/id_spr02295_master_image.nii.gz,Normal,,,,,,,,D:/Backup/Mestrado/dados/JPR/dataset_jpr_train/dataset_jpr_train/2/002295,True
1727,"1,28E+73",jpr_dados,M,27.0,TOSHIBA,226.0,1.0,0.454,0.8,1.0,0.0,True,,,,/home/neuro-source/main_source/datasets/sprap_2024_03/id_spr01727/id_spr01727_master_image.nii.gz,Normal,,,,,,,,D:/Backup/Mestrado/dados/JPR/dataset_jpr_train/dataset_jpr_train/2/001727,True
1764,"1,28E+73",jpr_dados,F,40.0,TOSHIBA,218.0,1.0,0.457,0.7999999999999998,1.0,0.0,True,,,,/home/neuro-source/main_source/datasets/sprap_2024_03/id_spr01764/id_spr01764_master_image.nii.gz,Normal,,,,,,,,D:/Backup/Mestrado/dados/JPR/dataset_jpr_train/dataset_jpr_train/2/001764,True
1477,"1,28E+73",jpr_dados,F,51.0,GE MEDICAL SYSTEMS,265.0,0.625,0.449219,0.625,1.0,-1024.0,True,,,,/home/neuro-source/main_source/datasets/sprap_2024_03/id_spr01477/id_spr01477_master_image.nii.gz,Normal,,,,,,,,D:/Backup/Mestrado/dados/JPR/dataset_jpr_train/dataset_jpr_train/2/001477,True
1487,"1,28E+73",jpr_dados,M,55.0,TOSHIBA,219.0,1.0,0.49,0.8,1.0,0.0,True,,,,/home/neuro-source/main_source/datasets/sprap_2024_03/id_spr01487/id_spr01487_master_image.nii.gz,Normal,,,,,,,,D:/Backup/Mestrado/dados/JPR/dataset_jpr_train/dataset_jpr_train/2/001487,True
969,"1,28E+73",jpr_dados,M,40.0,Philips,208.0,2.0,0.568359375,10.000.000.000.000.000,1.0,-1024.0,True,,,,/home/neuro-source/main_source/datasets/sprap_2024_03/id_spr00969/id_spr00969_master_image.nii.gz,Normal,,,,,,,,D:/Backup/Mestrado/dados/JPR/dataset_jpr_train/dataset_jpr_train/3/000969,True
2389,"1,28E+73",jpr_dados,F,32.0,GE MEDICAL SYSTEMS,277.0,1.25,0.488281011581,0.625,1.0,-1024.0,True,,,,/home/neuro-source/main_source/datasets/sprap_2024_03/id_spr02389/id_spr02389_master_image.nii.gz,Normal,,,,,,,,D:/Backup/Mestrado/dados/JPR/dataset_jpr_train/dataset_jpr_train/1/002389,True
1492,"1,28E+73",jpr_dados,F,47.0,TOSHIBA,224.0,1.0,0.507,0.7999999999999999,1.0,0.0,True,,,,/home/neuro-source/main_source/datasets/sprap_2024_03/id_spr01492/id_spr01492_master_image.nii.gz,Normal,,,,,,,,D:/Backup/Mestrado/dados/JPR/dataset_jpr_train/dataset_jpr_train/2/001492,True
1661,"1,28E+73",jpr_dados,F,25.0,Philips,224.0,1.5,0.431641,0.75,1.0,-1024.0,True,,,,/home/neuro-source/main_source/datasets/sprap_2024_03/id_spr01661/id_spr01661_master_image.nii.gz,Normal,,,,,,,,D:/Backup/Mestrado/dados/JPR/dataset_jpr_train/dataset_jpr_train/2/001661,True
1952,"1,28E+73",jpr_dados,M,25.0,TOSHIBA,232.0,1.0,0.456,0.8,1.0,0.0,True,,,,/home/neuro-source/main_source/datasets/sprap_2024_03/id_spr01952/id_spr01952_master_image.nii.gz,Normal,,,,,,,,D:/Backup/Mestrado/dados/JPR/dataset_jpr_train/dataset_jpr_train/2/001952,True
1804,"1,28E+73",jpr_dados,F,28.0,SIEMENS,254.0,0.75,0.400390625,0.7,1.0,-1024.0,True,,,,/home/neuro-source/main_source/datasets/sprap_2024_03/id_spr01804/id_spr01804_master_image.nii.gz,Normal,,,,,,,,D:/Backup/Mestrado/dados/JPR/dataset_jpr_train/dataset_jpr_train/2/001804,True
2413,"1,28E+73",jpr_dados,F,25.0,GE MEDICAL SYSTEMS,261.0,1.25,0.488281011581,0.625,1.0,-1024.0,True,,,,/home/neuro-source/main_source/datasets/sprap_2024_03/id_spr02413/id_spr02413_master_image.nii.gz,Normal,,,,,,,,D:/Backup/Mestrado/dados/JPR/dataset_jpr_train/dataset_jpr_train/1/002413,True
1463,"1,28E+73",jpr_dados,F,41.0,TOSHIBA,371.0,1.0,0.468,0.5,1.0,0.0,True,,,,/home/neuro-source/main_source/datasets/sprap_2024_03/id_spr01463/id_spr01463_master_image.nii.gz,Normal,,,,,,,,D:/Backup/Mestrado/dados/JPR/dataset_jpr_train/dataset_jpr_train/2/001463,True
2148,"1,28E+73",jpr_dados,F,45.0,SIEMENS,255.0,0.75,0.451171875,0.7000000000000001,1.0,-1024.0,True,,,,/home/neuro-source/main_source/datasets/sprap_2024_03/id_spr02148/id_spr02148_master_image.nii.gz,Normal,,,,,,,,D:/Backup/Mestrado/dados/JPR/dataset_jpr_train/dataset_jpr_train/2/002148,True
2191,"1,28E+73",jpr_dados,F,40.0,SIEMENS,259.0,1.0,0.435546875,0.6999999999999996,1.0,-1024.0,True,,,,/home/neuro-source/main_source/datasets/sprap_2024_03/id_spr02191/id_spr02191_master_image.nii.gz,Normal,,,,,,,,D:/Backup/Mestrado/dados/JPR/dataset_jpr_train/dataset_jpr_train/2/002191,True
1739,"1,28E+73",jpr_dados,F,36.0,TOSHIBA,207.0,1.0,0.379,0.8,1.0,0.0,True,,,,/home/neuro-source/main_source/datasets/sprap_2024_03/id_spr01739/id_spr01739_master_image.nii.gz,Normal,,,,,,,,D:/Backup/Mestrado/dados/JPR/dataset_jpr_train/dataset_jpr_train/2/001739,True
1991,"1,28E+72",jpr_dados,M,44.0,TOSHIBA,214.0,1.0,0.559,0.8000000000000004,1.0,0.0,True,,,,/home/neuro-source/main_source/datasets/sprap_2024_03/id_spr01991/id_spr01991_master_image.nii.gz,Normal,,,,,,,,D:/Backup/Mestrado/dados/JPR/dataset_jpr_train/dataset_jpr_train/2/001991,True
2264,"1,28E+73",jpr_dados,M,24.0,TOSHIBA,201.0,2.0,0.456,1.0,1.0,0.0,True,,,,/home/neuro-source/main_source/datasets/sprap_2024_03/id_spr02264/id_spr02264_master_image.nii.gz,Normal,,,,,,,,D:/Backup/Mestrado/dados/JPR/dataset_jpr_train/dataset_jpr_train/2/002264,True
1163,"1,28E+73",jpr_dados,M,27.0,Philips,247.0,1.5,0.48828125,0.75,1.0,-1024.0,True,,,,/home/neuro-source/main_source/datasets/sprap_2024_03/id_spr01163/id_spr01163_master_image.nii.gz,Normal,,,,,,,,D:/Backup/Mestrado/dados/JPR/dataset_jpr_train/dataset_jpr_train/3/001163,True
2436,"1,28E+73",jpr_dados,F,52.0,GE MEDICAL SYSTEMS,307.0,1.25,0.4375,0.625,1.0,-1024.0,True,,,,/home/neuro-source/main_source/datasets/sprap_2024_03/id_spr02436/id_spr02436_master_image.nii.gz,Normal,,,,,,,,D:/Backup/Mestrado/dados/JPR/dataset_jpr_train/dataset_jpr_train/1/002436,True
1914,"1,28E+73",jpr_dados,F,62.0,GE MEDICAL SYSTEMS,212.0,1.25,0.457031,0.9,1.0,-1024.0,True,,,,/home/neuro-source/main_source/datasets/sprap_2024_03/id_spr01914/id_spr01914_master_image.nii.gz,Normal,,,,,,,,D:/Backup/Mestrado/dados/JPR/dataset_jpr_train/dataset_jpr_train/2/001914,True
1611,"1,28E+73",jpr_dados,F,34.0,Philips,241.0,1.5,0.449219,0.75,1.0,-1024.0,True,,,,/home/neuro-source/main_source/datasets/sprap_2024_03/id_spr01611/id_spr01611_master_image.nii.gz,Normal,,,,,,,,D:/Backup/Mestrado/dados/JPR/dataset_jpr_train/dataset_jpr_train/2/001611,True
2554,"1,28E+73",jpr_dados,F,73.0,GE MEDICAL SYSTEMS,293.0,1.25,0.488281011581,0.625,1.0,-1024.0,True,,,,/home/neuro-source/main_source/datasets/sprap_2024_03/id_spr02554/id_spr02554_master_image.nii.gz,Normal,,,,,,,,D:/Backup/Mestrado/dados/JPR/dataset_jpr_train/dataset_jpr_train/1/002554,True
1579,"1,28E+73",jpr_dados,F,30.0,Canon Medical Systems,238.0,1.0,0.429,0.8,1.0,0.0,True,,,,/home/neuro-source/main_source/datasets/sprap_2024_03/id_spr01579/id_spr01579_master_image.nii.gz,Normal,,,,,,,,D:/Backup/Mestrado/dados/JPR/dataset_jpr_train/dataset_jpr_train/2/001579,True
1738,"1,28E+73",jpr_dados,M,19.0,SIEMENS,252.0,1.0,0.455078125,0.7,1.0,-1024.0,True,,,,/home/neuro-source/main_source/datasets/sprap_2024_03/id_spr01738/id_spr01738_master_image.nii.gz,Normal,,,,,,,,D:/Backup/Mestrado/dados/JPR/dataset_jpr_train/dataset_jpr_train/2/001738,True
2336,"1,28E+73",jpr_dados,F,38.0,TOSHIBA,232.0,1.0,0.449,0.8,1.0,0.0,True,,,,/home/neuro-source/main_source/datasets/sprap_2024_03/id_spr02336/id_spr02336_master_image.nii.gz,Normal,,,,,,,,D:/Backup/Mestrado/dados/JPR/dataset_jpr_train/dataset_jpr_train/2/002336,True
537,"1,28E+73",jpr_dados,M,40.0,Canon Medical Systems,246.0,2.0,0.503,1.0,1.0,0.0,True,,,,/home/neuro-source/main_source/datasets/sprap_2024_03/id_spr00537/id_spr00537_master_image.nii.gz,Normal,,,,,,,,D:/Backup/Mestrado/dados/JPR/dataset_jpr_train/dataset_jpr_train/3/000537,True
1876,"1,28E+73",jpr_dados,F,37.0,TOSHIBA,219.0,1.0,0.454,0.7999999999999999,1.0,0.0,True,,,,/home/neuro-source/main_source/datasets/sprap_2024_03/id_spr01876/id_spr01876_master_image.nii.gz,Normal,,,,,,,,D:/Backup/Mestrado/dados/JPR/dataset_jpr_train/dataset_jpr_train/2/001876,True
1734,"1,28E+73",jpr_dados,F,57.0,TOSHIBA,226.0,1.0,0.459,0.8,1.0,0.0,True,,,,/home/neuro-source/main_source/datasets/sprap_2024_03/id_spr01734/id_spr01734_master_image.nii.gz,Normal,,,,,,,,D:/Backup/Mestrado/dados/JPR/dataset_jpr_train/dataset_jpr_train/2/001734,True
1936,"1,28E+73",jpr_dados,M,35.0,TOSHIBA,234.0,1.0,0.49,0.8000000000000002,1.0,0.0,True,,,,/home/neuro-source/main_source/datasets/sprap_2024_03/id_spr01936/id_spr01936_master_image.nii.gz,Normal,,,,,,,,D:/Backup/Mestrado/dados/JPR/dataset_jpr_train/dataset_jpr_train/2/001936,True
2628,"1,28E+73",jpr_dados,F,46.0,GE MEDICAL SYSTEMS,305.0,1.25,0.455078005791,0.625,1.0,-1024.0,True,,,,/home/neuro-source/main_source/datasets/sprap_2024_03/id_spr02628/id_spr02628_master_image.nii.gz,Normal,,,,,,,,D:/Backup/Mestrado/dados/JPR/dataset_jpr_train/dataset_jpr_train/1/002628,True
1473,"1,28E+72",jpr_dados,F,66.0,Philips,232.0,1.5,0.429688,0.75,1.0,-1024.0,True,,,,/home/neuro-source/main_source/datasets/sprap_2024_03/id_spr01473/id_spr01473_master_image.nii.gz,Normal,,,,,,,,D:/Backup/Mestrado/dados/JPR/dataset_jpr_train/dataset_jpr_train/2/001473,True
486,"1,28E+73",jpr_dados,F,33.0,GE MEDICAL SYSTEMS,206.0,2.5,0.488281,1.0,1.0,-1024.0,True,,,,/home/neuro-source/main_source/datasets/sprap_2024_03/id_spr00486/id_spr00486_master_image.nii.gz,Normal,,,,,,,,D:/Backup/Mestrado/dados/JPR/dataset_jpr_train/dataset_jpr_train/3/000486,True
1445,"1,28E+73",jpr_dados,M,46.0,TOSHIBA,213.0,1.0,0.449,0.8000000000000002,1.0,0.0,True,,,,/home/neuro-source/main_source/datasets/sprap_2024_03/id_spr01445/id_spr01445_master_image.nii.gz,Normal,,,,,,,,D:/Backup/Mestrado/dados/JPR/dataset_jpr_train/dataset_jpr_train/2/001445,True
2364,"1,28E+73",jpr_dados,F,40.0,GE MEDICAL SYSTEMS,261.0,1.25,0.417968988419,0.625,1.0,-1024.0,True,,,,/home/neuro-source/main_source/datasets/sprap_2024_03/id_spr02364/id_spr02364_master_image.nii.gz,Normal,,,,,,,,D:/Backup/Mestrado/dados/JPR/dataset_jpr_train/dataset_jpr_train/1/002364,True
816,"1,28E+72",jpr_dados,F,33.0,Canon Medical Systems,231.0,2.0,0.587,1.0,1.0,0.0,True,,,,/home/neuro-source/main_source/datasets/sprap_2024_03/id_spr00816/id_spr00816_master_image.nii.gz,Normal,,,,,,,,D:/Backup/Mestrado/dados/JPR/dataset_jpr_train/dataset_jpr_train/3/000816,True
1461,"1,28E+73",jpr_dados,F,51.0,TOSHIBA,207.0,1.0,0.401,0.8,1.0,0.0,True,,,,/home/neuro-source/main_source/datasets/sprap_2024_03/id_spr01461/id_spr01461_master_image.nii.gz,Normal,,,,,,,,D:/Backup/Mestrado/dados/JPR/dataset_jpr_train/dataset_jpr_train/2/001461,True
1341,"1,28E+73",jpr_dados,M,47.0,TOSHIBA,229.0,1.0,0.429,0.7999999999999999,1.0,0.0,True,,,,/home/neuro-source/main_source/datasets/sprap_2024_03/id_spr01341/id_spr01341_master_image.nii.gz,Normal,,,,,,,,D:/Backup/Mestrado/dados/JPR/dataset_jpr_train/dataset_jpr_train/2/001341,True
1349,"1,28E+73",jpr_dados,F,49.0,GE MEDICAL SYSTEMS,206.0,1.25,0.488281,0.9,1.0,-1024.0,True,,,,/home/neuro-source/main_source/datasets/sprap_2024_03/id_spr01349/id_spr01349_master_image.nii.gz,Normal,,,,,,,,D:/Backup/Mestrado/dados/JPR/dataset_jpr_train/dataset_jpr_train/2/001349,True
2396,"1,28E+73",jpr_dados,F,79.0,GE MEDICAL SYSTEMS,578.0,2.5,0.464843988419,0.074740034662045,1.0,-1024.0,True,,,,/home/neuro-source/main_source/datasets/sprap_2024_03/id_spr02396/id_spr02396_master_image.nii.gz,Normal,,,,,,,,D:/Backup/Mestrado/dados/JPR/dataset_jpr_train/dataset_jpr_train/1/002396,True
462,"1,28E+73",jpr_dados,F,34.0,Philips,211.0,1.5,0.44921875,0.7499999990476192,1.0,-1024.0,True,,,,/home/neuro-source/main_source/datasets/sprap_2024_03/id_spr00462/id_spr00462_master_image.nii.gz,Normal,,,,,,,,D:/Backup/Mestrado/dados/JPR/dataset_jpr_train/dataset_jpr_train/3/000462,True
1333,"1,28E+73",jpr_dados,M,44.0,TOSHIBA,257.0,1.0,0.47,0.8,1.0,0.0,True,,,,/home/neuro-source/main_source/datasets/sprap_2024_03/id_spr01333/id_spr01333_master_image.nii.gz,Normal,,,,,,,,D:/Backup/Mestrado/dados/JPR/dataset_jpr_train/dataset_jpr_train/2/001333,True
2331,"1,28E+73",jpr_dados,F,60.0,TOSHIBA,232.0,1.0,0.417,0.8,1.0,0.0,True,,,,/home/neuro-source/main_source/datasets/sprap_2024_03/id_spr02331/id_spr02331_master_image.nii.gz,Normal,,,,,,,,D:/Backup/Mestrado/dados/JPR/dataset_jpr_train/dataset_jpr_train/2/002331,True
2551,"1,28E+73",jpr_dados,F,64.0,GE MEDICAL SYSTEMS,277.0,1.25,0.41601601243,0.625,1.0,-1024.0,True,,,,/home/neuro-source/main_source/datasets/sprap_2024_03/id_spr02551/id_spr02551_master_image.nii.gz,Normal,,,,,,,,D:/Backup/Mestrado/dados/JPR/dataset_jpr_train/dataset_jpr_train/1/002551,True
1591,"1,28E+73",jpr_dados,F,21.0,SIEMENS,263.0,1.0,0.447265625,0.7000000000000004,1.0,-1024.0,True,,,,/home/neuro-source/main_source/datasets/sprap_2024_03/id_spr01591/id_spr01591_master_image.nii.gz,Normal,,,,,,,,D:/Backup/Mestrado/dados/JPR/dataset_jpr_train/dataset_jpr_train/2/001591,True
1979,"1,28E+73",jpr_dados,F,33.0,TOSHIBA,219.0,1.0,0.495,0.7999999999999999,1.0,0.0,True,,,,/home/neuro-source/main_source/datasets/sprap_2024_03/id_spr01979/id_spr01979_master_image.nii.gz,Normal,,,,,,,,D:/Backup/Mestrado/dados/JPR/dataset_jpr_train/dataset_jpr_train/2/001979,True
1890,"1,28E+73",jpr_dados,M,38.0,TOSHIBA,232.0,1.0,0.478,0.8,1.0,0.0,True,,,,/home/neuro-source/main_source/datasets/sprap_2024_03/id_spr01890/id_spr01890_master_image.nii.gz,Normal,,,,,,,,D:/Backup/Mestrado/dados/JPR/dataset_jpr_train/dataset_jpr_train/2/001890,True
2533,"1,28E+73",jpr_dados,F,42.0,GE MEDICAL SYSTEMS,269.0,1.25,0.414061993361,0.625,1.0,-1024.0,True,,,,/home/neuro-source/main_source/datasets/sprap_2024_03/id_spr02533/id_spr02533_master_image.nii.gz,Normal,,,,,,,,D:/Backup/Mestrado/dados/JPR/dataset_jpr_train/dataset_jpr_train/1/002533,True
2146,"1,28E+73",jpr_dados,F,19.0,SIEMENS,243.0,0.75,0.455078125,0.7000000000000001,1.0,-1024.0,True,,,,/home/neuro-source/main_source/datasets/sprap_2024_03/id_spr02146/id_spr02146_master_image.nii.gz,Normal,,,,,,,,D:/Backup/Mestrado/dados/JPR/dataset_jpr_train/dataset_jpr_train/2/002146,True
1906,"1,28E+73",jpr_dados,M,29.0,TOSHIBA,238.0,1.0,0.483,0.8,1.0,0.0,True,,,,/home/neuro-source/main_source/datasets/sprap_2024_03/id_spr01906/id_spr01906_master_image.nii.gz,Normal,,,,,,,,D:/Backup/Mestrado/dados/JPR/dataset_jpr_train/dataset_jpr_train/2/001906,True
1606,"1,28E+73",jpr_dados,M,28.0,GE MEDICAL SYSTEMS,281.0,0.625,0.46875,0.625,1.0,-1024.0,True,,,,/home/neuro-source/main_source/datasets/sprap_2024_03/id_spr01606/id_spr01606_master_image.nii.gz,Normal,,,,,,,,D:/Backup/Mestrado/dados/JPR/dataset_jpr_train/dataset_jpr_train/2/001606,True
2516,"1,28E+73",jpr_dados,F,69.0,GE MEDICAL SYSTEMS,289.0,1.25,0.488281011581,0.625,1.0,-1024.0,True,,,,/home/neuro-source/main_source/datasets/sprap_2024_03/id_spr02516/id_spr02516_master_image.nii.gz,Normal,,,,,,,,D:/Backup/Mestrado/dados/JPR/dataset_jpr_train/dataset_jpr_train/1/002516,True
2514,"1,28E+73",jpr_dados,F,78.0,GE MEDICAL SYSTEMS,289.0,1.25,0.488281011581,0.625,1.0,-1024.0,True,,,,/home/neuro-source/main_source/datasets/sprap_2024_03/id_spr02514/id_spr02514_master_image.nii.gz,Normal,,,,,,,,D:/Backup/Mestrado/dados/JPR/dataset_jpr_train/dataset_jpr_train/1/002514,True
2189,"1,28E+73",jpr_dados,M,27.0,SIEMENS,282.0,1.0,0.46875,0.7000000000000002,1.0,-1024.0,True,,,,/home/neuro-source/main_source/datasets/sprap_2024_03/id_spr02189/id_spr02189_master_image.nii.gz,Normal,,,,,,,,D:/Backup/Mestrado/dados/JPR/dataset_jpr_train/dataset_jpr_train/2/002189,True
1229,"1,28E+73",jpr_dados,F,44.0,Canon Medical Systems,211.0,1.0,0.517,1.0,1.0,0.0,True,,,,/home/neuro-source/main_source/datasets/sprap_2024_03/id_spr01229/id_spr01229_master_image.nii.gz,Normal,,,,,,,,D:/Backup/Mestrado/dados/JPR/dataset_jpr_train/dataset_jpr_train/3/001229,True
1262,"1,28E+73",jpr_dados,F,22.0,Philips,249.0,1.5,0.4453125,0.7499999991935484,1.0,-1024.0,True,,,,/home/neuro-source/main_source/datasets/sprap_2024_03/id_spr01262/id_spr01262_master_image.nii.gz,Normal,,,,,,,,D:/Backup/Mestrado/dados/JPR/dataset_jpr_train/dataset_jpr_train/3/001262,True
1903,"1,28E+73",jpr_dados,F,38.0,TOSHIBA,232.0,1.0,0.448,0.8,1.0,0.0,True,,,,/home/neuro-source/main_source/datasets/sprap_2024_03/id_spr01903/id_spr01903_master_image.nii.gz,Normal,,,,,,,,D:/Backup/Mestrado/dados/JPR/dataset_jpr_train/dataset_jpr_train/2/001903,True
1385,"1,28E+73",jpr_dados,F,37.0,GE MEDICAL SYSTEMS,281.0,0.625,0.449219,0.625,1.0,-1024.0,True,,,,/home/neuro-source/main_source/datasets/sprap_2024_03/id_spr01385/id_spr01385_master_image.nii.gz,Normal,,,,,,,,D:/Backup/Mestrado/dados/JPR/dataset_jpr_train/dataset_jpr_train/2/001385,True
2198,"1,28E+73",jpr_dados,F,51.0,TOSHIBA,207.0,1.0,0.39,0.8,1.0,0.0,True,,,,/home/neuro-source/main_source/datasets/sprap_2024_03/id_spr02198/id_spr02198_master_image.nii.gz,Normal,,,,,,,,D:/Backup/Mestrado/dados/JPR/dataset_jpr_train/dataset_jpr_train/2/002198,True
1332,"1,28E+73",jpr_dados,F,48.0,TOSHIBA,213.0,1.0,0.43,0.8000000000000002,1.0,0.0,True,,,,/home/neuro-source/main_source/datasets/sprap_2024_03/id_spr01332/id_spr01332_master_image.nii.gz,Normal,,,,,,,,D:/Backup/Mestrado/dados/JPR/dataset_jpr_train/dataset_jpr_train/2/001332,True
1547,"1,28E+73",jpr_dados,F,24.0,GE MEDICAL SYSTEMS,273.0,0.625,0.429688,0.625,1.0,-1024.0,True,,,,/home/neuro-source/main_source/datasets/sprap_2024_03/id_spr01547/id_spr01547_master_image.nii.gz,Normal,,,,,,,,D:/Backup/Mestrado/dados/JPR/dataset_jpr_train/dataset_jpr_train/2/001547,True
1698,"1,28E+72",jpr_dados,F,53.0,Philips,222.0,1.5,0.429688,0.7500001357466065,1.0,-1024.0,True,,,,/home/neuro-source/main_source/datasets/sprap_2024_03/id_spr01698/id_spr01698_master_image.nii.gz,Normal,,,,,,,,D:/Backup/Mestrado/dados/JPR/dataset_jpr_train/dataset_jpr_train/2/001698,True
797,"1,28E+73",jpr_dados,M,30.0,TOSHIBA,211.0,1.0,0.459,1.0,1.0,0.0,True,,,,/home/neuro-source/main_source/datasets/sprap_2024_03/id_spr00797/id_spr00797_master_image.nii.gz,Normal,,,,,,,,D:/Backup/Mestrado/dados/JPR/dataset_jpr_train/dataset_jpr_train/3/000797,True
2012,"1,28E+73",jpr_dados,M,37.0,TOSHIBA,257.0,1.0,0.537,0.7999999999999998,1.0,0.0,True,,,,/home/neuro-source/main_source/datasets/sprap_2024_03/id_spr02012/id_spr02012_master_image.nii.gz,Normal,,,,,,,,D:/Backup/Mestrado/dados/JPR/dataset_jpr_train/dataset_jpr_train/2/002012,True
1482,"1,28E+73",jpr_dados,M,42.0,TOSHIBA,251.0,1.0,0.461,0.8,1.0,0.0,True,,,,/home/neuro-source/main_source/datasets/sprap_2024_03/id_spr01482/id_spr01482_master_image.nii.gz,Normal,,,,,,,,D:/Backup/Mestrado/dados/JPR/dataset_jpr_train/dataset_jpr_train/2/001482,True
1655,"1,28E+73",jpr_dados,F,37.0,TOSHIBA,219.0,1.0,0.43,0.7999999999999999,1.0,0.0,True,,,,/home/neuro-source/main_source/datasets/sprap_2024_03/id_spr01655/id_spr01655_master_image.nii.gz,Normal,,,,,,,,D:/Backup/Mestrado/dados/JPR/dataset_jpr_train/dataset_jpr_train/2/001655,True
1746,"1,28E+73",jpr_dados,M,51.0,TOSHIBA,213.0,1.0,0.388,0.8000000000000002,1.0,0.0,True,,,,/home/neuro-source/main_source/datasets/sprap_2024_03/id_spr01746/id_spr01746_master_image.nii.gz,Normal,,,,,,,,D:/Backup/Mestrado/dados/JPR/dataset_jpr_train/dataset_jpr_train/2/001746,True
2595,"1,28E+73",jpr_dados,F,77.0,GE MEDICAL SYSTEMS,269.0,1.25,0.419921994209,0.625,1.0,-1024.0,True,,,,/home/neuro-source/main_source/datasets/sprap_2024_03/id_spr02595/id_spr02595_master_image.nii.gz,Normal,,,,,,,,D:/Backup/Mestrado/dados/JPR/dataset_jpr_train/dataset_jpr_train/1/002595,True
1401,"1,28E+73",jpr_dados,F,48.0,SIEMENS,257.0,1.0,0.46875,0.7000000000000001,1.0,-1024.0,True,,,,/home/neuro-source/main_source/datasets/sprap_2024_03/id_spr01401/id_spr01401_master_image.nii.gz,Normal,,,,,,,,D:/Backup/Mestrado/dados/JPR/dataset_jpr_train/dataset_jpr_train/2/001401,True
2340,"1,28E+73",jpr_dados,M,33.0,GE MEDICAL SYSTEMS,265.0,1.25,0.46875,0.625,1.0,-1024.0,True,,,,/home/neuro-source/main_source/datasets/sprap_2024_03/id_spr02340/id_spr02340_master_image.nii.gz,Normal,,,,,,,,D:/Backup/Mestrado/dados/JPR/dataset_jpr_train/dataset_jpr_train/2/002340,True
1958,"1,28E+72",jpr_dados,F,36.0,TOSHIBA,251.0,1.0,0.413,0.8,1.0,0.0,True,,,,/home/neuro-source/main_source/datasets/sprap_2024_03/id_spr01958/id_spr01958_master_image.nii.gz,Normal,,,,,,,,D:/Backup/Mestrado/dados/JPR/dataset_jpr_train/dataset_jpr_train/2/001958,True
2534,"1,28E+73",jpr_dados,F,73.0,GE MEDICAL SYSTEMS,273.0,1.25,0.414061993361,0.625,1.0,-1024.0,True,,,,/home/neuro-source/main_source/datasets/sprap_2024_03/id_spr02534/id_spr02534_master_image.nii.gz,Normal,,,,,,,,D:/Backup/Mestrado/dados/JPR/dataset_jpr_train/dataset_jpr_train/1/002534,True
859,"1,28E+73",jpr_dados,M,54.0,Philips,232.0,1.5,0.48828125,0.7500000008658008,1.0,-1024.0,True,,,,/home/neuro-source/main_source/datasets/sprap_2024_03/id_spr00859/id_spr00859_master_image.nii.gz,Normal,,,,,,,,D:/Backup/Mestrado/dados/JPR/dataset_jpr_train/dataset_jpr_train/3/000859,True
2376,"1,28E+70",jpr_dados,F,43.0,GE MEDICAL SYSTEMS,261.0,1.25,0.488281011581,0.625,1.0,-1024.0,True,,,,/home/neuro-source/main_source/datasets/sprap_2024_03/id_spr02376/id_spr02376_master_image.nii.gz,Normal,,,,,,,,D:/Backup/Mestrado/dados/JPR/dataset_jpr_train/dataset_jpr_train/1/002376,True
2443,"1,28E+73",jpr_dados,M,18.0,TOSHIBA,232.0,1.0,0.470999985933,0.7999999999999998,1.0,0.0,True,,,,/home/neuro-source/main_source/datasets/sprap_2024_03/id_spr02443/id_spr02443_master_image.nii.gz,Normal,,,,,,,,,True
2367,"1,28E+73",jpr_dados,M,50.0,GE MEDICAL SYSTEMS,329.0,1.25,0.488281011581,0.625,1.0,-1024.0,True,,,,/home/neuro-source/main_source/datasets/sprap_2024_03/id_spr02367/id_spr02367_master_image.nii.gz,Normal,,,,,,,,D:/Backup/Mestrado/dados/JPR/dataset_jpr_train/dataset_jpr_train/1/002367,True
2472,"1,28E+73",jpr_dados,F,49.0,GE MEDICAL SYSTEMS,241.0,1.25,0.488281011581,0.625,1.0,-1024.0,True,,,,/home/neuro-source/main_source/datasets/sprap_2024_03/id_spr02472/id_spr02472_master_image.nii.gz,Normal,,,,,,,,D:/Backup/Mestrado/dados/JPR/dataset_jpr_train/dataset_jpr_train/1/002472,True
2515,"1,28E+73",jpr_dados,F,61.0,GE MEDICAL SYSTEMS,289.0,1.25,0.488281011581,0.625,1.0,-1024.0,True,,,,/home/neuro-source/main_source/datasets/sprap_2024_03/id_spr02515/id_spr02515_master_image.nii.gz,Normal,,,,,,,,D:/Backup/Mestrado/dados/JPR/dataset_jpr_train/dataset_jpr_train/1/002515,True
2170,"1,28E+73",jpr_dados,M,26.0,SIEMENS,271.0,1.0,0.482421875,0.7,1.0,-1024.0,True,,,,/home/neuro-source/main_source/datasets/sprap_2024_03/id_spr02170/id_spr02170_master_image.nii.gz,Normal,,,,,,,,D:/Backup/Mestrado/dados/JPR/dataset_jpr_train/dataset_jpr_train/2/002170,True
1694,"1,28E+73",jpr_dados,F,32.0,GE MEDICAL SYSTEMS,331.0,0.625,0.429688,0.5,1.0,-1024.0,True,,,,/home/neuro-source/main_source/datasets/sprap_2024_03/id_spr01694/id_spr01694_master_image.nii.gz,Normal,,,,,,,,D:/Backup/Mestrado/dados/JPR/dataset_jpr_train/dataset_jpr_train/2/001694,True
1910,"1,28E+73",jpr_dados,F,28.0,Philips,242.0,1.5,0.417969,0.75,1.0,-1024.0,True,,,,/home/neuro-source/main_source/datasets/sprap_2024_03/id_spr01910/id_spr01910_master_image.nii.gz,Normal,,,,,,,,D:/Backup/Mestrado/dados/JPR/dataset_jpr_train/dataset_jpr_train/2/001910,True
1254,"1,28E+73",jpr_dados,F,39.0,GE MEDICAL SYSTEMS,281.0,1.25,0.488281,0.625,1.0,-1024.0,True,,,,/home/neuro-source/main_source/datasets/sprap_2024_03/id_spr01254/id_spr01254_master_image.nii.gz,Normal,,,,,,,,D:/Backup/Mestrado/dados/JPR/dataset_jpr_train/dataset_jpr_train/3/001254,True
827,"1,28E+73",jpr_dados,F,46.0,Canon Medical Systems,216.0,1.0,0.473,1.0,1.0,0.0,True,,,,/home/neuro-source/main_source/datasets/sprap_2024_03/id_spr00827/id_spr00827_master_image.nii.gz,Normal,,,,,,,,D:/Backup/Mestrado/dados/JPR/dataset_jpr_train/dataset_jpr_train/3/000827,True
2451,"1,28E+73",jpr_dados,F,59.0,GE MEDICAL SYSTEMS,265.0,1.25,0.421875,0.625,1.0,-1024.0,True,,,,/home/neuro-source/main_source/datasets/sprap_2024_03/id_spr02451/id_spr02451_master_image.nii.gz,Normal,,,,,,,,D:/Backup/Mestrado/dados/JPR/dataset_jpr_train/dataset_jpr_train/1/002451,True
1460,"1,28E+73",jpr_dados,F,57.0,GE MEDICAL SYSTEMS,281.0,0.625,0.441406,0.625,1.0,-1024.0,True,,,,/home/neuro-source/main_source/datasets/sprap_2024_03/id_spr01460/id_spr01460_master_image.nii.gz,Normal,,,,,,,,D:/Backup/Mestrado/dados/JPR/dataset_jpr_train/dataset_jpr_train/2/001460,True
2455,"1,28E+73",jpr_dados,M,74.0,GE MEDICAL SYSTEMS,301.0,1.25,0.47851601243,0.625,1.0,-1024.0,True,,,,/home/neuro-source/main_source/datasets/sprap_2024_03/id_spr02455/id_spr02455_master_image.nii.gz,Normal,,,,,,,,D:/Backup/Mestrado/dados/JPR/dataset_jpr_train/dataset_jpr_train/1/002455,True
1916,"1,28E+72",jpr_dados,F,25.0,TOSHIBA,256.0,1.0,0.429,0.8,1.0,0.0,True,,,,/home/neuro-source/main_source/datasets/sprap_2024_03/id_spr01916/id_spr01916_master_image.nii.gz,Normal,,,,,,,,D:/Backup/Mestrado/dados/JPR/dataset_jpr_train/dataset_jpr_train/2/001916,True
1202,"1,28E+73",jpr_dados,F,32.0,Canon Medical Systems,211.0,2.0,0.507,1.0,1.0,0.0,True,,,,/home/neuro-source/main_source/datasets/sprap_2024_03/id_spr01202/id_spr01202_master_image.nii.gz,Normal,,,,,,,,D:/Backup/Mestrado/dados/JPR/dataset_jpr_train/dataset_jpr_train/3/001202,True
625,"1,28E+73",jpr_dados,F,37.0,Canon Medical Systems,216.0,2.0,0.429,1.0,1.0,0.0,True,,,,/home/neuro-source/main_source/datasets/sprap_2024_03/id_spr00625/id_spr00625_master_image.nii.gz,Normal,,,,,,,,D:/Backup/Mestrado/dados/JPR/dataset_jpr_train/dataset_jpr_train/3/000625,True
2537,"1,28E+73",jpr_dados,F,49.0,GE MEDICAL SYSTEMS,289.0,1.25,0.464843988419,0.625,1.0,-1024.0,True,,,,/home/neuro-source/main_source/datasets/sprap_2024_03/id_spr02537/id_spr02537_master_image.nii.gz,Normal,,,,,,,,D:/Backup/Mestrado/dados/JPR/dataset_jpr_train/dataset_jpr_train/1/002537,True
2369,"1,28E+73",jpr_dados,F,67.0,GE MEDICAL SYSTEMS,293.0,1.25,0.453125,0.625,1.0,-1024.0,True,,,,/home/neuro-source/main_source/datasets/sprap_2024_03/id_spr02369/id_spr02369_master_image.nii.gz,Normal,,,,,,,,D:/Backup/Mestrado/dados/JPR/dataset_jpr_train/dataset_jpr_train/1/002369,True
1353,"1,28E+73",jpr_dados,F,49.0,TOSHIBA,226.0,1.0,0.452,0.8,1.0,0.0,True,,,,/home/neuro-source/main_source/datasets/sprap_2024_03/id_spr01353/id_spr01353_master_image.nii.gz,Normal,,,,,,,,D:/Backup/Mestrado/dados/JPR/dataset_jpr_train/dataset_jpr_train/2/001353,True
1803,"1,28E+73",jpr_dados,M,29.0,TOSHIBA,232.0,1.0,0.412,0.8,1.0,0.0,True,,,,/home/neuro-source/main_source/datasets/sprap_2024_03/id_spr01803/id_spr01803_master_image.nii.gz,Normal,,,,,,,,D:/Backup/Mestrado/dados/JPR/dataset_jpr_train/dataset_jpr_train/2/001803,True
664,"1,28E+73",jpr_dados,F,21.0,Siemens Healthineers,204.0,2.0,0.361538715,0.9999989457394526,1.0,-8192.0,True,,,,/home/neuro-source/main_source/datasets/sprap_2024_03/id_spr00664/id_spr00664_master_image.nii.gz,Normal,,,,,,,,D:/Backup/Mestrado/dados/JPR/dataset_jpr_train/dataset_jpr_train/3/000664,True
1559,"1,28E+73",jpr_dados,F,26.0,TOSHIBA,219.0,1.0,0.43,0.7999999999999999,1.0,0.0,True,,,,/home/neuro-source/main_source/datasets/sprap_2024_03/id_spr01559/id_spr01559_master_image.nii.gz,Normal,,,,,,,,D:/Backup/Mestrado/dados/JPR/dataset_jpr_train/dataset_jpr_train/2/001559,True
1753,"1,28E+73",jpr_dados,M,59.0,TOSHIBA,213.0,1.0,0.473,0.8000000000000002,1.0,0.0,True,,,,/home/neuro-source/main_source/datasets/sprap_2024_03/id_spr01753/id_spr01753_master_image.nii.gz,Normal,,,,,,,,D:/Backup/Mestrado/dados/JPR/dataset_jpr_train/dataset_jpr_train/2/001753,True
1464,"1,28E+73",jpr_dados,F,42.0,TOSHIBA,219.0,1.0,0.443,0.7999999999999999,1.0,0.0,True,,,,/home/neuro-source/main_source/datasets/sprap_2024_03/id_spr01464/id_spr01464_master_image.nii.gz,Normal,,,,,,,,D:/Backup/Mestrado/dados/JPR/dataset_jpr_train/dataset_jpr_train/2/001464,True
1853,"1,28E+73",jpr_dados,F,51.0,TOSHIBA,213.0,1.0,0.43,0.8000000000000002,1.0,0.0,True,,,,/home/neuro-source/main_source/datasets/sprap_2024_03/id_spr01853/id_spr01853_master_image.nii.gz,Normal,,,,,,,,D:/Backup/Mestrado/dados/JPR/dataset_jpr_train/dataset_jpr_train/2/001853,True
1800,"1,28E+73",jpr_dados,M,46.0,GE MEDICAL SYSTEMS,305.0,0.625,0.46875,0.625,1.0,-1024.0,True,,,,/home/neuro-source/main_source/datasets/sprap_2024_03/id_spr01800/id_spr01800_master_image.nii.gz,Normal,,,,,,,,D:/Backup/Mestrado/dados/JPR/dataset_jpr_train/dataset_jpr_train/2/001800,True
2563,"1,28E+73",jpr_dados,F,73.0,GE MEDICAL SYSTEMS,277.0,1.25,0.460938006639,0.625,1.0,-1024.0,True,,,,/home/neuro-source/main_source/datasets/sprap_2024_03/id_spr02563/id_spr02563_master_image.nii.gz,Normal,,,,,,,,D:/Backup/Mestrado/dados/JPR/dataset_jpr_train/dataset_jpr_train/1/002563,True
1508,"1,28E+73",jpr_dados,M,24.0,TOSHIBA,222.0,1.0,0.461,0.8,1.0,0.0,True,,,,/home/neuro-source/main_source/datasets/sprap_2024_03/id_spr01508/id_spr01508_master_image.nii.gz,Normal,,,,,,,,D:/Backup/Mestrado/dados/JPR/dataset_jpr_train/dataset_jpr_train/2/001508,True
2630,"1,28E+73",jpr_dados,F,52.0,GE MEDICAL SYSTEMS,281.0,1.25,0.4375,0.625,1.0,-1024.0,True,,,,/home/neuro-source/main_source/datasets/sprap_2024_03/id_spr02630/id_spr02630_master_image.nii.gz,Normal,,,,,,,,D:/Backup/Mestrado/dados/JPR/dataset_jpr_train/dataset_jpr_train/1/002630,True
1957,"1,28E+73",jpr_dados,M,40.0,TOSHIBA,269.0,1.0,0.547,0.8000000000000004,1.0,0.0,True,,,,/home/neuro-source/main_source/datasets/sprap_2024_03/id_spr01957/id_spr01957_master_image.nii.gz,Normal,,,,,,,,D:/Backup/Mestrado/dados/JPR/dataset_jpr_train/dataset_jpr_train/2/001957,True
2339,"1,28E+73",jpr_dados,F,51.0,GE MEDICAL SYSTEMS,250.0,1.25,0.445312,0.625,1.0,-1024.0,True,,,,/home/neuro-source/main_source/datasets/sprap_2024_03/id_spr02339/id_spr02339_master_image.nii.gz,Normal,,,,,,,,D:/Backup/Mestrado/dados/JPR/dataset_jpr_train/dataset_jpr_train/2/002339,True
2328,"1,28E+73",jpr_dados,M,29.0,SIEMENS,215.0,2.0,0.58203125,1.0,1.0,-1024.0,True,,,,/home/neuro-source/main_source/datasets/sprap_2024_03/id_spr02328/id_spr02328_master_image.nii.gz,Normal,,,,,,,,D:/Backup/Mestrado/dados/JPR/dataset_jpr_train/dataset_jpr_train/2/002328,True
2171,"1,28E+73",jpr_dados,F,31.0,SIEMENS,242.0,1.0,0.404296875,0.7000000000000002,1.0,-1024.0,True,,,,/home/neuro-source/main_source/datasets/sprap_2024_03/id_spr02171/id_spr02171_master_image.nii.gz,Normal,,,,,,,,D:/Backup/Mestrado/dados/JPR/dataset_jpr_train/dataset_jpr_train/2/002171,True
2522,"1,28E+73",jpr_dados,F,36.0,GE MEDICAL SYSTEMS,265.0,1.25,0.5625,0.625,1.0,-1024.0,True,,,,/home/neuro-source/main_source/datasets/sprap_2024_03/id_spr02522/id_spr02522_master_image.nii.gz,Normal,,,,,,,,D:/Backup/Mestrado/dados/JPR/dataset_jpr_train/dataset_jpr_train/1/002522,True
1790,"1,28E+73",jpr_dados,F,37.0,SIEMENS,234.0,1.0,0.431640625,0.6999999999999998,1.0,-1024.0,True,,,,/home/neuro-source/main_source/datasets/sprap_2024_03/id_spr01790/id_spr01790_master_image.nii.gz,Normal,,,,,,,,D:/Backup/Mestrado/dados/JPR/dataset_jpr_train/dataset_jpr_train/2/001790,True
2454,"1,28E+73",jpr_dados,M,66.0,GE MEDICAL SYSTEMS,309.0,1.25,0.488281011581,0.625,1.0,-1024.0,True,,,,/home/neuro-source/main_source/datasets/sprap_2024_03/id_spr02454/id_spr02454_master_image.nii.gz,Normal,,,,,,,,D:/Backup/Mestrado/dados/JPR/dataset_jpr_train/dataset_jpr_train/1/002454,True
2558,"1,28E+73",jpr_dados,M,81.0,GE MEDICAL SYSTEMS,305.0,2.5,0.466796994209,0.625,1.0,-1024.0,True,,,,/home/neuro-source/main_source/datasets/sprap_2024_03/id_spr02558/id_spr02558_master_image.nii.gz,Normal,,,,,,,,D:/Backup/Mestrado/dados/JPR/dataset_jpr_train/dataset_jpr_train/1/002558,True
2107,"1,28E+73",jpr_dados,F,44.0,Philips,238.0,1.5,0.46875,0.75,1.0,-1024.0,True,,,,/home/neuro-source/main_source/datasets/sprap_2024_03/id_spr02107/id_spr02107_master_image.nii.gz,Normal,,,,,,,,D:/Backup/Mestrado/dados/JPR/dataset_jpr_train/dataset_jpr_train/2/002107,True
1706,"1,28E+73",jpr_dados,M,21.0,TOSHIBA,207.0,1.0,0.393,0.8,1.0,0.0,True,,,,/home/neuro-source/main_source/datasets/sprap_2024_03/id_spr01706/id_spr01706_master_image.nii.gz,Normal,,,,,,,,D:/Backup/Mestrado/dados/JPR/dataset_jpr_train/dataset_jpr_train/2/001706,True
1480,"1,28E+73",jpr_dados,F,37.0,SIEMENS,259.0,1.0,0.4140625,0.6999999999999998,1.0,-1024.0,True,,,,/home/neuro-source/main_source/datasets/sprap_2024_03/id_spr01480/id_spr01480_master_image.nii.gz,Normal,,,,,,,,D:/Backup/Mestrado/dados/JPR/dataset_jpr_train/dataset_jpr_train/2/001480,True
1071,"1,28E+73",jpr_dados,M,45.0,Philips,224.0,1.5,0.44921875,0.7500000008968609,1.0,-1024.0,True,,,,/home/neuro-source/main_source/datasets/sprap_2024_03/id_spr01071/id_spr01071_master_image.nii.gz,Normal,,,,,,,,D:/Backup/Mestrado/dados/JPR/dataset_jpr_train/dataset_jpr_train/3/001071,True
908,"1,28E+72",jpr_dados,F,37.0,Philips,248.0,2.0,0.48828125,0.9999999983805667,1.0,-1024.0,True,,,,/home/neuro-source/main_source/datasets/sprap_2024_03/id_spr00908/id_spr00908_master_image.nii.gz,Normal,,,,,,,,D:/Backup/Mestrado/dados/JPR/dataset_jpr_train/dataset_jpr_train/3/000908,True
1514,"1,28E+73",jpr_dados,F,64.0,TOSHIBA,206.0,2.0,0.384,1.0,1.0,0.0,True,,,,/home/neuro-source/main_source/datasets/sprap_2024_03/id_spr01514/id_spr01514_master_image.nii.gz,Normal,,,,,,,,D:/Backup/Mestrado/dados/JPR/dataset_jpr_train/dataset_jpr_train/2/001514,True
888,"1,28E+73",jpr_dados,M,47.0,Canon Medical Systems,201.0,1.0,0.556,1.0,1.0,0.0,True,,,,/home/neuro-source/main_source/datasets/sprap_2024_03/id_spr00888/id_spr00888_master_image.nii.gz,Normal,,,,,,,,D:/Backup/Mestrado/dados/JPR/dataset_jpr_train/dataset_jpr_train/3/000888,True
2065,"1,28E+72",jpr_dados,F,54.0,TOSHIBA,232.0,1.0,0.471,0.8,1.0,0.0,True,,,,/home/neuro-source/main_source/datasets/sprap_2024_03/id_spr02065/id_spr02065_master_image.nii.gz,Normal,,,,,,,,D:/Backup/Mestrado/dados/JPR/dataset_jpr_train/dataset_jpr_train/2/002065,True
2581,"1,28E+73",jpr_dados,M,73.0,GE MEDICAL SYSTEMS,253.0,1.25,0.625,0.625,1.0,-1024.0,True,,,,/home/neuro-source/main_source/datasets/sprap_2024_03/id_spr02581/id_spr02581_master_image.nii.gz,Normal,,,,,,,,D:/Backup/Mestrado/dados/JPR/dataset_jpr_train/dataset_jpr_train/1/002581,True
1035,"1,28E+73",jpr_dados,M,51.0,TOSHIBA,213.0,1.0,0.435,0.8000004716981132,1.0,0.0,True,,,,/home/neuro-source/main_source/datasets/sprap_2024_03/id_spr01035/id_spr01035_master_image.nii.gz,Normal,,,,,,,,D:/Backup/Mestrado/dados/JPR/dataset_jpr_train/dataset_jpr_train/3/001035,True
2177,"1,28E+73",jpr_dados,M,20.0,GE MEDICAL SYSTEMS,305.0,0.625,0.476562,0.625,1.0,-1024.0,True,,,,/home/neuro-source/main_source/datasets/sprap_2024_03/id_spr02177/id_spr02177_master_image.nii.gz,Normal,,,,,,,,D:/Backup/Mestrado/dados/JPR/dataset_jpr_train/dataset_jpr_train/2/002177,True
2052,"1,28E+73",jpr_dados,F,23.0,TOSHIBA,307.0,1.0,0.429,0.8,1.0,0.0,True,,,,/home/neuro-source/main_source/datasets/sprap_2024_03/id_spr02052/id_spr02052_master_image.nii.gz,Normal,,,,,,,,D:/Backup/Mestrado/dados/JPR/dataset_jpr_train/dataset_jpr_train/2/002052,True
2486,"1,28E+73",jpr_dados,M,59.0,GE MEDICAL SYSTEMS,309.0,1.25,0.488281011581,0.625,1.0,-1024.0,True,,,,/home/neuro-source/main_source/datasets/sprap_2024_03/id_spr02486/id_spr02486_master_image.nii.gz,Normal,,,,,,,,D:/Backup/Mestrado/dados/JPR/dataset_jpr_train/dataset_jpr_train/1/002486,True
1100,"1,28E+73",jpr_dados,M,32.0,Canon Medical Systems,231.0,1.0,0.512,1.0,1.0,0.0,True,,,,/home/neuro-source/main_source/datasets/sprap_2024_03/id_spr01100/id_spr01100_master_image.nii.gz,Normal,,,,,,,,D:/Backup/Mestrado/dados/JPR/dataset_jpr_train/dataset_jpr_train/3/001100,True
1454,"1,28E+73",jpr_dados,M,42.0,TOSHIBA,238.0,1.0,0.424,0.8,1.0,0.0,True,,,,/home/neuro-source/main_source/datasets/sprap_2024_03/id_spr01454/id_spr01454_master_image.nii.gz,Normal,,,,,,,,D:/Backup/Mestrado/dados/JPR/dataset_jpr_train/dataset_jpr_train/2/001454,True
1740,"1,28E+73",jpr_dados,F,27.0,GE MEDICAL SYSTEMS,202.0,1.25,0.458984,0.9,1.0,-1024.0,True,,,,/home/neuro-source/main_source/datasets/sprap_2024_03/id_spr01740/id_spr01740_master_image.nii.gz,Normal,,,,,,,,D:/Backup/Mestrado/dados/JPR/dataset_jpr_train/dataset_jpr_train/2/001740,True
1330,"1,28E+73",jpr_dados,F,55.0,TOSHIBA,207.0,1.0,0.382,0.8,1.0,0.0,True,,,,/home/neuro-source/main_source/datasets/sprap_2024_03/id_spr01330/id_spr01330_master_image.nii.gz,Normal,,,,,,,,D:/Backup/Mestrado/dados/JPR/dataset_jpr_train/dataset_jpr_train/2/001330,True
1550,"1,28E+73",jpr_dados,F,40.0,TOSHIBA,207.0,1.0,0.429,0.8,1.0,0.0,True,,,,/home/neuro-source/main_source/datasets/sprap_2024_03/id_spr01550/id_spr01550_master_image.nii.gz,Normal,,,,,,,,D:/Backup/Mestrado/dados/JPR/dataset_jpr_train/dataset_jpr_train/2/001550,True
1238,"1,28E+73",jpr_dados,F,30.0,GE MEDICAL SYSTEMS,321.0,0.625,0.548828,0.625,1.0,-1024.0,True,,,,/home/neuro-source/main_source/datasets/sprap_2024_03/id_spr01238/id_spr01238_master_image.nii.gz,Normal,,,,,,,,D:/Backup/Mestrado/dados/JPR/dataset_jpr_train/dataset_jpr_train/3/001238,True
1857,"1,28E+73",jpr_dados,F,31.0,SIEMENS,244.0,1.0,0.404296875,0.6999999999999996,1.0,-1024.0,True,,,,/home/neuro-source/main_source/datasets/sprap_2024_03/id_spr01857/id_spr01857_master_image.nii.gz,Normal,,,,,,,,D:/Backup/Mestrado/dados/JPR/dataset_jpr_train/dataset_jpr_train/2/001857,True
429,"1,28E+73",jpr_dados,M,58.0,Philips,225.0,2.0,0.48828125,0.9999999982142856,1.0,-1024.0,True,,,,/home/neuro-source/main_source/datasets/sprap_2024_03/id_spr00429/id_spr00429_master_image.nii.gz,Normal,,,,,,,,D:/Backup/Mestrado/dados/JPR/dataset_jpr_train/dataset_jpr_train/3/000429,True
1959,"1,28E+73",jpr_dados,F,40.0,TOSHIBA,251.0,1.0,0.449,0.8,1.0,0.0,True,,,,/home/neuro-source/main_source/datasets/sprap_2024_03/id_spr01959/id_spr01959_master_image.nii.gz,Normal,,,,,,,,D:/Backup/Mestrado/dados/JPR/dataset_jpr_train/dataset_jpr_train/2/001959,True
1701,"1,28E+73",jpr_dados,F,38.0,SIEMENS,272.0,1.0,0.44921875,0.7,1.0,-1024.0,True,,,,/home/neuro-source/main_source/datasets/sprap_2024_03/id_spr01701/id_spr01701_master_image.nii.gz,Normal,,,,,,,,D:/Backup/Mestrado/dados/JPR/dataset_jpr_train/dataset_jpr_train/2/001701,True
1627,"1,28E+73",jpr_dados,F,28.0,SIEMENS,234.0,1.0,0.42578125,0.6999999999999996,1.0,-1024.0,True,,,,/home/neuro-source/main_source/datasets/sprap_2024_03/id_spr01627/id_spr01627_master_image.nii.gz,Normal,,,,,,,,D:/Backup/Mestrado/dados/JPR/dataset_jpr_train/dataset_jpr_train/2/001627,True
985,"1,28E+73",jpr_dados,M,20.0,Philips,244.0,1.5,0.478515625,0.75,1.0,-1024.0,True,,,,/home/neuro-source/main_source/datasets/sprap_2024_03/id_spr00985/id_spr00985_master_image.nii.gz,Normal,,,,,,,,D:/Backup/Mestrado/dados/JPR/dataset_jpr_train/dataset_jpr_train/3/000985,True
1676,"1,28E+73",jpr_dados,M,20.0,TOSHIBA,238.0,1.0,0.449,0.8,1.0,0.0,True,,,,/home/neuro-source/main_source/datasets/sprap_2024_03/id_spr01676/id_spr01676_master_image.nii.gz,Normal,,,,,,,,D:/Backup/Mestrado/dados/JPR/dataset_jpr_train/dataset_jpr_train/2/001676,True
1840,"1,28E+73",jpr_dados,M,51.0,GE MEDICAL SYSTEMS,385.0,0.625,0.488281,0.625,1.0,-1024.0,True,,,,/home/neuro-source/main_source/datasets/sprap_2024_03/id_spr01840/id_spr01840_master_image.nii.gz,Normal,,,,,,,,D:/Backup/Mestrado/dados/JPR/dataset_jpr_train/dataset_jpr_train/2/001840,True
2604,"1,28E+73",jpr_dados,F,84.0,GE MEDICAL SYSTEMS,265.0,1.25,0.625,0.625,1.0,-1024.0,True,,,,/home/neuro-source/main_source/datasets/sprap_2024_03/id_spr02604/id_spr02604_master_image.nii.gz,Normal,,,,,,,,D:/Backup/Mestrado/dados/JPR/dataset_jpr_train/dataset_jpr_train/1/002604,True
2439,"1,28E+73",jpr_dados,F,42.0,GE MEDICAL SYSTEMS,293.0,1.25,0.47460898757,0.625,1.0,-1024.0,True,,,,/home/neuro-source/main_source/datasets/sprap_2024_03/id_spr02439/id_spr02439_master_image.nii.gz,Normal,,,,,,,,D:/Backup/Mestrado/dados/JPR/dataset_jpr_train/dataset_jpr_train/1/002439,True
1315,"1,28E+73",jpr_dados,M,54.0,GE MEDICAL SYSTEMS,281.0,0.625,0.451172,0.625,1.0,-1024.0,True,,,,/home/neuro-source/main_source/datasets/sprap_2024_03/id_spr01315/id_spr01315_master_image.nii.gz,Normal,,,,,,,,D:/Backup/Mestrado/dados/JPR/dataset_jpr_train/dataset_jpr_train/3/001315,True
1801,"1,28E+73",jpr_dados,F,24.0,SIEMENS,251.0,1.0,0.40625,0.7,1.0,-1024.0,True,,,,/home/neuro-source/main_source/datasets/sprap_2024_03/id_spr01801/id_spr01801_master_image.nii.gz,Normal,,,,,,,,D:/Backup/Mestrado/dados/JPR/dataset_jpr_train/dataset_jpr_train/2/001801,True
1723,"1,28E+73",jpr_dados,M,41.0,GE MEDICAL SYSTEMS,297.0,0.625,0.507812,0.625,1.0,-1024.0,True,,,,/home/neuro-source/main_source/datasets/sprap_2024_03/id_spr01723/id_spr01723_master_image.nii.gz,Normal,,,,,,,,D:/Backup/Mestrado/dados/JPR/dataset_jpr_train/dataset_jpr_train/2/001723,True
816,"1,28E+73",jpr_dados,F,33.0,Canon Medical Systems,201.0,2.0,0.527,1.0,1.0,0.0,True,,,,/home/neuro-source/main_source/datasets/sprap_2024_03/id_spr00816/id_spr00816_master_image.nii.gz,Normal,,,,,,,,D:/Backup/Mestrado/dados/JPR/dataset_jpr_train/dataset_jpr_train/3/000816,True
811,"1,28E+73",jpr_dados,M,35.0,Canon Medical Systems,206.0,2.0,0.553,1.0,1.0,0.0,True,,,,/home/neuro-source/main_source/datasets/sprap_2024_03/id_spr00811/id_spr00811_master_image.nii.gz,Normal,,,,,,,,D:/Backup/Mestrado/dados/JPR/dataset_jpr_train/dataset_jpr_train/3/000811,True
1922,"1,28E+72",jpr_dados,F,61.0,Philips,244.0,1.5,0.431641,0.75,1.0,-1024.0,True,,,,/home/neuro-source/main_source/datasets/sprap_2024_03/id_spr01922/id_spr01922_master_image.nii.gz,Normal,,,,,,,,D:/Backup/Mestrado/dados/JPR/dataset_jpr_train/dataset_jpr_train/2/001922,True
2359,"1,28E+73",jpr_dados,M,68.0,GE MEDICAL SYSTEMS,323.0,1.25,0.466796994209,0.625,1.0,-1024.0,True,,,,/home/neuro-source/main_source/datasets/sprap_2024_03/id_spr02359/id_spr02359_master_image.nii.gz,Normal,,,,,,,,D:/Backup/Mestrado/dados/JPR/dataset_jpr_train/dataset_jpr_train/2/002359,True
1665,"1,28E+73",jpr_dados,M,32.0,SIEMENS,269.0,1.0,0.46875,0.7000000000000001,1.0,-1024.0,True,,,,/home/neuro-source/main_source/datasets/sprap_2024_03/id_spr01665/id_spr01665_master_image.nii.gz,Normal,,,,,,,,D:/Backup/Mestrado/dados/JPR/dataset_jpr_train/dataset_jpr_train/2/001665,True
1904,"1,28E+73",jpr_dados,F,46.0,Philips,236.0,1.5,0.421875,0.7500041574468084,1.0,-1024.0,True,,,,/home/neuro-source/main_source/datasets/sprap_2024_03/id_spr01904/id_spr01904_master_image.nii.gz,Normal,,,,,,,,D:/Backup/Mestrado/dados/JPR/dataset_jpr_train/dataset_jpr_train/2/001904,True
2542,"1,28E+73",jpr_dados,F,77.0,GE MEDICAL SYSTEMS,287.0,1.25,0.425781011581,0.625,1.0,-1024.0,True,,,,/home/neuro-source/main_source/datasets/sprap_2024_03/id_spr02542/id_spr02542_master_image.nii.gz,Normal,,,,,,,,D:/Backup/Mestrado/dados/JPR/dataset_jpr_train/dataset_jpr_train/1/002542,True
2199,"1,28E+73",jpr_dados,M,41.0,TOSHIBA,219.0,1.0,0.468,0.7999999999999999,1.0,0.0,True,,,,/home/neuro-source/main_source/datasets/sprap_2024_03/id_spr02199/id_spr02199_master_image.nii.gz,Normal,,,,,,,,D:/Backup/Mestrado/dados/JPR/dataset_jpr_train/dataset_jpr_train/2/002199,True
1621,"1,28E+73",jpr_dados,F,45.0,TOSHIBA,201.0,1.0,0.393,0.8,1.0,0.0,True,,,,/home/neuro-source/main_source/datasets/sprap_2024_03/id_spr01621/id_spr01621_master_image.nii.gz,Normal,,,,,,,,D:/Backup/Mestrado/dados/JPR/dataset_jpr_train/dataset_jpr_train/2/001621,True
1397,"1,28E+73",jpr_dados,F,45.0,SIEMENS,274.0,1.0,0.46875,0.6999999999999996,1.0,-1024.0,True,,,,/home/neuro-source/main_source/datasets/sprap_2024_03/id_spr01397/id_spr01397_master_image.nii.gz,Normal,,,,,,,,D:/Backup/Mestrado/dados/JPR/dataset_jpr_train/dataset_jpr_train/2/001397,True
1896,"1,28E+73",jpr_dados,M,28.0,Canon Medical Systems,213.0,1.0,0.404,0.8000000000000002,1.0,0.0,True,,,,/home/neuro-source/main_source/datasets/sprap_2024_03/id_spr01896/id_spr01896_master_image.nii.gz,Normal,,,,,,,,D:/Backup/Mestrado/dados/JPR/dataset_jpr_train/dataset_jpr_train/2/001896,True
2006,"1,28E+73",jpr_dados,M,37.0,TOSHIBA,232.0,1.0,0.43,0.8,1.0,0.0,True,,,,/home/neuro-source/main_source/datasets/sprap_2024_03/id_spr02006/id_spr02006_master_image.nii.gz,Normal,,,,,,,,D:/Backup/Mestrado/dados/JPR/dataset_jpr_train/dataset_jpr_train/2/002006,True
1238,"1,28E+73",jpr_dados,F,30.0,GE MEDICAL SYSTEMS,321.0,0.625,0.548828,0.625,1.0,-1024.0,True,,,,/home/neuro-source/main_source/datasets/sprap_2024_03/id_spr01238/id_spr01238_master_image.nii.gz,Normal,,,,,,,,D:/Backup/Mestrado/dados/JPR/dataset_jpr_train/dataset_jpr_train/3/001238,True
1215,"1,28E+73",jpr_dados,M,36.0,GE MEDICAL SYSTEMS,206.0,2.5,0.582031,1.0,1.0,-1024.0,True,,,,/home/neuro-source/main_source/datasets/sprap_2024_03/id_spr01215/id_spr01215_master_image.nii.gz,Normal,,,,,,,,D:/Backup/Mestrado/dados/JPR/dataset_jpr_train/dataset_jpr_train/3/001215,True
1836,"1,28E+72",jpr_dados,M,35.0,TOSHIBA,226.0,1.0,0.456,0.8,1.0,0.0,True,,,,/home/neuro-source/main_source/datasets/sprap_2024_03/id_spr01836/id_spr01836_master_image.nii.gz,Normal,,,,,,,,D:/Backup/Mestrado/dados/JPR/dataset_jpr_train/dataset_jpr_train/2/001836,True
2398,"1,28E+73",jpr_dados,M,64.0,GE MEDICAL SYSTEMS,277.0,1.25,0.625,0.625,1.0,-1024.0,True,,,,/home/neuro-source/main_source/datasets/sprap_2024_03/id_spr02398/id_spr02398_master_image.nii.gz,Normal,,,,,,,,D:/Backup/Mestrado/dados/JPR/dataset_jpr_train/dataset_jpr_train/1/002398,True
1869,"1,28E+73",jpr_dados,M,26.0,TOSHIBA,234.0,1.0,0.448,0.7999999999999999,1.0,0.0,True,,,,/home/neuro-source/main_source/datasets/sprap_2024_03/id_spr01869/id_spr01869_master_image.nii.gz,Normal,,,,,,,,D:/Backup/Mestrado/dados/JPR/dataset_jpr_train/dataset_jpr_train/2/001869,True
1076,"1,28E+73",jpr_dados,M,32.0,Canon Medical Systems,226.0,1.0,0.556,1.0,1.0,0.0,True,,,,/home/neuro-source/main_source/datasets/sprap_2024_03/id_spr01076/id_spr01076_master_image.nii.gz,Normal,,,,,,,,D:/Backup/Mestrado/dados/JPR/dataset_jpr_train/dataset_jpr_train/3/001076,True
1795,"1,28E+73",jpr_dados,F,19.0,TOSHIBA,226.0,1.0,0.437,0.8,1.0,0.0,True,,,,/home/neuro-source/main_source/datasets/sprap_2024_03/id_spr01795/id_spr01795_master_image.nii.gz,Normal,,,,,,,,D:/Backup/Mestrado/dados/JPR/dataset_jpr_train/dataset_jpr_train/2/001795,True
1863,"1,28E+73",jpr_dados,F,21.0,TOSHIBA,213.0,1.0,0.41,0.7999999999999998,1.0,0.0,True,,,,/home/neuro-source/main_source/datasets/sprap_2024_03/id_spr01863/id_spr01863_master_image.nii.gz,Normal,,,,,,,,D:/Backup/Mestrado/dados/JPR/dataset_jpr_train/dataset_jpr_train/2/001863,True
2467,"1,28E+73",jpr_dados,F,57.0,GE MEDICAL SYSTEMS,299.0,1.25,0.433593988419,0.625,1.0,-1024.0,True,,,,/home/neuro-source/main_source/datasets/sprap_2024_03/id_spr02467/id_spr02467_master_image.nii.gz,Normal,,,,,,,,D:/Backup/Mestrado/dados/JPR/dataset_jpr_train/dataset_jpr_train/1/002467,True
2452,"1,28E+73",jpr_dados,F,71.0,GE MEDICAL SYSTEMS,277.0,1.25,0.45898398757,0.625,1.0,-1024.0,True,,,,/home/neuro-source/main_source/datasets/sprap_2024_03/id_spr02452/id_spr02452_master_image.nii.gz,Normal,,,,,,,,D:/Backup/Mestrado/dados/JPR/dataset_jpr_train/dataset_jpr_train/1/002452,True
1898,"1,28E+73",jpr_dados,F,46.0,Philips,231.0,1.5,0.457031,0.75,1.0,-1024.0,True,,,,/home/neuro-source/main_source/datasets/sprap_2024_03/id_spr01898/id_spr01898_master_image.nii.gz,Normal,,,,,,,,D:/Backup/Mestrado/dados/JPR/dataset_jpr_train/dataset_jpr_train/2/001898,True
1434,"1,28E+73",jpr_dados,M,56.0,TOSHIBA,238.0,1.0,0.459,0.8,1.0,0.0,True,,,,/home/neuro-source/main_source/datasets/sprap_2024_03/id_spr01434/id_spr01434_master_image.nii.gz,Normal,,,,,,,,D:/Backup/Mestrado/dados/JPR/dataset_jpr_train/dataset_jpr_train/2/001434,True
1273,"1,28E+73",jpr_dados,F,48.0,Philips,211.0,2.0,0.48828125,1.0,1.0,-1024.0,True,,,,/home/neuro-source/main_source/datasets/sprap_2024_03/id_spr01273/id_spr01273_master_image.nii.gz,Normal,,,,,,,,D:/Backup/Mestrado/dados/JPR/dataset_jpr_train/dataset_jpr_train/3/001273,True
1763,"1,28E+73",jpr_dados,F,39.0,TOSHIBA,206.0,1.0,0.415,0.8,1.0,0.0,True,,,,/home/neuro-source/main_source/datasets/sprap_2024_03/id_spr01763/id_spr01763_master_image.nii.gz,Normal,,,,,,,,D:/Backup/Mestrado/dados/JPR/dataset_jpr_train/dataset_jpr_train/2/001763,True
1334,"1,28E+73",jpr_dados,F,52.0,TOSHIBA,226.0,1.0,0.424,0.8,1.0,0.0,True,,,,/home/neuro-source/main_source/datasets/sprap_2024_03/id_spr01334/id_spr01334_master_image.nii.gz,Normal,,,,,,,,D:/Backup/Mestrado/dados/JPR/dataset_jpr_train/dataset_jpr_train/2/001334,True
2143,"1,28E+73",jpr_dados,M,23.0,SIEMENS,250.0,0.75,0.435546875,0.7,1.0,-1024.0,True,,,,/home/neuro-source/main_source/datasets/sprap_2024_03/id_spr02143/id_spr02143_master_image.nii.gz,Normal,,,,,,,,D:/Backup/Mestrado/dados/JPR/dataset_jpr_train/dataset_jpr_train/2/002143,True
2333,"1,28E+73",jpr_dados,M,32.0,TOSHIBA,232.0,1.0,0.449,0.8,1.0,0.0,True,,,,/home/neuro-source/main_source/datasets/sprap_2024_03/id_spr02333/id_spr02333_master_image.nii.gz,Normal,,,,,,,,D:/Backup/Mestrado/dados/JPR/dataset_jpr_train/dataset_jpr_train/2/002333,True
1033,"1,28E+72",jpr_dados,M,55.0,Canon Medical Systems,201.0,1.0,0.5,1.0,1.0,0.0,True,,,,/home/neuro-source/main_source/datasets/sprap_2024_03/id_spr01033/id_spr01033_master_image.nii.gz,Normal,,,,,,,,D:/Backup/Mestrado/dados/JPR/dataset_jpr_train/dataset_jpr_train/3/001033,True
2387,"1,28E+73",jpr_dados,F,45.0,GE MEDICAL SYSTEMS,277.0,1.25,0.42773398757,0.625,1.0,-1024.0,True,,,,/home/neuro-source/main_source/datasets/sprap_2024_03/id_spr02387/id_spr02387_master_image.nii.gz,Normal,,,,,,,,,True
1839,"1,28E+73",jpr_dados,M,59.0,Philips,228.0,1.5,0.410156,0.75,1.0,-1024.0,True,,,,/home/neuro-source/main_source/datasets/sprap_2024_03/id_spr01839/id_spr01839_master_image.nii.gz,Normal,,,,,,,,D:/Backup/Mestrado/dados/JPR/dataset_jpr_train/dataset_jpr_train/2/001839,True
1788,"1,28E+73",jpr_dados,F,24.0,Philips,222.0,1.5,0.457031,0.7500001357466065,1.0,-1024.0,True,,,,/home/neuro-source/main_source/datasets/sprap_2024_03/id_spr01788/id_spr01788_master_image.nii.gz,Normal,,,,,,,,D:/Backup/Mestrado/dados/JPR/dataset_jpr_train/dataset_jpr_train/2/001788,True
1888,"1,28E+73",jpr_dados,F,33.0,TOSHIBA,232.0,1.0,0.483,0.8,1.0,0.0,True,,,,/home/neuro-source/main_source/datasets/sprap_2024_03/id_spr01888/id_spr01888_master_image.nii.gz,Normal,,,,,,,,D:/Backup/Mestrado/dados/JPR/dataset_jpr_train/dataset_jpr_train/2/001888,True
1996,"1,28E+73",jpr_dados,F,50.0,TOSHIBA,207.0,1.0,0.449,0.8,1.0,0.0,True,,,,/home/neuro-source/main_source/datasets/sprap_2024_03/id_spr01996/id_spr01996_master_image.nii.gz,Normal,,,,,,,,D:/Backup/Mestrado/dados/JPR/dataset_jpr_train/dataset_jpr_train/2/001996,True
2546,"1,28E+73",jpr_dados,M,73.0,GE MEDICAL SYSTEMS,317.0,1.25,0.488281011581,0.625,1.0,-1024.0,True,,,,/home/neuro-source/main_source/datasets/sprap_2024_03/id_spr02546/id_spr02546_master_image.nii.gz,Normal,,,,,,,,D:/Backup/Mestrado/dados/JPR/dataset_jpr_train/dataset_jpr_train/1/002546,True
1577,"1,28E+73",jpr_dados,M,43.0,SIEMENS,284.0,1.0,0.498046875,0.7000000000000001,1.0,-1024.0,True,,,,/home/neuro-source/main_source/datasets/sprap_2024_03/id_spr01577/id_spr01577_master_image.nii.gz,Normal,,,,,,,,D:/Backup/Mestrado/dados/JPR/dataset_jpr_train/dataset_jpr_train/2/001577,True
1827,"1,28E+73",jpr_dados,M,35.0,Philips,232.0,1.5,0.474609,0.75,1.0,-1024.0,True,,,,/home/neuro-source/main_source/datasets/sprap_2024_03/id_spr01827/id_spr01827_master_image.nii.gz,Normal,,,,,,,,D:/Backup/Mestrado/dados/JPR/dataset_jpr_train/dataset_jpr_train/2/001827,True
1928,"1,28E+73",jpr_dados,F,36.0,TOSHIBA,219.0,1.0,0.51,0.7999999999999999,1.0,0.0,True,,,,/home/neuro-source/main_source/datasets/sprap_2024_03/id_spr01928/id_spr01928_master_image.nii.gz,Normal,,,,,,,,D:/Backup/Mestrado/dados/JPR/dataset_jpr_train/dataset_jpr_train/2/001928,True
1312,"1,28E+73",jpr_dados,F,23.0,TOSHIBA,207.0,1.0,0.379,0.8,1.0,0.0,True,,,,/home/neuro-source/main_source/datasets/sprap_2024_03/id_spr01312/id_spr01312_master_image.nii.gz,Normal,,,,,,,,D:/Backup/Mestrado/dados/JPR/dataset_jpr_train/dataset_jpr_train/3/001312,True
2049,"1,28E+73",jpr_dados,F,39.0,TOSHIBA,201.0,1.0,0.43,0.8,1.0,0.0,True,,,,/home/neuro-source/main_source/datasets/sprap_2024_03/id_spr02049/id_spr02049_master_image.nii.gz,Normal,,,,,,,,D:/Backup/Mestrado/dados/JPR/dataset_jpr_train/dataset_jpr_train/2/002049,True
524,"1,28E+73",jpr_dados,M,41.0,Philips,240.0,1.5,0.48828125,0.7499999983263597,1.0,-1024.0,True,,,,/home/neuro-source/main_source/datasets/sprap_2024_03/id_spr00524/id_spr00524_master_image.nii.gz,Normal,,,,,,,,D:/Backup/Mestrado/dados/JPR/dataset_jpr_train/dataset_jpr_train/3/000524,True
661,"1,28E+73",jpr_dados,M,60.0,GE MEDICAL SYSTEMS,285.0,0.625,0.371094,0.625,1.0,-1024.0,True,,,,/home/neuro-source/main_source/datasets/sprap_2024_03/id_spr00661/id_spr00661_master_image.nii.gz,Normal,,,,,,,,D:/Backup/Mestrado/dados/JPR/dataset_jpr_train/dataset_jpr_train/3/000661,True
2313,"1,28E+73",jpr_dados,M,48.0,TOSHIBA,201.0,2.0,0.473,1.0,1.0,0.0,True,,,,/home/neuro-source/main_source/datasets/sprap_2024_03/id_spr02313/id_spr02313_master_image.nii.gz,Normal,,,,,,,,D:/Backup/Mestrado/dados/JPR/dataset_jpr_train/dataset_jpr_train/2/002313,True
1989,"1,28E+73",jpr_dados,F,39.0,TOSHIBA,238.0,1.0,0.481,0.8,1.0,0.0,True,,,,/home/neuro-source/main_source/datasets/sprap_2024_03/id_spr01989/id_spr01989_master_image.nii.gz,Normal,,,,,,,,D:/Backup/Mestrado/dados/JPR/dataset_jpr_train/dataset_jpr_train/2/001989,True
1794,"1,28E+73",jpr_dados,F,29.0,SIEMENS,274.0,1.0,0.4765625,0.6999999999999996,1.0,-1024.0,True,,,,/home/neuro-source/main_source/datasets/sprap_2024_03/id_spr01794/id_spr01794_master_image.nii.gz,Normal,,,,,,,,D:/Backup/Mestrado/dados/JPR/dataset_jpr_train/dataset_jpr_train/2/001794,True
2003,"1,28E+73",jpr_dados,F,57.0,TOSHIBA,207.0,1.0,0.429,0.7999999999999998,1.0,0.0,True,,,,/home/neuro-source/main_source/datasets/sprap_2024_03/id_spr02003/id_spr02003_master_image.nii.gz,Normal,,,,,,,,D:/Backup/Mestrado/dados/JPR/dataset_jpr_train/dataset_jpr_train/2/002003,True
1938,"1,28E+72",jpr_dados,F,33.0,TOSHIBA,219.0,1.0,0.429,0.7999999999999999,1.0,0.0,True,,,,/home/neuro-source/main_source/datasets/sprap_2024_03/id_spr01938/id_spr01938_master_image.nii.gz,Normal,,,,,,,,D:/Backup/Mestrado/dados/JPR/dataset_jpr_train/dataset_jpr_train/2/001938,True
871,"1,28E+73",jpr_dados,M,21.0,Philips,219.0,1.5,0.458984375,0.75,1.0,-1024.0,True,,,,/home/neuro-source/main_source/datasets/sprap_2024_03/id_spr00871/id_spr00871_master_image.nii.gz,Normal,,,,,,,,D:/Backup/Mestrado/dados/JPR/dataset_jpr_train/dataset_jpr_train/3/000871,True
2444,"1,28E+73",jpr_dados,M,69.0,TOSHIBA,232.0,1.0,0.470999985933,0.7999999999999998,1.0,0.0,True,,,,/home/neuro-source/main_source/datasets/sprap_2024_03/id_spr02444/id_spr02444_master_image.nii.gz,Normal,,,,,,,,D:/Backup/Mestrado/dados/JPR/dataset_jpr_train/dataset_jpr_train/1/002444,True
1963,"1,28E+73",jpr_dados,F,32.0,TOSHIBA,238.0,1.0,0.515,0.8,1.0,0.0,True,,,,/home/neuro-source/main_source/datasets/sprap_2024_03/id_spr01963/id_spr01963_master_image.nii.gz,Normal,,,,,,,,D:/Backup/Mestrado/dados/JPR/dataset_jpr_train/dataset_jpr_train/2/001963,True
1355,"1,28E+73",jpr_dados,F,49.0,Canon Medical Systems,232.0,1.0,0.412,0.7999999999999998,1.0,0.0,True,,,,/home/neuro-source/main_source/datasets/sprap_2024_03/id_spr01355/id_spr01355_master_image.nii.gz,Normal,,,,,,,,D:/Backup/Mestrado/dados/JPR/dataset_jpr_train/dataset_jpr_train/2/001355,True
705,"1,28E+73",jpr_dados,F,23.0,Philips,235.0,1.5,0.525390625,0.7499999982905983,1.0,-1024.0,True,,,,/home/neuro-source/main_source/datasets/sprap_2024_03/id_spr00705/id_spr00705_master_image.nii.gz,Normal,,,,,,,,D:/Backup/Mestrado/dados/JPR/dataset_jpr_train/dataset_jpr_train/3/000705,True
1808,"1,28E+73",jpr_dados,M,23.0,TOSHIBA,226.0,1.0,0.483,0.8,1.0,0.0,True,,,,/home/neuro-source/main_source/datasets/sprap_2024_03/id_spr01808/id_spr01808_master_image.nii.gz,Normal,,,,,,,,D:/Backup/Mestrado/dados/JPR/dataset_jpr_train/dataset_jpr_train/2/001808,True
1568,"1,28E+73",jpr_dados,M,21.0,Philips,249.0,1.5,0.488281,0.750000120967742,1.0,-1024.0,True,,,,/home/neuro-source/main_source/datasets/sprap_2024_03/id_spr01568/id_spr01568_master_image.nii.gz,Normal,,,,,,,,D:/Backup/Mestrado/dados/JPR/dataset_jpr_train/dataset_jpr_train/2/001568,True
1381,"1,28E+73",jpr_dados,M,43.0,GE MEDICAL SYSTEMS,281.0,0.625,0.449219,0.625,1.0,-1024.0,True,,,,/home/neuro-source/main_source/datasets/sprap_2024_03/id_spr01381/id_spr01381_master_image.nii.gz,Normal,,,,,,,,D:/Backup/Mestrado/dados/JPR/dataset_jpr_train/dataset_jpr_train/2/001381,True
491,"1,28E+73",jpr_dados,F,54.0,GE MEDICAL SYSTEMS,267.0,1.25,0.498047,0.625,1.0,-1024.0,True,,,,/home/neuro-source/main_source/datasets/sprap_2024_03/id_spr00491/id_spr00491_master_image.nii.gz,Normal,,,,,,,,D:/Backup/Mestrado/dados/JPR/dataset_jpr_train/dataset_jpr_train/3/000491,True
1987,"1,28E+73",jpr_dados,M,25.0,TOSHIBA,251.0,1.0,0.466,0.8,1.0,0.0,True,,,,/home/neuro-source/main_source/datasets/sprap_2024_03/id_spr01987/id_spr01987_master_image.nii.gz,Normal,,,,,,,,D:/Backup/Mestrado/dados/JPR/dataset_jpr_train/dataset_jpr_train/2/001987,True
2066,"1,28E+72",jpr_dados,F,23.0,TOSHIBA,238.0,1.0,0.463,0.8,1.0,0.0,True,,,,/home/neuro-source/main_source/datasets/sprap_2024_03/id_spr02066/id_spr02066_master_image.nii.gz,Normal,,,,,,,,D:/Backup/Mestrado/dados/JPR/dataset_jpr_train/dataset_jpr_train/2/002066,True
2010,"1,28E+73",jpr_dados,F,41.0,TOSHIBA,222.0,1.0,0.43,0.8,1.0,0.0,True,,,,/home/neuro-source/main_source/datasets/sprap_2024_03/id_spr02010/id_spr02010_master_image.nii.gz,Normal,,,,,,,,D:/Backup/Mestrado/dados/JPR/dataset_jpr_train/dataset_jpr_train/2/002010,True
1549,"1,28E+73",jpr_dados,F,27.0,Philips,211.0,1.5,0.417969,0.75,1.0,-1024.0,True,,,,/home/neuro-source/main_source/datasets/sprap_2024_03/id_spr01549/id_spr01549_master_image.nii.gz,Normal,,,,,,,,D:/Backup/Mestrado/dados/JPR/dataset_jpr_train/dataset_jpr_train/2/001549,True
2371,"1,28E+73",jpr_dados,F,49.0,GE MEDICAL SYSTEMS,245.0,1.25,0.441406011581,0.625,1.0,-1024.0,True,,,,/home/neuro-source/main_source/datasets/sprap_2024_03/id_spr02371/id_spr02371_master_image.nii.gz,Normal,,,,,,,,D:/Backup/Mestrado/dados/JPR/dataset_jpr_train/dataset_jpr_train/1/002371,True
476,"1,28E+73",jpr_dados,F,31.0,Canon Medical Systems,211.0,1.0,0.549,1.0,1.0,0.0,True,,,,/home/neuro-source/main_source/datasets/sprap_2024_03/id_spr00476/id_spr00476_master_image.nii.gz,Normal,,,,,,,,D:/Backup/Mestrado/dados/JPR/dataset_jpr_train/dataset_jpr_train/3/000476,True
843,"1,28E+73",jpr_dados,F,36.0,Canon Medical Systems,201.0,2.0,0.551,1.0,1.0,0.0,True,,,,/home/neuro-source/main_source/datasets/sprap_2024_03/id_spr00843/id_spr00843_master_image.nii.gz,Normal,,,,,,,,D:/Backup/Mestrado/dados/JPR/dataset_jpr_train/dataset_jpr_train/3/000843,True
2137,"1,28E+73",jpr_dados,F,48.0,SIEMENS,261.0,0.75,0.44140625,0.6999999999999997,1.0,-1024.0,True,,,,/home/neuro-source/main_source/datasets/sprap_2024_03/id_spr02137/id_spr02137_master_image.nii.gz,Normal,,,,,,,,D:/Backup/Mestrado/dados/JPR/dataset_jpr_train/dataset_jpr_train/2/002137,True
1324,"1,28E+73",jpr_dados,F,30.0,GE MEDICAL SYSTEMS,256.0,0.625,0.488281,0.6250039215686274,1.0,-1024.0,True,,,,/home/neuro-source/main_source/datasets/sprap_2024_03/id_spr01324/id_spr01324_master_image.nii.gz,Normal,,,,,,,,D:/Backup/Mestrado/dados/JPR/dataset_jpr_train/dataset_jpr_train/2/001324,True
1962,"1,28E+73",jpr_dados,F,29.0,TOSHIBA,263.0,1.0,0.505,0.8,1.0,0.0,True,,,,/home/neuro-source/main_source/datasets/sprap_2024_03/id_spr01962/id_spr01962_master_image.nii.gz,Normal,,,,,,,,D:/Backup/Mestrado/dados/JPR/dataset_jpr_train/dataset_jpr_train/2/001962,True
1832,"1,28E+73",jpr_dados,M,32.0,TOSHIBA,301.0,1.0,0.468,0.8,1.0,0.0,True,,,,/home/neuro-source/main_source/datasets/sprap_2024_03/id_spr01832/id_spr01832_master_image.nii.gz,Normal,,,,,,,,D:/Backup/Mestrado/dados/JPR/dataset_jpr_train/dataset_jpr_train/2/001832,True
1572,"1,28E+73",jpr_dados,F,33.0,GE MEDICAL SYSTEMS,361.0,0.625,0.486328,0.625,1.0,-1024.0,True,,,,/home/neuro-source/main_source/datasets/sprap_2024_03/id_spr01572/id_spr01572_master_image.nii.gz,Normal,,,,,,,,D:/Backup/Mestrado/dados/JPR/dataset_jpr_train/dataset_jpr_train/2/001572,True
2362,"1,28E+73",jpr_dados,M,84.0,GE MEDICAL SYSTEMS,285.0,1.25,0.625,0.625,1.0,-1024.0,True,,,,/home/neuro-source/main_source/datasets/sprap_2024_03/id_spr02362/id_spr02362_master_image.nii.gz,Normal,,,,,,,,D:/Backup/Mestrado/dados/JPR/dataset_jpr_train/dataset_jpr_train/1/002362,True
1941,"1,28E+73",jpr_dados,F,50.0,TOSHIBA,238.0,1.0,0.43,0.8,1.0,0.0,True,,,,/home/neuro-source/main_source/datasets/sprap_2024_03/id_spr01941/id_spr01941_master_image.nii.gz,Normal,,,,,,,,D:/Backup/Mestrado/dados/JPR/dataset_jpr_train/dataset_jpr_train/2/001941,True
2524,"1,28E+73",jpr_dados,F,44.0,GE MEDICAL SYSTEMS,293.0,1.25,0.423828005791,0.625,1.0,-1024.0,True,,,,/home/neuro-source/main_source/datasets/sprap_2024_03/id_spr02524/id_spr02524_master_image.nii.gz,Normal,,,,,,,,D:/Backup/Mestrado/dados/JPR/dataset_jpr_train/dataset_jpr_train/1/002524,True
1527,"1,28E+73",jpr_dados,F,34.0,TOSHIBA,213.0,1.0,0.43,0.8000000000000002,1.0,0.0,True,,,,/home/neuro-source/main_source/datasets/sprap_2024_03/id_spr01527/id_spr01527_master_image.nii.gz,Normal,,,,,,,,D:/Backup/Mestrado/dados/JPR/dataset_jpr_train/dataset_jpr_train/2/001527,True
2015,"1,28E+73",jpr_dados,F,28.0,TOSHIBA,232.0,1.0,0.473,0.7999999999999998,1.0,0.0,True,,,,/home/neuro-source/main_source/datasets/sprap_2024_03/id_spr02015/id_spr02015_master_image.nii.gz,Normal,,,,,,,,D:/Backup/Mestrado/dados/JPR/dataset_jpr_train/dataset_jpr_train/2/002015,True
2560,"1,28E+73",jpr_dados,F,85.0,GE MEDICAL SYSTEMS,267.0,1.25,0.488281011581,0.625,1.0,-1024.0,True,,,,/home/neuro-source/main_source/datasets/sprap_2024_03/id_spr02560/id_spr02560_master_image.nii.gz,Normal,,,,,,,,D:/Backup/Mestrado/dados/JPR/dataset_jpr_train/dataset_jpr_train/1/002560,True
1335,"1,28E+73",jpr_dados,M,39.0,TOSHIBA,238.0,1.0,0.478,0.8,1.0,0.0,True,,,,/home/neuro-source/main_source/datasets/sprap_2024_03/id_spr01335/id_spr01335_master_image.nii.gz,Normal,,,,,,,,D:/Backup/Mestrado/dados/JPR/dataset_jpr_train/dataset_jpr_train/2/001335,True
1272,"1,28E+73",jpr_dados,F,21.0,Philips,220.0,1.5,0.412109375,0.75,1.0,-1024.0,True,,,,/home/neuro-source/main_source/datasets/sprap_2024_03/id_spr01272/id_spr01272_master_image.nii.gz,Normal,,,,,,,,D:/Backup/Mestrado/dados/JPR/dataset_jpr_train/dataset_jpr_train/3/001272,True
1280,"1,28E+73",jpr_dados,M,52.0,GE MEDICAL SYSTEMS,239.0,0.625,0.429688,0.625,1.0,-1024.0,True,,,,/home/neuro-source/main_source/datasets/sprap_2024_03/id_spr01280/id_spr01280_master_image.nii.gz,Normal,,,,,,,,D:/Backup/Mestrado/dados/JPR/dataset_jpr_train/dataset_jpr_train/3/001280,True
2538,"1,28E+72",jpr_dados,F,59.0,GE MEDICAL SYSTEMS,265.0,1.25,0.394531011581,0.625,1.0,-1024.0,True,,,,/home/neuro-source/main_source/datasets/sprap_2024_03/id_spr02538/id_spr02538_master_image.nii.gz,Normal,,,,,,,,D:/Backup/Mestrado/dados/JPR/dataset_jpr_train/dataset_jpr_train/1/002538,True
1318,"1,28E+73",jpr_dados,M,44.0,TOSHIBA,244.0,1.0,0.473,0.7999999999999999,1.0,0.0,True,,,,/home/neuro-source/main_source/datasets/sprap_2024_03/id_spr01318/id_spr01318_master_image.nii.gz,Normal,,,,,,,,D:/Backup/Mestrado/dados/JPR/dataset_jpr_train/dataset_jpr_train/3/001318,True
1993,"1,28E+73",jpr_dados,F,47.0,TOSHIBA,232.0,1.0,0.429,0.8,1.0,0.0,True,,,,/home/neuro-source/main_source/datasets/sprap_2024_03/id_spr01993/id_spr01993_master_image.nii.gz,Normal,,,,,,,,D:/Backup/Mestrado/dados/JPR/dataset_jpr_train/dataset_jpr_train/2/001993,True
620,"1,28E+71",jpr_dados,F,33.0,Canon Medical Systems,211.0,2.0,0.503,1.0,1.0,0.0,True,,,,/home/neuro-source/main_source/datasets/sprap_2024_03/id_spr00620/id_spr00620_master_image.nii.gz,Normal,,,,,,,,D:/Backup/Mestrado/dados/JPR/dataset_jpr_train/dataset_jpr_train/3/000620,True
2600,"1,28E+73",jpr_dados,M,69.0,GE MEDICAL SYSTEMS,325.0,1.25,0.488281011581,0.625,1.0,-1024.0,True,,,,/home/neuro-source/main_source/datasets/sprap_2024_03/id_spr02600/id_spr02600_master_image.nii.gz,Normal,,,,,,,,D:/Backup/Mestrado/dados/JPR/dataset_jpr_train/dataset_jpr_train/1/002600,True
1594,"1,28E+73",jpr_dados,F,31.0,Philips,234.0,1.5,0.46875,0.75,1.0,-1024.0,True,,,,/home/neuro-source/main_source/datasets/sprap_2024_03/id_spr01594/id_spr01594_master_image.nii.gz,Normal,,,,,,,,D:/Backup/Mestrado/dados/JPR/dataset_jpr_train/dataset_jpr_train/2/001594,True
2186,"1,28E+73",jpr_dados,F,30.0,SIEMENS,250.0,1.0,0.48046875,0.6999999999999998,1.0,-1024.0,True,,,,/home/neuro-source/main_source/datasets/sprap_2024_03/id_spr02186/id_spr02186_master_image.nii.gz,Normal,,,,,,,,D:/Backup/Mestrado/dados/JPR/dataset_jpr_train/dataset_jpr_train/2/002186,True
2164,"1,28E+73",jpr_dados,F,58.0,GE MEDICAL SYSTEMS,273.0,0.625,0.417969,0.625,1.0,-1024.0,True,,,,/home/neuro-source/main_source/datasets/sprap_2024_03/id_spr02164/id_spr02164_master_image.nii.gz,Normal,,,,,,,,D:/Backup/Mestrado/dados/JPR/dataset_jpr_train/dataset_jpr_train/2/002164,True
1867,"1,28E+73",jpr_dados,M,43.0,TOSHIBA,232.0,1.0,0.473,0.8,1.0,0.0,True,,,,/home/neuro-source/main_source/datasets/sprap_2024_03/id_spr01867/id_spr01867_master_image.nii.gz,Normal,,,,,,,,D:/Backup/Mestrado/dados/JPR/dataset_jpr_train/dataset_jpr_train/2/001867,True
2348,"1,28E+73",jpr_dados,F,85.0,GE MEDICAL SYSTEMS,589.0,1.25,0.429688006639,0.0733418367346938,1.0,-1024.0,True,,,,/home/neuro-source/main_source/datasets/sprap_2024_03/id_spr02348/id_spr02348_master_image.nii.gz,Normal,,,,,,,,D:/Backup/Mestrado/dados/JPR/dataset_jpr_train/dataset_jpr_train/2/002348,True
1872,"1,28E+73",jpr_dados,F,42.0,GE MEDICAL SYSTEMS,201.0,1.25,0.433594,0.9,1.0,-1024.0,True,,,,/home/neuro-source/main_source/datasets/sprap_2024_03/id_spr01872/id_spr01872_master_image.nii.gz,Normal,,,,,,,,D:/Backup/Mestrado/dados/JPR/dataset_jpr_train/dataset_jpr_train/2/001872,True
1865,"1,28E+73",jpr_dados,F,54.0,TOSHIBA,226.0,1.0,0.429,0.8,1.0,0.0,True,,,,/home/neuro-source/main_source/datasets/sprap_2024_03/id_spr01865/id_spr01865_master_image.nii.gz,Normal,,,,,,,,D:/Backup/Mestrado/dados/JPR/dataset_jpr_train/dataset_jpr_train/2/001865,True
1030,"1,28E+73",jpr_dados,F,41.0,Philips,213.0,1.5,0.4375,0.7499999990566039,1.0,-1024.0,True,,,,/home/neuro-source/main_source/datasets/sprap_2024_03/id_spr01030/id_spr01030_master_image.nii.gz,Normal,,,,,,,,D:/Backup/Mestrado/dados/JPR/dataset_jpr_train/dataset_jpr_train/3/001030,True
2150,"1,28E+72",jpr_dados,F,35.0,SIEMENS,273.0,0.75,0.453125,0.7000000000000002,1.0,-1024.0,True,,,,/home/neuro-source/main_source/datasets/sprap_2024_03/id_spr02150/id_spr02150_master_image.nii.gz,Normal,,,,,,,,D:/Backup/Mestrado/dados/JPR/dataset_jpr_train/dataset_jpr_train/2/002150,True
1663,"1,28E+73",jpr_dados,M,24.0,SIEMENS,253.0,1.0,0.455078125,0.7,1.0,-1024.0,True,,,,/home/neuro-source/main_source/datasets/sprap_2024_03/id_spr01663/id_spr01663_master_image.nii.gz,Normal,,,,,,,,D:/Backup/Mestrado/dados/JPR/dataset_jpr_train/dataset_jpr_train/2/001663,True
2479,"1,28E+73",jpr_dados,F,42.0,GE MEDICAL SYSTEMS,277.0,1.25,0.439453005791,0.625,1.0,-1024.0,True,,,,/home/neuro-source/main_source/datasets/sprap_2024_03/id_spr02479/id_spr02479_master_image.nii.gz,Normal,,,,,,,,D:/Backup/Mestrado/dados/JPR/dataset_jpr_train/dataset_jpr_train/1/002479,True
1945,"1,28E+73",jpr_dados,M,19.0,TOSHIBA,219.0,1.0,0.419,0.7999999999999999,1.0,0.0,True,,,,/home/neuro-source/main_source/datasets/sprap_2024_03/id_spr01945/id_spr01945_master_image.nii.gz,Normal,,,,,,,,D:/Backup/Mestrado/dados/JPR/dataset_jpr_train/dataset_jpr_train/2/001945,True
2559,"1,28E+73",jpr_dados,F,76.0,GE MEDICAL SYSTEMS,299.0,1.25,0.433593988419,0.625,1.0,-1024.0,True,,,,/home/neuro-source/main_source/datasets/sprap_2024_03/id_spr02559/id_spr02559_master_image.nii.gz,Normal,,,,,,,,,True
1472,"1,28E+73",jpr_dados,F,39.0,GE MEDICAL SYSTEMS,233.0,0.625,0.400391,0.625,1.0,-1024.0,True,,,,/home/neuro-source/main_source/datasets/sprap_2024_03/id_spr01472/id_spr01472_master_image.nii.gz,Normal,,,,,,,,D:/Backup/Mestrado/dados/JPR/dataset_jpr_train/dataset_jpr_train/2/001472,True
2599,"1,28E+73",jpr_dados,M,78.0,GE MEDICAL SYSTEMS,281.0,2.5,0.488281011581,0.625,1.0,-1024.0,True,,,,/home/neuro-source/main_source/datasets/sprap_2024_03/id_spr02599/id_spr02599_master_image.nii.gz,Normal,,,,,,,,D:/Backup/Mestrado/dados/JPR/dataset_jpr_train/dataset_jpr_train/1/002599,True
1851,"1,28E+73",jpr_dados,F,49.0,TOSHIBA,226.0,1.0,0.456,0.8,1.0,0.0,True,,,,/home/neuro-source/main_source/datasets/sprap_2024_03/id_spr01851/id_spr01851_master_image.nii.gz,Normal,,,,,,,,D:/Backup/Mestrado/dados/JPR/dataset_jpr_train/dataset_jpr_train/2/001851,True
2166,"1,28E+73",jpr_dados,F,52.0,SIEMENS,213.0,1.0,0.466796875,0.6999999999999998,1.0,-1024.0,True,,,,/home/neuro-source/main_source/datasets/sprap_2024_03/id_spr02166/id_spr02166_master_image.nii.gz,Normal,,,,,,,,D:/Backup/Mestrado/dados/JPR/dataset_jpr_train/dataset_jpr_train/2/002166,True
1062,"1,28E+73",jpr_dados,M,22.0,Canon Medical Systems,226.0,2.0,0.583,1.0,1.0,0.0,True,,,,/home/neuro-source/main_source/datasets/sprap_2024_03/id_spr01062/id_spr01062_master_image.nii.gz,Normal,,,,,,,,D:/Backup/Mestrado/dados/JPR/dataset_jpr_train/dataset_jpr_train/3/001062,True
2402,"1,28E+72",jpr_dados,F,53.0,GE MEDICAL SYSTEMS,265.0,2.5,0.40039101243,0.625,1.0,-1024.0,True,,,,/home/neuro-source/main_source/datasets/sprap_2024_03/id_spr02402/id_spr02402_master_image.nii.gz,Normal,,,,,,,,D:/Backup/Mestrado/dados/JPR/dataset_jpr_train/dataset_jpr_train/1/002402,True
2598,"1,28E+73",jpr_dados,F,76.0,GE MEDICAL SYSTEMS,287.0,1.25,0.425781011581,0.625,1.0,-1024.0,True,,,,/home/neuro-source/main_source/datasets/sprap_2024_03/id_spr02598/id_spr02598_master_image.nii.gz,Normal,,,,,,,,D:/Backup/Mestrado/dados/JPR/dataset_jpr_train/dataset_jpr_train/1/002598,True
2611,"1,28E+73",jpr_dados,F,54.0,GE MEDICAL SYSTEMS,297.0,1.25,0.488281011581,0.625,1.0,-1024.0,True,,,,/home/neuro-source/main_source/datasets/sprap_2024_03/id_spr02611/id_spr02611_master_image.nii.gz,Normal,,,,,,,,D:/Backup/Mestrado/dados/JPR/dataset_jpr_train/dataset_jpr_train/1/002611,True
1551,"1,28E+73",jpr_dados,F,43.0,GE MEDICAL SYSTEMS,273.0,0.625,0.435547,0.625,1.0,-1024.0,True,,,,/home/neuro-source/main_source/datasets/sprap_2024_03/id_spr01551/id_spr01551_master_image.nii.gz,Normal,,,,,,,,D:/Backup/Mestrado/dados/JPR/dataset_jpr_train/dataset_jpr_train/2/001551,True
445,"1,28E+73",jpr_dados,F,37.0,Philips,225.0,1.5,0.396484375,0.7500000008928571,1.0,-1024.0,True,,,,/home/neuro-source/main_source/datasets/sprap_2024_03/id_spr00445/id_spr00445_master_image.nii.gz,Normal,,,,,,,,D:/Backup/Mestrado/dados/JPR/dataset_jpr_train/dataset_jpr_train/3/000445,True
1963,"1,28E+73",jpr_dados,F,32.0,TOSHIBA,238.0,1.0,0.515,0.8,1.0,0.0,True,,,,/home/neuro-source/main_source/datasets/sprap_2024_03/id_spr01963/id_spr01963_master_image.nii.gz,Normal,,,,,,,,D:/Backup/Mestrado/dados/JPR/dataset_jpr_train/dataset_jpr_train/2/001963,True
2545,"1,28E+73",jpr_dados,F,30.0,GE MEDICAL SYSTEMS,309.0,1.25,0.423828005791,0.625,1.0,-1024.0,True,,,,/home/neuro-source/main_source/datasets/sprap_2024_03/id_spr02545/id_spr02545_master_image.nii.gz,Normal,,,,,,,,D:/Backup/Mestrado/dados/JPR/dataset_jpr_train/dataset_jpr_train/1/002545,True
1574,"1,28E+73",jpr_dados,M,46.0,TOSHIBA,251.0,1.0,0.525,0.8,1.0,0.0,True,,,,/home/neuro-source/main_source/datasets/sprap_2024_03/id_spr01574/id_spr01574_master_image.nii.gz,Normal,,,,,,,,D:/Backup/Mestrado/dados/JPR/dataset_jpr_train/dataset_jpr_train/2/001574,True
1398,"1,28E+73",jpr_dados,M,41.0,SIEMENS,249.0,1.0,0.451171875,0.7000000000000001,1.0,-1024.0,True,,,,/home/neuro-source/main_source/datasets/sprap_2024_03/id_spr01398/id_spr01398_master_image.nii.gz,Normal,,,,,,,,D:/Backup/Mestrado/dados/JPR/dataset_jpr_train/dataset_jpr_train/2/001398,True
2492,"1,28E+71",jpr_dados,M,45.0,GE MEDICAL SYSTEMS,295.0,1.25,0.488281011581,0.625,1.0,-1024.0,True,,,,/home/neuro-source/main_source/datasets/sprap_2024_03/id_spr02492/id_spr02492_master_image.nii.gz,Normal,,,,,,,,D:/Backup/Mestrado/dados/JPR/dataset_jpr_train/dataset_jpr_train/1/002492,True
1018,"1,28E+73",jpr_dados,M,36.0,Philips,258.0,1.5,0.48828125,0.75,1.0,-1024.0,True,,,,/home/neuro-source/main_source/datasets/sprap_2024_03/id_spr01018/id_spr01018_master_image.nii.gz,Normal,,,,,,,,D:/Backup/Mestrado/dados/JPR/dataset_jpr_train/dataset_jpr_train/3/001018,True
2200,"1,28E+73",jpr_dados,F,21.0,TOSHIBA,213.0,1.0,0.401,0.8000000000000002,1.0,0.0,True,,,,/home/neuro-source/main_source/datasets/sprap_2024_03/id_spr02200/id_spr02200_master_image.nii.gz,Normal,,,,,,,,D:/Backup/Mestrado/dados/JPR/dataset_jpr_train/dataset_jpr_train/2/002200,True
1721,"1,28E+73",jpr_dados,M,36.0,SIEMENS,274.0,1.0,0.498046875,0.7,1.0,-1024.0,True,,,,/home/neuro-source/main_source/datasets/sprap_2024_03/id_spr01721/id_spr01721_master_image.nii.gz,Normal,,,,,,,,D:/Backup/Mestrado/dados/JPR/dataset_jpr_train/dataset_jpr_train/2/001721,True
937,"1,28E+73",jpr_dados,F,27.0,GE MEDICAL SYSTEMS,329.0,1.25,0.523438,0.625,1.0,-1024.0,True,,,,/home/neuro-source/main_source/datasets/sprap_2024_03/id_spr00937/id_spr00937_master_image.nii.gz,Normal,,,,,,,,D:/Backup/Mestrado/dados/JPR/dataset_jpr_train/dataset_jpr_train/3/000937,True
2033,"1,28E+73",jpr_dados,F,69.0,TOSHIBA,219.0,1.0,0.473,0.7999999999999999,1.0,0.0,True,,,,/home/neuro-source/main_source/datasets/sprap_2024_03/id_spr02033/id_spr02033_master_image.nii.gz,Normal,,,,,,,,D:/Backup/Mestrado/dados/JPR/dataset_jpr_train/dataset_jpr_train/2/002033,True
2449,"1,28E+73",jpr_dados,F,54.0,GE MEDICAL SYSTEMS,285.0,1.25,0.486328005791,0.625,1.0,-1024.0,True,,,,/home/neuro-source/main_source/datasets/sprap_2024_03/id_spr02449/id_spr02449_master_image.nii.gz,Normal,,,,,,,,,True
2001,"1,28E+73",jpr_dados,M,22.0,SIEMENS,266.0,1.0,0.453125,0.7,1.0,-1024.0,True,,,,/home/neuro-source/main_source/datasets/sprap_2024_03/id_spr02001/id_spr02001_master_image.nii.gz,Normal,,,,,,,,D:/Backup/Mestrado/dados/JPR/dataset_jpr_train/dataset_jpr_train/2/002001,True
491,"1,28E+73",jpr_dados,F,54.0,GE MEDICAL SYSTEMS,273.0,1.25,0.466797,0.625,1.0,-1024.0,True,,,,/home/neuro-source/main_source/datasets/sprap_2024_03/id_spr00491/id_spr00491_master_image.nii.gz,Normal,,,,,,,,D:/Backup/Mestrado/dados/JPR/dataset_jpr_train/dataset_jpr_train/3/000491,True
1665,"1,28E+73",jpr_dados,M,32.0,SIEMENS,274.0,1.0,0.46875,0.6999999999999998,1.0,-1024.0,True,,,,/home/neuro-source/main_source/datasets/sprap_2024_03/id_spr01665/id_spr01665_master_image.nii.gz,Normal,,,,,,,,D:/Backup/Mestrado/dados/JPR/dataset_jpr_train/dataset_jpr_train/2/001665,True
1106,"1,28E+73",jpr_dados,M,27.0,GE MEDICAL SYSTEMS,327.0,0.625,0.390625,0.625,1.0,-1024.0,True,,,,/home/neuro-source/main_source/datasets/sprap_2024_03/id_spr01106/id_spr01106_master_image.nii.gz,Normal,,,,,,,,D:/Backup/Mestrado/dados/JPR/dataset_jpr_train/dataset_jpr_train/3/001106,True
1085,"1,28E+73",jpr_dados,F,49.0,Canon Medical Systems,221.0,2.0,0.598,1.0,1.0,0.0,True,,,,/home/neuro-source/main_source/datasets/sprap_2024_03/id_spr01085/id_spr01085_master_image.nii.gz,Normal,,,,,,,,D:/Backup/Mestrado/dados/JPR/dataset_jpr_train/dataset_jpr_train/3/001085,True
2411,"1,28E+73",jpr_dados,F,59.0,GE MEDICAL SYSTEMS,279.0,1.25,0.453125,0.625,1.0,-1024.0,True,,,,/home/neuro-source/main_source/datasets/sprap_2024_03/id_spr02411/id_spr02411_master_image.nii.gz,Normal,,,,,,,,D:/Backup/Mestrado/dados/JPR/dataset_jpr_train/dataset_jpr_train/1/002411,True
1325,"1,28E+73",jpr_dados,M,65.0,Canon Medical Systems,219.0,1.0,0.424,0.7999999999999999,1.0,0.0,True,,,,/home/neuro-source/main_source/datasets/sprap_2024_03/id_spr01325/id_spr01325_master_image.nii.gz,Normal,,,,,,,,D:/Backup/Mestrado/dados/JPR/dataset_jpr_train/dataset_jpr_train/2/001325,True
2535,"1,28E+73",jpr_dados,F,73.0,GE MEDICAL SYSTEMS,257.0,1.25,0.419921994209,0.625,1.0,-1024.0,True,,,,/home/neuro-source/main_source/datasets/sprap_2024_03/id_spr02535/id_spr02535_master_image.nii.gz,Normal,,,,,,,,D:/Backup/Mestrado/dados/JPR/dataset_jpr_train/dataset_jpr_train/1/002535,True
1498,"1,28E+73",jpr_dados,M,62.0,TOSHIBA,341.0,1.0,0.441,0.5,1.0,0.0,True,,,,/home/neuro-source/main_source/datasets/sprap_2024_03/id_spr01498/id_spr01498_master_image.nii.gz,Normal,,,,,,,,D:/Backup/Mestrado/dados/JPR/dataset_jpr_train/dataset_jpr_train/2/001498,True
1322,"1,28E+73",jpr_dados,M,41.0,TOSHIBA,226.0,1.0,0.505,0.8,1.0,0.0,True,,,,/home/neuro-source/main_source/datasets/sprap_2024_03/id_spr01322/id_spr01322_master_image.nii.gz,Normal,,,,,,,,D:/Backup/Mestrado/dados/JPR/dataset_jpr_train/dataset_jpr_train/2/001322,True
1404,"1,28E+73",jpr_dados,M,26.0,TOSHIBA,219.0,1.0,0.456,0.7999999999999999,1.0,0.0,True,,,,/home/neuro-source/main_source/datasets/sprap_2024_03/id_spr01404/id_spr01404_master_image.nii.gz,Normal,,,,,,,,D:/Backup/Mestrado/dados/JPR/dataset_jpr_train/dataset_jpr_train/2/001404,True
2184,"1,28E+73",jpr_dados,F,23.0,SIEMENS,262.0,1.0,0.443359375,0.7000000000000001,1.0,-1024.0,True,,,,/home/neuro-source/main_source/datasets/sprap_2024_03/id_spr02184/id_spr02184_master_image.nii.gz,Normal,,,,,,,,D:/Backup/Mestrado/dados/JPR/dataset_jpr_train/dataset_jpr_train/2/002184,True
743,"1,28E+72",jpr_dados,F,31.0,GE MEDICAL SYSTEMS,265.0,0.625,0.416016,0.625,1.0,-1024.0,True,,,,/home/neuro-source/main_source/datasets/sprap_2024_03/id_spr00743/id_spr00743_master_image.nii.gz,Normal,,,,,,,,D:/Backup/Mestrado/dados/JPR/dataset_jpr_train/dataset_jpr_train/3/000743,True
937,"1,28E+73",jpr_dados,F,27.0,GE MEDICAL SYSTEMS,329.0,1.25,0.523438,0.625,1.0,-1024.0,True,,,,/home/neuro-source/main_source/datasets/sprap_2024_03/id_spr00937/id_spr00937_master_image.nii.gz,Normal,,,,,,,,D:/Backup/Mestrado/dados/JPR/dataset_jpr_train/dataset_jpr_train/3/000937,True
1651,"1,28E+73",jpr_dados,F,37.0,TOSHIBA,257.0,1.0,0.468,0.8,1.0,0.0,True,,,,/home/neuro-source/main_source/datasets/sprap_2024_03/id_spr01651/id_spr01651_master_image.nii.gz,Normal,,,,,,,,D:/Backup/Mestrado/dados/JPR/dataset_jpr_train/dataset_jpr_train/2/001651,True
2190,"1,28E+73",jpr_dados,F,29.0,SIEMENS,256.0,1.0,0.451171875,0.7,1.0,-1024.0,True,,,,/home/neuro-source/main_source/datasets/sprap_2024_03/id_spr02190/id_spr02190_master_image.nii.gz,Normal,,,,,,,,D:/Backup/Mestrado/dados/JPR/dataset_jpr_train/dataset_jpr_train/2/002190,True
1990,"1,28E+73",jpr_dados,M,54.0,TOSHIBA,241.0,1.0,0.547,0.8,1.0,0.0,True,,,,/home/neuro-source/main_source/datasets/sprap_2024_03/id_spr01990/id_spr01990_master_image.nii.gz,Normal,,,,,,,,D:/Backup/Mestrado/dados/JPR/dataset_jpr_train/dataset_jpr_train/2/001990,True
1873,"1,28E+73",jpr_dados,F,39.0,TOSHIBA,226.0,1.0,0.507,0.8,1.0,0.0,True,,,,/home/neuro-source/main_source/datasets/sprap_2024_03/id_spr01873/id_spr01873_master_image.nii.gz,Normal,,,,,,,,D:/Backup/Mestrado/dados/JPR/dataset_jpr_train/dataset_jpr_train/2/001873,True
1239,"1,28E+73",jpr_dados,F,31.0,Philips,228.0,1.5,0.451171875,0.7500000000000001,1.0,-1024.0,True,,,,/home/neuro-source/main_source/datasets/sprap_2024_03/id_spr01239/id_spr01239_master_image.nii.gz,Normal,,,,,,,,D:/Backup/Mestrado/dados/JPR/dataset_jpr_train/dataset_jpr_train/3/001239,True
2017,"1,28E+73",jpr_dados,F,51.0,TOSHIBA,226.0,1.0,0.444,0.8,1.0,0.0,True,,,,/home/neuro-source/main_source/datasets/sprap_2024_03/id_spr02017/id_spr02017_master_image.nii.gz,Normal,,,,,,,,D:/Backup/Mestrado/dados/JPR/dataset_jpr_train/dataset_jpr_train/2/002017,True
1368,"1,28E+73",jpr_dados,F,50.0,TOSHIBA,201.0,1.0,0.449,0.8,1.0,0.0,True,,,,/home/neuro-source/main_source/datasets/sprap_2024_03/id_spr01368/id_spr01368_master_image.nii.gz,Normal,,,,,,,,D:/Backup/Mestrado/dados/JPR/dataset_jpr_train/dataset_jpr_train/2/001368,True
764,"1,28E+73",jpr_dados,F,40.0,Philips,265.0,1.5,0.4375,0.7500000015151516,1.0,-1024.0,True,,,,/home/neuro-source/main_source/datasets/sprap_2024_03/id_spr00764/id_spr00764_master_image.nii.gz,Normal,,,,,,,,D:/Backup/Mestrado/dados/JPR/dataset_jpr_train/dataset_jpr_train/3/000764,True
2028,"1,28E+73",jpr_dados,F,42.0,TOSHIBA,251.0,1.0,0.449,0.8,1.0,0.0,True,,,,/home/neuro-source/main_source/datasets/sprap_2024_03/id_spr02028/id_spr02028_master_image.nii.gz,Normal,,,,,,,,D:/Backup/Mestrado/dados/JPR/dataset_jpr_train/dataset_jpr_train/2/002028,True
2149,"1,28E+73",jpr_dados,F,53.0,SIEMENS,255.0,0.75,0.43359375,0.7000000000000001,1.0,-1024.0,True,,,,/home/neuro-source/main_source/datasets/sprap_2024_03/id_spr02149/id_spr02149_master_image.nii.gz,Normal,,,,,,,,D:/Backup/Mestrado/dados/JPR/dataset_jpr_train/dataset_jpr_train/2/002149,True
2145,"1,28E+73",jpr_dados,M,37.0,SIEMENS,253.0,0.75,0.482421875,0.7,1.0,-1024.0,True,,,,/home/neuro-source/main_source/datasets/sprap_2024_03/id_spr02145/id_spr02145_master_image.nii.gz,Normal,,,,,,,,D:/Backup/Mestrado/dados/JPR/dataset_jpr_train/dataset_jpr_train/2/002145,True
2009,"1,28E+73",jpr_dados,M,26.0,TOSHIBA,263.0,1.0,0.449,0.8,1.0,0.0,True,,,,/home/neuro-source/main_source/datasets/sprap_2024_03/id_spr02009/id_spr02009_master_image.nii.gz,Normal,,,,,,,,D:/Backup/Mestrado/dados/JPR/dataset_jpr_train/dataset_jpr_train/2/002009,True
1501,"1,28E+73",jpr_dados,F,49.0,Philips,264.0,1.5,0.474609,0.75,1.0,-1024.0,True,,,,/home/neuro-source/main_source/datasets/sprap_2024_03/id_spr01501/id_spr01501_master_image.nii.gz,Normal,,,,,,,,D:/Backup/Mestrado/dados/JPR/dataset_jpr_train/dataset_jpr_train/2/001501,True
1515,"1,28E+73",jpr_dados,F,32.0,SIEMENS,249.0,1.0,0.42578125,0.6999999999999996,1.0,-1024.0,True,,,,/home/neuro-source/main_source/datasets/sprap_2024_03/id_spr01515/id_spr01515_master_image.nii.gz,Normal,,,,,,,,D:/Backup/Mestrado/dados/JPR/dataset_jpr_train/dataset_jpr_train/2/001515,True
1998,"1,28E+73",jpr_dados,M,30.0,TOSHIBA,226.0,1.0,0.468,0.8,1.0,0.0,True,,,,/home/neuro-source/main_source/datasets/sprap_2024_03/id_spr01998/id_spr01998_master_image.nii.gz,Normal,,,,,,,,D:/Backup/Mestrado/dados/JPR/dataset_jpr_train/dataset_jpr_train/2/001998,True
1571,"1,28E+73",jpr_dados,M,20.0,Philips,267.0,1.5,0.455078,0.7500036729323307,1.0,-1024.0,True,,,,/home/neuro-source/main_source/datasets/sprap_2024_03/id_spr01571/id_spr01571_master_image.nii.gz,Normal,,,,,,,,D:/Backup/Mestrado/dados/JPR/dataset_jpr_train/dataset_jpr_train/2/001571,True
2057,"1,28E+73",jpr_dados,F,21.0,TOSHIBA,238.0,1.0,0.468,0.8,1.0,0.0,True,,,,/home/neuro-source/main_source/datasets/sprap_2024_03/id_spr02057/id_spr02057_master_image.nii.gz,Normal,,,,,,,,D:/Backup/Mestrado/dados/JPR/dataset_jpr_train/dataset_jpr_train/2/002057,True
2035,"1,28E+72",jpr_dados,F,26.0,TOSHIBA,207.0,1.0,0.429,0.8,1.0,0.0,True,,,,/home/neuro-source/main_source/datasets/sprap_2024_03/id_spr02035/id_spr02035_master_image.nii.gz,Normal,,,,,,,,D:/Backup/Mestrado/dados/JPR/dataset_jpr_train/dataset_jpr_train/2/002035,True
1999,"1,28E+73",jpr_dados,F,41.0,TOSHIBA,226.0,1.0,0.429,0.8,1.0,0.0,True,,,,/home/neuro-source/main_source/datasets/sprap_2024_03/id_spr01999/id_spr01999_master_image.nii.gz,Normal,,,,,,,,D:/Backup/Mestrado/dados/JPR/dataset_jpr_train/dataset_jpr_train/2/001999,True
1755,"1,28E+73",jpr_dados,F,29.0,Philips,226.0,1.5,0.417969,0.75,1.0,-1024.0,True,,,,/home/neuro-source/main_source/datasets/sprap_2024_03/id_spr01755/id_spr01755_master_image.nii.gz,Normal,,,,,,,,D:/Backup/Mestrado/dados/JPR/dataset_jpr_train/dataset_jpr_train/2/001755,True
1817,"1,28E+72",jpr_dados,F,19.0,TOSHIBA,213.0,1.0,0.449,0.8000000000000002,1.0,0.0,True,,,,/home/neuro-source/main_source/datasets/sprap_2024_03/id_spr01817/id_spr01817_master_image.nii.gz,Normal,,,,,,,,D:/Backup/Mestrado/dados/JPR/dataset_jpr_train/dataset_jpr_train/2/001817,True
1455,"1,28E+73",jpr_dados,F,41.0,SIEMENS,251.0,1.0,0.41796875,0.7,1.0,-1024.0,True,,,,/home/neuro-source/main_source/datasets/sprap_2024_03/id_spr01455/id_spr01455_master_image.nii.gz,Normal,,,,,,,,D:/Backup/Mestrado/dados/JPR/dataset_jpr_train/dataset_jpr_train/2/001455,True
1849,"1,28E+71",jpr_dados,F,46.0,TOSHIBA,213.0,1.0,0.463,0.8000000000000002,1.0,0.0,True,,,,/home/neuro-source/main_source/datasets/sprap_2024_03/id_spr01849/id_spr01849_master_image.nii.gz,Normal,,,,,,,,D:/Backup/Mestrado/dados/JPR/dataset_jpr_train/dataset_jpr_train/2/001849,True
1499,"1,28E+72",jpr_dados,M,27.0,TOSHIBA,232.0,1.0,0.429,0.8,1.0,0.0,True,,,,/home/neuro-source/main_source/datasets/sprap_2024_03/id_spr01499/id_spr01499_master_image.nii.gz,Normal,,,,,,,,D:/Backup/Mestrado/dados/JPR/dataset_jpr_train/dataset_jpr_train/2/001499,True
1306,"1,28E+73",jpr_dados,F,39.0,TOSHIBA,226.0,1.0,0.466,0.8,1.0,0.0,True,,,,/home/neuro-source/main_source/datasets/sprap_2024_03/id_spr01306/id_spr01306_master_image.nii.gz,Normal,,,,,,,,D:/Backup/Mestrado/dados/JPR/dataset_jpr_train/dataset_jpr_train/3/001306,True
2394,"1,28E+73",jpr_dados,F,28.0,GE MEDICAL SYSTEMS,293.0,1.25,0.488281011581,0.625,1.0,-1024.0,True,,,,/home/neuro-source/main_source/datasets/sprap_2024_03/id_spr02394/id_spr02394_master_image.nii.gz,Normal,,,,,,,,D:/Backup/Mestrado/dados/JPR/dataset_jpr_train/dataset_jpr_train/1/002394,True
2351,"1,28E+73",jpr_dados,F,56.0,GE MEDICAL SYSTEMS,264.0,1.25,0.419921994209,0.6273764258555133,1.0,-1024.0,True,,,,/home/neuro-source/main_source/datasets/sprap_2024_03/id_spr02351/id_spr02351_master_image.nii.gz,Normal,,,,,,,,D:/Backup/Mestrado/dados/JPR/dataset_jpr_train/dataset_jpr_train/2/002351,True
1478,"1,28E+73",jpr_dados,F,45.0,SIEMENS,267.0,1.0,0.427734375,0.7000000000000001,1.0,-1024.0,True,,,,/home/neuro-source/main_source/datasets/sprap_2024_03/id_spr01478/id_spr01478_master_image.nii.gz,Normal,,,,,,,,D:/Backup/Mestrado/dados/JPR/dataset_jpr_train/dataset_jpr_train/2/001478,True
541,"1,28E+73",jpr_dados,M,36.0,Philips,211.0,2.0,0.53515625,1.0,1.0,-1024.0,True,,,,/home/neuro-source/main_source/datasets/sprap_2024_03/id_spr00541/id_spr00541_master_image.nii.gz,Normal,,,,,,,,D:/Backup/Mestrado/dados/JPR/dataset_jpr_train/dataset_jpr_train/3/000541,True
2139,"1,28E+73",jpr_dados,F,28.0,SIEMENS,261.0,0.75,0.482421875,0.7,1.0,-1024.0,True,,,,/home/neuro-source/main_source/datasets/sprap_2024_03/id_spr02139/id_spr02139_master_image.nii.gz,Normal,,,,,,,,D:/Backup/Mestrado/dados/JPR/dataset_jpr_train/dataset_jpr_train/2/002139,True
457,"1,28E+73",jpr_dados,F,35.0,GE MEDICAL SYSTEMS,298.0,0.625,0.488281,0.625,1.0,-1024.0,True,,,,/home/neuro-source/main_source/datasets/sprap_2024_03/id_spr00457/id_spr00457_master_image.nii.gz,Normal,,,,,,,,D:/Backup/Mestrado/dados/JPR/dataset_jpr_train/dataset_jpr_train/3/000457,True
1758,"1,28E+73",jpr_dados,M,37.0,SIEMENS,266.0,1.0,0.46875,0.7,1.0,-1024.0,True,,,,/home/neuro-source/main_source/datasets/sprap_2024_03/id_spr01758/id_spr01758_master_image.nii.gz,Normal,,,,,,,,D:/Backup/Mestrado/dados/JPR/dataset_jpr_train/dataset_jpr_train/2/001758,True
1167,"1,28E+73",jpr_dados,F,33.0,Canon Medical Systems,201.0,2.0,0.5,1.0,1.0,0.0,True,,,,/home/neuro-source/main_source/datasets/sprap_2024_03/id_spr01167/id_spr01167_master_image.nii.gz,Normal,,,,,,,,D:/Backup/Mestrado/dados/JPR/dataset_jpr_train/dataset_jpr_train/3/001167,True
2644,"1,28E+72",jpr_dados,F,36.0,GE MEDICAL SYSTEMS,285.0,1.25,0.408203005791,0.625,1.0,-1024.0,True,,,,/home/neuro-source/main_source/datasets/sprap_2024_03/id_spr02644/id_spr02644_master_image.nii.gz,Normal,,,,,,,,D:/Backup/Mestrado/dados/JPR/dataset_jpr_train/dataset_jpr_train/1/002644,True
1311,"1,28E+72",jpr_dados,F,39.0,GE MEDICAL SYSTEMS,281.0,0.625,0.46875,0.625,1.0,-1024.0,True,,,,/home/neuro-source/main_source/datasets/sprap_2024_03/id_spr01311/id_spr01311_master_image.nii.gz,Normal,,,,,,,,D:/Backup/Mestrado/dados/JPR/dataset_jpr_train/dataset_jpr_train/3/001311,True
1768,"1,28E+73",jpr_dados,M,40.0,Canon Medical Systems,232.0,1.0,0.529,0.8,1.0,0.0,True,,,,/home/neuro-source/main_source/datasets/sprap_2024_03/id_spr01768/id_spr01768_master_image.nii.gz,Normal,,,,,,,,D:/Backup/Mestrado/dados/JPR/dataset_jpr_train/dataset_jpr_train/2/001768,True
948,"1,28E+73",jpr_dados,M,54.0,Canon Medical Systems,206.0,2.0,0.561,1.0,1.0,0.0,True,,,,/home/neuro-source/main_source/datasets/sprap_2024_03/id_spr00948/id_spr00948_master_image.nii.gz,Normal,,,,,,,,D:/Backup/Mestrado/dados/JPR/dataset_jpr_train/dataset_jpr_train/3/000948,True
1784,"1,28E+73",jpr_dados,M,41.0,TOSHIBA,584.0,0.5,0.41,0.2999999999999999,1.0,0.0,True,,,,/home/neuro-source/main_source/datasets/sprap_2024_03/id_spr01784/id_spr01784_master_image.nii.gz,Normal,,,,,,,,D:/Backup/Mestrado/dados/JPR/dataset_jpr_train/dataset_jpr_train/2/001784,True
1982,"1,28E+73",jpr_dados,M,35.0,TOSHIBA,218.0,1.0,0.525,0.8000000000000002,1.0,0.0,True,,,,/home/neuro-source/main_source/datasets/sprap_2024_03/id_spr01982/id_spr01982_master_image.nii.gz,Normal,,,,,,,,D:/Backup/Mestrado/dados/JPR/dataset_jpr_train/dataset_jpr_train/2/001982,True
581,"1,28E+73",jpr_dados,F,50.0,Philips,216.0,1.5,0.421875,0.7500000009302326,1.0,-1024.0,True,,,,/home/neuro-source/main_source/datasets/sprap_2024_03/id_spr00581/id_spr00581_master_image.nii.gz,Normal,,,,,,,,D:/Backup/Mestrado/dados/JPR/dataset_jpr_train/dataset_jpr_train/3/000581,True
2621,"1,28E+73",jpr_dados,F,53.0,GE MEDICAL SYSTEMS,277.0,1.25,0.417968988419,0.625,1.0,-1024.0,True,,,,/home/neuro-source/main_source/datasets/sprap_2024_03/id_spr02621/id_spr02621_master_image.nii.gz,Normal,,,,,,,,D:/Backup/Mestrado/dados/JPR/dataset_jpr_train/dataset_jpr_train/1/002621,True
1308,"1,28E+73",jpr_dados,F,59.0,TOSHIBA,212.0,1.0,0.495,0.8,1.0,0.0,True,,,,/home/neuro-source/main_source/datasets/sprap_2024_03/id_spr01308/id_spr01308_master_image.nii.gz,Normal,,,,,,,,D:/Backup/Mestrado/dados/JPR/dataset_jpr_train/dataset_jpr_train/3/001308,True
1483,"1,28E+73",jpr_dados,F,76.0,TOSHIBA,206.0,1.0,0.449,0.8,1.0,0.0,True,,,,/home/neuro-source/main_source/datasets/sprap_2024_03/id_spr01483/id_spr01483_master_image.nii.gz,Normal,,,,,,,,D:/Backup/Mestrado/dados/JPR/dataset_jpr_train/dataset_jpr_train/2/001483,True
672,"1,28E+72",jpr_dados,M,18.0,Canon Medical Systems,201.0,2.0,0.529,1.0,1.0,0.0,True,,,,/home/neuro-source/main_source/datasets/sprap_2024_03/id_spr00672/id_spr00672_master_image.nii.gz,Normal,,,,,,,,D:/Backup/Mestrado/dados/JPR/dataset_jpr_train/dataset_jpr_train/3/000672,True
2447,"1,28E+73",jpr_dados,F,61.0,GE MEDICAL SYSTEMS,305.0,1.25,0.488281011581,0.625,1.0,-1024.0,True,,,,/home/neuro-source/main_source/datasets/sprap_2024_03/id_spr02447/id_spr02447_master_image.nii.gz,Normal,,,,,,,,D:/Backup/Mestrado/dados/JPR/dataset_jpr_train/dataset_jpr_train/1/002447,True
743,"1,28E+72",jpr_dados,F,31.0,GE MEDICAL SYSTEMS,265.0,0.625,0.416016,0.625,1.0,-1024.0,True,,,,/home/neuro-source/main_source/datasets/sprap_2024_03/id_spr00743/id_spr00743_master_image.nii.gz,Normal,,,,,,,,D:/Backup/Mestrado/dados/JPR/dataset_jpr_train/dataset_jpr_train/3/000743,True
2370,"1,28E+73",jpr_dados,F,45.0,GE MEDICAL SYSTEMS,245.0,1.25,0.625,0.625,1.0,-1024.0,True,,,,/home/neuro-source/main_source/datasets/sprap_2024_03/id_spr02370/id_spr02370_master_image.nii.gz,Normal,,,,,,,,D:/Backup/Mestrado/dados/JPR/dataset_jpr_train/dataset_jpr_train/1/002370,True
1237,"1,28E+73",jpr_dados,F,19.0,Philips,219.0,1.5,0.421875,0.7499999990825689,1.0,-1024.0,True,,,,/home/neuro-source/main_source/datasets/sprap_2024_03/id_spr01237/id_spr01237_master_image.nii.gz,Normal,,,,,,,,D:/Backup/Mestrado/dados/JPR/dataset_jpr_train/dataset_jpr_train/3/001237,True
1696,"1,28E+73",jpr_dados,F,26.0,TOSHIBA,201.0,1.0,0.43,0.8,1.0,0.0,True,,,,/home/neuro-source/main_source/datasets/sprap_2024_03/id_spr01696/id_spr01696_master_image.nii.gz,Normal,,,,,,,,D:/Backup/Mestrado/dados/JPR/dataset_jpr_train/dataset_jpr_train/2/001696,True
2427,"1,28E+73",jpr_dados,M,78.0,GE MEDICAL SYSTEMS,307.0,1.25,0.59375,0.625,1.0,-1024.0,True,,,,/home/neuro-source/main_source/datasets/sprap_2024_03/id_spr02427/id_spr02427_master_image.nii.gz,Normal,,,,,,,,D:/Backup/Mestrado/dados/JPR/dataset_jpr_train/dataset_jpr_train/1/002427,True
2188,"1,28E+73",jpr_dados,F,31.0,SIEMENS,258.0,1.0,0.45703125,0.7000000000000004,1.0,-1024.0,True,,,,/home/neuro-source/main_source/datasets/sprap_2024_03/id_spr02188/id_spr02188_master_image.nii.gz,Normal,,,,,,,,D:/Backup/Mestrado/dados/JPR/dataset_jpr_train/dataset_jpr_train/2/002188,True
747,"1,28E+72",jpr_dados,F,46.0,Canon Medical Systems,201.0,2.0,0.529,1.0,1.0,0.0,True,,,,/home/neuro-source/main_source/datasets/sprap_2024_03/id_spr00747/id_spr00747_master_image.nii.gz,Normal,,,,,,,,D:/Backup/Mestrado/dados/JPR/dataset_jpr_train/dataset_jpr_train/3/000747,True
1720,"1,28E+73",jpr_dados,F,39.0,GE MEDICAL SYSTEMS,355.0,0.625,0.359375,0.3999999999999999,1.0,-1024.0,True,,,,/home/neuro-source/main_source/datasets/sprap_2024_03/id_spr01720/id_spr01720_master_image.nii.gz,Normal,,,,,,,,D:/Backup/Mestrado/dados/JPR/dataset_jpr_train/dataset_jpr_train/2/001720,True
1624,"1,28E+73",jpr_dados,F,54.0,TOSHIBA,207.0,1.0,0.43,0.8,1.0,0.0,True,,,,/home/neuro-source/main_source/datasets/sprap_2024_03/id_spr01624/id_spr01624_master_image.nii.gz,Normal,,,,,,,,D:/Backup/Mestrado/dados/JPR/dataset_jpr_train/dataset_jpr_train/2/001624,True
496,"1,28E+73",jpr_dados,F,34.0,Philips,211.0,1.5,0.443359375,0.7500000009523808,1.0,-1024.0,True,,,,/home/neuro-source/main_source/datasets/sprap_2024_03/id_spr00496/id_spr00496_master_image.nii.gz,Normal,,,,,,,,D:/Backup/Mestrado/dados/JPR/dataset_jpr_train/dataset_jpr_train/3/000496,True
1159,"1,28E+73",jpr_dados,F,31.0,GE MEDICAL SYSTEMS,289.0,0.625,0.376953,0.625,1.0,-1024.0,True,,,,/home/neuro-source/main_source/datasets/sprap_2024_03/id_spr01159/id_spr01159_master_image.nii.gz,Normal,,,,,,,,D:/Backup/Mestrado/dados/JPR/dataset_jpr_train/dataset_jpr_train/3/001159,True
2594,"1,28E+73",jpr_dados,F,61.0,GE MEDICAL SYSTEMS,321.0,1.25,0.451171994209,0.625,1.0,-1024.0,True,,,,/home/neuro-source/main_source/datasets/sprap_2024_03/id_spr02594/id_spr02594_master_image.nii.gz,Normal,,,,,,,,D:/Backup/Mestrado/dados/JPR/dataset_jpr_train/dataset_jpr_train/1/002594,True
1786,"1,28E+73",jpr_dados,F,34.0,SIEMENS,253.0,1.0,0.42578125,0.7,1.0,-1024.0,True,,,,/home/neuro-source/main_source/datasets/sprap_2024_03/id_spr01786/id_spr01786_master_image.nii.gz,Normal,,,,,,,,D:/Backup/Mestrado/dados/JPR/dataset_jpr_train/dataset_jpr_train/2/001786,True
1540,"1,28E+73",jpr_dados,F,55.0,GE MEDICAL SYSTEMS,256.0,0.625,0.435547,0.6427529411764705,1.0,-1024.0,True,,,,/home/neuro-source/main_source/datasets/sprap_2024_03/id_spr01540/id_spr01540_master_image.nii.gz,Normal,,,,,,,,D:/Backup/Mestrado/dados/JPR/dataset_jpr_train/dataset_jpr_train/2/001540,True
1977,"1,28E+73",jpr_dados,F,31.0,TOSHIBA,226.0,1.0,0.49,0.8,1.0,0.0,True,,,,/home/neuro-source/main_source/datasets/sprap_2024_03/id_spr01977/id_spr01977_master_image.nii.gz,Normal,,,,,,,,D:/Backup/Mestrado/dados/JPR/dataset_jpr_train/dataset_jpr_train/2/001977,True
1557,"1,28E+73",jpr_dados,M,37.0,Philips,244.0,1.5,0.537109,0.75,1.0,-1024.0,True,,,,/home/neuro-source/main_source/datasets/sprap_2024_03/id_spr01557/id_spr01557_master_image.nii.gz,Normal,,,,,,,,D:/Backup/Mestrado/dados/JPR/dataset_jpr_train/dataset_jpr_train/2/001557,True
2530,"1,28E+72",jpr_dados,M,63.0,GE MEDICAL SYSTEMS,313.0,1.25,0.457031011581,0.625,1.0,-1024.0,True,,,,/home/neuro-source/main_source/datasets/sprap_2024_03/id_spr02530/id_spr02530_master_image.nii.gz,Normal,,,,,,,,D:/Backup/Mestrado/dados/JPR/dataset_jpr_train/dataset_jpr_train/1/002530,True
2067,"1,28E+73",jpr_dados,F,22.0,TOSHIBA,238.0,1.0,0.481,0.7999999999999999,1.0,0.0,True,,,,/home/neuro-source/main_source/datasets/sprap_2024_03/id_spr02067/id_spr02067_master_image.nii.gz,Normal,,,,,,,,D:/Backup/Mestrado/dados/JPR/dataset_jpr_train/dataset_jpr_train/2/002067,True
1699,"1,28E+72",jpr_dados,M,43.0,Canon Medical Systems,201.0,1.0,0.448,0.8,1.0,0.0,True,,,,/home/neuro-source/main_source/datasets/sprap_2024_03/id_spr01699/id_spr01699_master_image.nii.gz,Normal,,,,,,,,D:/Backup/Mestrado/dados/JPR/dataset_jpr_train/dataset_jpr_train/2/001699,True
1879,"1,28E+73",jpr_dados,F,30.0,TOSHIBA,226.0,1.0,0.451,0.8,1.0,0.0,True,,,,/home/neuro-source/main_source/datasets/sprap_2024_03/id_spr01879/id_spr01879_master_image.nii.gz,Normal,,,,,,,,D:/Backup/Mestrado/dados/JPR/dataset_jpr_train/dataset_jpr_train/2/001879,True
2623,"1,28E+73",jpr_dados,F,79.0,GE MEDICAL SYSTEMS,298.0,2.5,0.488281011581,0.2146464646464646,1.0,-1024.0,True,,,,/home/neuro-source/main_source/datasets/sprap_2024_03/id_spr02623/id_spr02623_master_image.nii.gz,Normal,,,,,,,,D:/Backup/Mestrado/dados/JPR/dataset_jpr_train/dataset_jpr_train/1/002623,True
800,"1,28E+73",jpr_dados,F,24.0,Canon Medical Systems,221.0,2.0,0.602,1.0,1.0,0.0,True,,,,/home/neuro-source/main_source/datasets/sprap_2024_03/id_spr00800/id_spr00800_master_image.nii.gz,Normal,,,,,,,,D:/Backup/Mestrado/dados/JPR/dataset_jpr_train/dataset_jpr_train/3/000800,True
2060,"1,28E+73",jpr_dados,M,28.0,TOSHIBA,227.0,1.0,0.478,0.8176991150442479,1.0,0.0,True,,,,/home/neuro-source/main_source/datasets/sprap_2024_03/id_spr02060/id_spr02060_master_image.nii.gz,Normal,,,,,,,,D:/Backup/Mestrado/dados/JPR/dataset_jpr_train/dataset_jpr_train/2/002060,True
2024,"1,28E+73",jpr_dados,F,53.0,TOSHIBA,219.0,1.0,0.404,0.7999999999999999,1.0,0.0,True,,,,/home/neuro-source/main_source/datasets/sprap_2024_03/id_spr02024/id_spr02024_master_image.nii.gz,Normal,,,,,,,,D:/Backup/Mestrado/dados/JPR/dataset_jpr_train/dataset_jpr_train/2/002024,True
2386,"1,28E+73",jpr_dados,F,67.0,GE MEDICAL SYSTEMS,208.0,1.25,0.466796994209,0.625,1.0,-1024.0,True,,,,/home/neuro-source/main_source/datasets/sprap_2024_03/id_spr02386/id_spr02386_master_image.nii.gz,Normal,,,,,,,,D:/Backup/Mestrado/dados/JPR/dataset_jpr_train/dataset_jpr_train/1/002386,True
1391,"1,28E+73",jpr_dados,F,46.0,Philips,243.0,1.5,0.458984,0.7500001239669423,1.0,-1024.0,True,,,,/home/neuro-source/main_source/datasets/sprap_2024_03/id_spr01391/id_spr01391_master_image.nii.gz,Normal,,,,,,,,D:/Backup/Mestrado/dados/JPR/dataset_jpr_train/dataset_jpr_train/2/001391,True
1892,"1,28E+73",jpr_dados,M,47.0,Canon Medical Systems,226.0,1.0,0.405,0.8,1.0,0.0,True,,,,/home/neuro-source/main_source/datasets/sprap_2024_03/id_spr01892/id_spr01892_master_image.nii.gz,Normal,,,,,,,,D:/Backup/Mestrado/dados/JPR/dataset_jpr_train/dataset_jpr_train/2/001892,True
2056,"1,28E+73",jpr_dados,M,33.0,TOSHIBA,313.0,1.0,0.456,0.8,1.0,0.0,True,,,,/home/neuro-source/main_source/datasets/sprap_2024_03/id_spr02056/id_spr02056_master_image.nii.gz,Normal,,,,,,,,D:/Backup/Mestrado/dados/JPR/dataset_jpr_train/dataset_jpr_train/2/002056,True
2626,"1,28E+73",jpr_dados,F,57.0,GE MEDICAL SYSTEMS,259.0,1.25,0.488281011581,0.625,1.0,-1024.0,True,,,,/home/neuro-source/main_source/datasets/sprap_2024_03/id_spr02626/id_spr02626_master_image.nii.gz,Normal,,,,,,,,D:/Backup/Mestrado/dados/JPR/dataset_jpr_train/dataset_jpr_train/1/002626,True
1552,"1,28E+73",jpr_dados,F,29.0,TOSHIBA,211.0,1.0,0.417,0.8,1.0,0.0,True,,,,/home/neuro-source/main_source/datasets/sprap_2024_03/id_spr01552/id_spr01552_master_image.nii.gz,Normal,,,,,,,,D:/Backup/Mestrado/dados/JPR/dataset_jpr_train/dataset_jpr_train/2/001552,True
2388,"1,28E+73",jpr_dados,F,41.0,GE MEDICAL SYSTEMS,285.0,1.25,0.455078005791,0.625,1.0,-1024.0,True,,,,/home/neuro-source/main_source/datasets/sprap_2024_03/id_spr02388/id_spr02388_master_image.nii.gz,Normal,,,,,,,,D:/Backup/Mestrado/dados/JPR/dataset_jpr_train/dataset_jpr_train/1/002388,True
1861,"1,28E+73",jpr_dados,M,39.0,GE MEDICAL SYSTEMS,206.0,1.25,0.472656,0.9,1.0,-1024.0,True,,,,/home/neuro-source/main_source/datasets/sprap_2024_03/id_spr01861/id_spr01861_master_image.nii.gz,Normal,,,,,,,,D:/Backup/Mestrado/dados/JPR/dataset_jpr_train/dataset_jpr_train/2/001861,True
2019,"1,28E+73",jpr_dados,F,45.0,TOSHIBA,213.0,1.0,0.448,0.8000000000000002,1.0,0.0,True,,,,/home/neuro-source/main_source/datasets/sprap_2024_03/id_spr02019/id_spr02019_master_image.nii.gz,Normal,,,,,,,,D:/Backup/Mestrado/dados/JPR/dataset_jpr_train/dataset_jpr_train/2/002019,True
1642,"1,28E+73",jpr_dados,F,58.0,GE MEDICAL SYSTEMS,201.0,1.25,0.482422,0.9,1.0,-1024.0,True,,,,/home/neuro-source/main_source/datasets/sprap_2024_03/id_spr01642/id_spr01642_master_image.nii.gz,Normal,,,,,,,,D:/Backup/Mestrado/dados/JPR/dataset_jpr_train/dataset_jpr_train/2/001642,True
2193,"1,28E+73",jpr_dados,F,30.0,SIEMENS,261.0,1.0,0.44921875,0.7,1.0,-1024.0,True,,,,/home/neuro-source/main_source/datasets/sprap_2024_03/id_spr02193/id_spr02193_master_image.nii.gz,Normal,,,,,,,,D:/Backup/Mestrado/dados/JPR/dataset_jpr_train/dataset_jpr_train/2/002193,True
1732,"1,28E+72",jpr_dados,M,28.0,Canon Medical Systems,244.0,1.0,0.466,0.7999999999999999,1.0,0.0,True,,,,/home/neuro-source/main_source/datasets/sprap_2024_03/id_spr01732/id_spr01732_master_image.nii.gz,Normal,,,,,,,,D:/Backup/Mestrado/dados/JPR/dataset_jpr_train/dataset_jpr_train/2/001732,True
957,"1,28E+73",jpr_dados,F,19.0,Canon Medical Systems,226.0,2.0,0.551,1.0,1.0,0.0,True,,,,/home/neuro-source/main_source/datasets/sprap_2024_03/id_spr00957/id_spr00957_master_image.nii.gz,Normal,,,,,,,,D:/Backup/Mestrado/dados/JPR/dataset_jpr_train/dataset_jpr_train/3/000957,True
959,"1,28E+73",jpr_dados,F,48.0,GE MEDICAL SYSTEMS,250.0,1.25,0.574219,1.25,1.0,-1024.0,True,,,,/home/neuro-source/main_source/datasets/sprap_2024_03/id_spr00959/id_spr00959_master_image.nii.gz,Normal,,,,,,,,D:/Backup/Mestrado/dados/JPR/dataset_jpr_train/dataset_jpr_train/3/000959,True
1995,"1,28E+73",jpr_dados,M,40.0,TOSHIBA,226.0,1.0,0.466,0.8,1.0,0.0,True,,,,/home/neuro-source/main_source/datasets/sprap_2024_03/id_spr01995/id_spr01995_master_image.nii.gz,Normal,,,,,,,,D:/Backup/Mestrado/dados/JPR/dataset_jpr_train/dataset_jpr_train/2/001995,True
2579,"1,28E+73",jpr_dados,F,71.0,GE MEDICAL SYSTEMS,295.0,1.25,0.435546994209,0.625,1.0,-1024.0,True,,,,/home/neuro-source/main_source/datasets/sprap_2024_03/id_spr02579/id_spr02579_master_image.nii.gz,Normal,,,,,,,,D:/Backup/Mestrado/dados/JPR/dataset_jpr_train/dataset_jpr_train/1/002579,True
1881,"1,28E+73",jpr_dados,F,28.0,Philips,240.0,1.5,0.470703,0.75,1.0,-1024.0,True,,,,/home/neuro-source/main_source/datasets/sprap_2024_03/id_spr01881/id_spr01881_master_image.nii.gz,Normal,,,,,,,,D:/Backup/Mestrado/dados/JPR/dataset_jpr_train/dataset_jpr_train/2/001881,True
467,"1,28E+73",jpr_dados,F,19.0,Canon Medical Systems,226.0,2.0,0.61,1.0,1.0,0.0,True,,,,/home/neuro-source/main_source/datasets/sprap_2024_03/id_spr00467/id_spr00467_master_image.nii.gz,Normal,,,,,,,,D:/Backup/Mestrado/dados/JPR/dataset_jpr_train/dataset_jpr_train/3/000467,True
1452,"1,28E+73",jpr_dados,F,44.0,GE MEDICAL SYSTEMS,271.0,0.625,0.398438,0.625,1.0,-1024.0,True,,,,/home/neuro-source/main_source/datasets/sprap_2024_03/id_spr01452/id_spr01452_master_image.nii.gz,Normal,,,,,,,,D:/Backup/Mestrado/dados/JPR/dataset_jpr_train/dataset_jpr_train/2/001452,True
1285,"1,28E+73",jpr_dados,F,23.0,Philips,212.0,2.0,0.431641,1.0,1.0,-1024.0,True,,,,/home/neuro-source/main_source/datasets/sprap_2024_03/id_spr01285/id_spr01285_master_image.nii.gz,Normal,,,,,,,,D:/Backup/Mestrado/dados/JPR/dataset_jpr_train/dataset_jpr_train/3/001285,True
1120,"1,28E+73",jpr_dados,F,25.0,Canon Medical Systems,226.0,2.0,0.473,1.0,1.0,0.0,True,,,,/home/neuro-source/main_source/datasets/sprap_2024_03/id_spr01120/id_spr01120_master_image.nii.gz,Normal,,,,,,,,D:/Backup/Mestrado/dados/JPR/dataset_jpr_train/dataset_jpr_train/3/001120,True
471,"1,28E+73",jpr_dados,F,51.0,Philips,201.0,2.0,0.48828125,10.000.000.020.000.000,1.0,-1024.0,True,,,,/home/neuro-source/main_source/datasets/sprap_2024_03/id_spr00471/id_spr00471_master_image.nii.gz,Normal,,,,,,,,D:/Backup/Mestrado/dados/JPR/dataset_jpr_train/dataset_jpr_train/3/000471,True
1507,"1,28E+73",jpr_dados,F,31.0,TOSHIBA,211.0,1.0,0.43,0.8,1.0,0.0,True,,,,/home/neuro-source/main_source/datasets/sprap_2024_03/id_spr01507/id_spr01507_master_image.nii.gz,Normal,,,,,,,,D:/Backup/Mestrado/dados/JPR/dataset_jpr_train/dataset_jpr_train/2/001507,True
2021,"1,28E+73",jpr_dados,M,53.0,Philips,233.0,1.5,0.484375,0.75,1.0,-1024.0,True,,,,/home/neuro-source/main_source/datasets/sprap_2024_03/id_spr02021/id_spr02021_master_image.nii.gz,Normal,,,,,,,,D:/Backup/Mestrado/dados/JPR/dataset_jpr_train/dataset_jpr_train/2/002021,True
1918,"1,28E+73",jpr_dados,F,23.0,TOSHIBA,241.0,1.0,0.399,0.8,1.0,0.0,True,,,,/home/neuro-source/main_source/datasets/sprap_2024_03/id_spr01918/id_spr01918_master_image.nii.gz,Normal,,,,,,,,D:/Backup/Mestrado/dados/JPR/dataset_jpr_train/dataset_jpr_train/2/001918,True
1770,"1,28E+73",jpr_dados,M,28.0,Canon Medical Systems,232.0,1.0,0.471,0.8,1.0,0.0,True,,,,/home/neuro-source/main_source/datasets/sprap_2024_03/id_spr01770/id_spr01770_master_image.nii.gz,Normal,,,,,,,,D:/Backup/Mestrado/dados/JPR/dataset_jpr_train/dataset_jpr_train/2/001770,True
2285,"1,28E+73",jpr_dados,M,20.0,TOSHIBA,201.0,2.0,0.465,1.0,1.0,0.0,True,,,,/home/neuro-source/main_source/datasets/sprap_2024_03/id_spr02285/id_spr02285_master_image.nii.gz,Normal,,,,,,,,D:/Backup/Mestrado/dados/JPR/dataset_jpr_train/dataset_jpr_train/2/002285,True
2425,"1,28E+72",jpr_dados,M,53.0,GE MEDICAL SYSTEMS,261.0,1.25,0.423828005791,0.625,1.0,-1024.0,True,,,,/home/neuro-source/main_source/datasets/sprap_2024_03/id_spr02425/id_spr02425_master_image.nii.gz,Normal,,,,,,,,D:/Backup/Mestrado/dados/JPR/dataset_jpr_train/dataset_jpr_train/1/002425,True
2509,"1,28E+73",jpr_dados,M,61.0,GE MEDICAL SYSTEMS,325.0,1.25,0.488281011581,0.625,1.0,-1024.0,True,,,,/home/neuro-source/main_source/datasets/sprap_2024_03/id_spr02509/id_spr02509_master_image.nii.gz,Normal,,,,,,,,D:/Backup/Mestrado/dados/JPR/dataset_jpr_train/dataset_jpr_train/1/002509,True
2349,"1,28E+73",jpr_dados,M,84.0,GE MEDICAL SYSTEMS,274.0,2.5,0.451171994209,0.3663003663003663,1.0,-1024.0,True,,,,/home/neuro-source/main_source/datasets/sprap_2024_03/id_spr02349/id_spr02349_master_image.nii.gz,Normal,,,,,,,,D:/Backup/Mestrado/dados/JPR/dataset_jpr_train/dataset_jpr_train/2/002349,True
1926,"1,28E+73",jpr_dados,F,44.0,TOSHIBA,219.0,1.0,0.456,0.7999999999999999,1.0,0.0,True,,,,/home/neuro-source/main_source/datasets/sprap_2024_03/id_spr01926/id_spr01926_master_image.nii.gz,Normal,,,,,,,,D:/Backup/Mestrado/dados/JPR/dataset_jpr_train/dataset_jpr_train/2/001926,True
2108,"1,28E+73",jpr_dados,F,24.0,Philips,219.0,1.5,0.429688,0.75,1.0,-1024.0,True,,,,/home/neuro-source/main_source/datasets/sprap_2024_03/id_spr02108/id_spr02108_master_image.nii.gz,Normal,,,,,,,,D:/Backup/Mestrado/dados/JPR/dataset_jpr_train/dataset_jpr_train/2/002108,True
2544,"1,28E+73",jpr_dados,M,76.0,GE MEDICAL SYSTEMS,305.0,1.25,0.45898398757,0.625,1.0,-1024.0,True,,,,/home/neuro-source/main_source/datasets/sprap_2024_03/id_spr02544/id_spr02544_master_image.nii.gz,Normal,,,,,,,,D:/Backup/Mestrado/dados/JPR/dataset_jpr_train/dataset_jpr_train/1/002544,True
598,"1,28E+73",jpr_dados,M,44.0,GE MEDICAL SYSTEMS,216.0,2.5,0.541016,1.0,1.0,-1024.0,True,,,,/home/neuro-source/main_source/datasets/sprap_2024_03/id_spr00598/id_spr00598_master_image.nii.gz,Normal,,,,,,,,D:/Backup/Mestrado/dados/JPR/dataset_jpr_train/dataset_jpr_train/3/000598,True
2044,"1,28E+73",jpr_dados,F,41.0,GE MEDICAL SYSTEMS,304.0,0.625,0.46875,0.625,1.0,-1024.0,True,,,,/home/neuro-source/main_source/datasets/sprap_2024_03/id_spr02044/id_spr02044_master_image.nii.gz,Normal,,,,,,,,D:/Backup/Mestrado/dados/JPR/dataset_jpr_train/dataset_jpr_train/2/002044,True
464,"1,28E+73",jpr_dados,M,44.0,Canon Medical Systems,216.0,1.0,0.481,1.0,1.0,0.0,True,,,,/home/neuro-source/main_source/datasets/sprap_2024_03/id_spr00464/id_spr00464_master_image.nii.gz,Normal,,,,,,,,D:/Backup/Mestrado/dados/JPR/dataset_jpr_train/dataset_jpr_train/3/000464,True
1553,"1,28E+73",jpr_dados,M,38.0,TOSHIBA,244.0,1.0,0.451,0.7999999999999999,1.0,0.0,True,,,,/home/neuro-source/main_source/datasets/sprap_2024_03/id_spr01553/id_spr01553_master_image.nii.gz,Normal,,,,,,,,D:/Backup/Mestrado/dados/JPR/dataset_jpr_train/dataset_jpr_train/2/001553,True
1054,"1,28E+73",jpr_dados,F,38.0,Philips,236.0,1.5,0.439453125,0.7500000008510638,1.0,-1024.0,True,,,,/home/neuro-source/main_source/datasets/sprap_2024_03/id_spr01054/id_spr01054_master_image.nii.gz,Normal,,,,,,,,D:/Backup/Mestrado/dados/JPR/dataset_jpr_train/dataset_jpr_train/3/001054,True
393,"1,28E+73",jpr_dados,F,40.0,Philips,203.0,2.0,0.48828125,1.0,1.0,-1024.0,True,,,,/home/neuro-source/main_source/datasets/sprap_2024_03/id_spr00393/id_spr00393_master_image.nii.gz,Normal,,,,,,,,D:/Backup/Mestrado/dados/JPR/dataset_jpr_train/dataset_jpr_train/3/000393,True
1787,"1,28E+72",jpr_dados,M,47.0,TOSHIBA,232.0,1.0,0.454,0.8,1.0,0.0,True,,,,/home/neuro-source/main_source/datasets/sprap_2024_03/id_spr01787/id_spr01787_master_image.nii.gz,Normal,,,,,,,,D:/Backup/Mestrado/dados/JPR/dataset_jpr_train/dataset_jpr_train/2/001787,True
884,"1,28E+73",jpr_dados,M,20.0,Canon Medical Systems,226.0,2.0,0.529,1.0,1.0,0.0,True,,,,/home/neuro-source/main_source/datasets/sprap_2024_03/id_spr00884/id_spr00884_master_image.nii.gz,Normal,,,,,,,,D:/Backup/Mestrado/dados/JPR/dataset_jpr_train/dataset_jpr_train/3/000884,True
1380,"1,28E+73",jpr_dados,F,47.0,Philips,223.0,1.5,0.425781,0.7500044009009008,1.0,-1024.0,True,,,,/home/neuro-source/main_source/datasets/sprap_2024_03/id_spr01380/id_spr01380_master_image.nii.gz,Normal,,,,,,,,D:/Backup/Mestrado/dados/JPR/dataset_jpr_train/dataset_jpr_train/2/001380,True
1961,"1,28E+73",jpr_dados,F,52.0,TOSHIBA,219.0,1.0,0.449,0.7999999999999999,1.0,0.0,True,,,,/home/neuro-source/main_source/datasets/sprap_2024_03/id_spr01961/id_spr01961_master_image.nii.gz,Normal,,,,,,,,D:/Backup/Mestrado/dados/JPR/dataset_jpr_train/dataset_jpr_train/2/001961,True
624,"1,28E+73",jpr_dados,F,24.0,Canon Medical Systems,216.0,2.0,0.517,1.0,1.0,0.0,True,,,,/home/neuro-source/main_source/datasets/sprap_2024_03/id_spr00624/id_spr00624_master_image.nii.gz,Normal,,,,,,,,D:/Backup/Mestrado/dados/JPR/dataset_jpr_train/dataset_jpr_train/3/000624,True
527,"1,28E+72",jpr_dados,M,40.0,Philips,245.0,2.0,0.48828125,1.0,1.0,-1024.0,True,,,,/home/neuro-source/main_source/datasets/sprap_2024_03/id_spr00527/id_spr00527_master_image.nii.gz,Normal,,,,,,,,D:/Backup/Mestrado/dados/JPR/dataset_jpr_train/dataset_jpr_train/3/000527,True
1829,"1,28E+72",jpr_dados,M,20.0,TOSHIBA,213.0,1.0,0.446,0.8000000000000002,1.0,0.0,True,,,,/home/neuro-source/main_source/datasets/sprap_2024_03/id_spr01829/id_spr01829_master_image.nii.gz,Normal,,,,,,,,D:/Backup/Mestrado/dados/JPR/dataset_jpr_train/dataset_jpr_train/2/001829,True
1820,"1,28E+73",jpr_dados,M,41.0,TOSHIBA,442.0,1.0,0.449,0.5,1.0,0.0,True,,,,/home/neuro-source/main_source/datasets/sprap_2024_03/id_spr01820/id_spr01820_master_image.nii.gz,Normal,,,,,,,,D:/Backup/Mestrado/dados/JPR/dataset_jpr_train/dataset_jpr_train/2/001820,True
1735,"1,28E+73",jpr_dados,F,29.0,Philips,244.0,1.5,0.412109,0.7500040205761316,1.0,-1024.0,True,,,,/home/neuro-source/main_source/datasets/sprap_2024_03/id_spr01735/id_spr01735_master_image.nii.gz,Normal,,,,,,,,D:/Backup/Mestrado/dados/JPR/dataset_jpr_train/dataset_jpr_train/2/001735,True
2490,"1,28E+73",jpr_dados,F,52.0,GE MEDICAL SYSTEMS,293.0,1.25,0.429688006639,0.625,1.0,-1024.0,True,,,,/home/neuro-source/main_source/datasets/sprap_2024_03/id_spr02490/id_spr02490_master_image.nii.gz,Normal,,,,,,,,D:/Backup/Mestrado/dados/JPR/dataset_jpr_train/dataset_jpr_train/1/002490,True
2513,"1,28E+73",jpr_dados,F,34.0,GE MEDICAL SYSTEMS,273.0,1.25,0.455078005791,0.625,1.0,-1024.0,True,,,,/home/neuro-source/main_source/datasets/sprap_2024_03/id_spr02513/id_spr02513_master_image.nii.gz,Normal,,,,,,,,,True
2026,"1,28E+73",jpr_dados,M,36.0,GE MEDICAL SYSTEMS,232.0,1.25,0.488281,0.8,1.0,-1024.0,True,,,,/home/neuro-source/main_source/datasets/sprap_2024_03/id_spr02026/id_spr02026_master_image.nii.gz,Normal,,,,,,,,D:/Backup/Mestrado/dados/JPR/dataset_jpr_train/dataset_jpr_train/2/002026,True
688,"1,28E+73",jpr_dados,F,35.0,Canon Medical Systems,201.0,2.0,0.517,1.0,1.0,0.0,True,,,,/home/neuro-source/main_source/datasets/sprap_2024_03/id_spr00688/id_spr00688_master_image.nii.gz,Normal,,,,,,,,D:/Backup/Mestrado/dados/JPR/dataset_jpr_train/dataset_jpr_train/3/000688,True
1233,"1,28E+73",jpr_dados,M,44.0,Philips,218.0,1.5,0.4609375,0.749999999078341,1.0,-1024.0,True,,,,/home/neuro-source/main_source/datasets/sprap_2024_03/id_spr01233/id_spr01233_master_image.nii.gz,Normal,,,,,,,,D:/Backup/Mestrado/dados/JPR/dataset_jpr_train/dataset_jpr_train/3/001233,True
1880,"1,28E+73",jpr_dados,F,44.0,TOSHIBA,219.0,1.0,0.412,0.7999999999999999,1.0,0.0,True,,,,/home/neuro-source/main_source/datasets/sprap_2024_03/id_spr01880/id_spr01880_master_image.nii.gz,Normal,,,,,,,,D:/Backup/Mestrado/dados/JPR/dataset_jpr_train/dataset_jpr_train/2/001880,True
2485,"1,28E+73",jpr_dados,M,61.0,GE MEDICAL SYSTEMS,297.0,1.25,0.488281011581,0.625,1.0,-1024.0,True,,,,/home/neuro-source/main_source/datasets/sprap_2024_03/id_spr02485/id_spr02485_master_image.nii.gz,Normal,,,,,,,,D:/Backup/Mestrado/dados/JPR/dataset_jpr_train/dataset_jpr_train/1/002485,True
2360,"1,28E+73",jpr_dados,M,75.0,GE MEDICAL SYSTEMS,289.0,1.25,0.488281011581,0.625,1.0,-1024.0,True,,,,/home/neuro-source/main_source/datasets/sprap_2024_03/id_spr02360/id_spr02360_master_image.nii.gz,Normal,,,,,,,,D:/Backup/Mestrado/dados/JPR/dataset_jpr_train/dataset_jpr_train/2/002360,True
1427,"1,28E+73",jpr_dados,F,57.0,TOSHIBA,219.0,1.0,0.449,0.7999999999999999,1.0,0.0,True,,,,/home/neuro-source/main_source/datasets/sprap_2024_03/id_spr01427/id_spr01427_master_image.nii.gz,Normal,,,,,,,,D:/Backup/Mestrado/dados/JPR/dataset_jpr_train/dataset_jpr_train/2/001427,True
1041,"1,28E+73",jpr_dados,F,28.0,Canon Medical Systems,206.0,1.0,0.598,1.0,1.0,0.0,True,,,,/home/neuro-source/main_source/datasets/sprap_2024_03/id_spr01041/id_spr01041_master_image.nii.gz,Normal,,,,,,,,D:/Backup/Mestrado/dados/JPR/dataset_jpr_train/dataset_jpr_train/3/001041,True
2022,"1,28E+73",jpr_dados,M,58.0,TOSHIBA,219.0,1.0,0.468,0.7999999999999999,1.0,0.0,True,,,,/home/neuro-source/main_source/datasets/sprap_2024_03/id_spr02022/id_spr02022_master_image.nii.gz,Normal,,,,,,,,D:/Backup/Mestrado/dados/JPR/dataset_jpr_train/dataset_jpr_train/2/002022,True
1825,"1,28E+73",jpr_dados,F,41.0,TOSHIBA,213.0,1.0,0.43,0.8000000000000002,1.0,0.0,True,,,,/home/neuro-source/main_source/datasets/sprap_2024_03/id_spr01825/id_spr01825_master_image.nii.gz,Normal,,,,,,,,D:/Backup/Mestrado/dados/JPR/dataset_jpr_train/dataset_jpr_train/2/001825,True
2053,"1,28E+73",jpr_dados,F,25.0,TOSHIBA,238.0,1.0,0.429,0.8,1.0,0.0,True,,,,/home/neuro-source/main_source/datasets/sprap_2024_03/id_spr02053/id_spr02053_master_image.nii.gz,Normal,,,,,,,,D:/Backup/Mestrado/dados/JPR/dataset_jpr_train/dataset_jpr_train/2/002053,True
1729,"1,28E+73",jpr_dados,F,38.0,SIEMENS,256.0,1.0,0.439453125,0.7000000000000001,1.0,-1024.0,True,,,,/home/neuro-source/main_source/datasets/sprap_2024_03/id_spr01729/id_spr01729_master_image.nii.gz,Normal,,,,,,,,D:/Backup/Mestrado/dados/JPR/dataset_jpr_train/dataset_jpr_train/2/001729,True
896,"1,28E+73",jpr_dados,M,19.0,Canon Medical Systems,216.0,2.0,0.512,1.0,1.0,0.0,True,,,,/home/neuro-source/main_source/datasets/sprap_2024_03/id_spr00896/id_spr00896_master_image.nii.gz,Normal,,,,,,,,D:/Backup/Mestrado/dados/JPR/dataset_jpr_train/dataset_jpr_train/3/000896,True
1737,"1,28E+73",jpr_dados,M,39.0,TOSHIBA,232.0,1.0,0.463,0.8,1.0,0.0,True,,,,/home/neuro-source/main_source/datasets/sprap_2024_03/id_spr01737/id_spr01737_master_image.nii.gz,Normal,,,,,,,,D:/Backup/Mestrado/dados/JPR/dataset_jpr_train/dataset_jpr_train/2/001737,True
2428,"1,28E+73",jpr_dados,M,71.0,GE MEDICAL SYSTEMS,293.0,1.25,0.43164101243,0.625,1.0,-1024.0,True,,,,/home/neuro-source/main_source/datasets/sprap_2024_03/id_spr02428/id_spr02428_master_image.nii.gz,Normal,,,,,,,,D:/Backup/Mestrado/dados/JPR/dataset_jpr_train/dataset_jpr_train/1/002428,True
1540,"1,28E+73",jpr_dados,F,55.0,GE MEDICAL SYSTEMS,256.0,0.625,0.435547,0.6427529411764705,1.0,-1024.0,True,,,,/home/neuro-source/main_source/datasets/sprap_2024_03/id_spr01540/id_spr01540_master_image.nii.gz,Normal,,,,,,,,D:/Backup/Mestrado/dados/JPR/dataset_jpr_train/dataset_jpr_train/2/001540,True
440,"1,28E+73",jpr_dados,M,61.0,Canon Medical Systems,231.0,2.0,0.578,1.0,1.0,0.0,True,,,,/home/neuro-source/main_source/datasets/sprap_2024_03/id_spr00440/id_spr00440_master_image.nii.gz,Normal,,,,,,,,D:/Backup/Mestrado/dados/JPR/dataset_jpr_train/dataset_jpr_train/3/000440,True
1972,"1,28E+73",jpr_dados,F,30.0,GE MEDICAL SYSTEMS,232.0,1.25,0.46875,0.8,1.0,-1024.0,True,,,,/home/neuro-source/main_source/datasets/sprap_2024_03/id_spr01972/id_spr01972_master_image.nii.gz,Normal,,,,,,,,D:/Backup/Mestrado/dados/JPR/dataset_jpr_train/dataset_jpr_train/2/001972,True
1628,"1,28E+73",jpr_dados,F,37.0,SIEMENS,256.0,1.0,0.419921875,0.7,1.0,-1024.0,True,,,,/home/neuro-source/main_source/datasets/sprap_2024_03/id_spr01628/id_spr01628_master_image.nii.gz,Normal,,,,,,,,D:/Backup/Mestrado/dados/JPR/dataset_jpr_train/dataset_jpr_train/2/001628,True
434,"1,28E+73",jpr_dados,M,18.0,GE MEDICAL SYSTEMS,213.0,1.25,0.523438,1.25,1.0,-1024.0,True,,,,/home/neuro-source/main_source/datasets/sprap_2024_03/id_spr00434/id_spr00434_master_image.nii.gz,Normal,,,,,,,,D:/Backup/Mestrado/dados/JPR/dataset_jpr_train/dataset_jpr_train/3/000434,True
2054,"1,28E+73",jpr_dados,M,27.0,TOSHIBA,213.0,1.0,0.43,0.8000000000000002,1.0,0.0,True,,,,/home/neuro-source/main_source/datasets/sprap_2024_03/id_spr02054/id_spr02054_master_image.nii.gz,Normal,,,,,,,,D:/Backup/Mestrado/dados/JPR/dataset_jpr_train/dataset_jpr_train/2/002054,True
1128,"1,28E+73",jpr_dados,F,31.0,Canon Medical Systems,226.0,2.0,0.517,1.0,1.0,0.0,True,,,,/home/neuro-source/main_source/datasets/sprap_2024_03/id_spr01128/id_spr01128_master_image.nii.gz,Normal,,,,,,,,D:/Backup/Mestrado/dados/JPR/dataset_jpr_train/dataset_jpr_train/3/001128,True
1436,"1,28E+73",jpr_dados,F,46.0,Philips,241.0,1.5,0.441406,0.75,1.0,-1024.0,True,,,,/home/neuro-source/main_source/datasets/sprap_2024_03/id_spr01436/id_spr01436_master_image.nii.gz,Normal,,,,,,,,D:/Backup/Mestrado/dados/JPR/dataset_jpr_train/dataset_jpr_train/2/001436,True
2051,"1,28E+73",jpr_dados,M,31.0,TOSHIBA,232.0,1.0,0.505,0.8,1.0,0.0,True,,,,/home/neuro-source/main_source/datasets/sprap_2024_03/id_spr02051/id_spr02051_master_image.nii.gz,Normal,,,,,,,,D:/Backup/Mestrado/dados/JPR/dataset_jpr_train/dataset_jpr_train/2/002051,True
2464,"1,28E+73",jpr_dados,M,44.0,GE MEDICAL SYSTEMS,626.0,1.25,0.488281011581,0.019,1.0,-1024.0,True,,,,/home/neuro-source/main_source/datasets/sprap_2024_03/id_spr02464/id_spr02464_master_image.nii.gz,Normal,,,,,,,,D:/Backup/Mestrado/dados/JPR/dataset_jpr_train/dataset_jpr_train/1/002464,True
2043,"1,28E+73",jpr_dados,F,50.0,GE MEDICAL SYSTEMS,221.0,0.625,0.365234,0.625,1.0,-1024.0,True,,,,/home/neuro-source/main_source/datasets/sprap_2024_03/id_spr02043/id_spr02043_master_image.nii.gz,Normal,,,,,,,,D:/Backup/Mestrado/dados/JPR/dataset_jpr_train/dataset_jpr_train/2/002043,True
1823,"1,28E+73",jpr_dados,F,57.0,TOSHIBA,207.0,1.0,0.413,0.8,1.0,0.0,True,,,,/home/neuro-source/main_source/datasets/sprap_2024_03/id_spr01823/id_spr01823_master_image.nii.gz,Normal,,,,,,,,D:/Backup/Mestrado/dados/JPR/dataset_jpr_train/dataset_jpr_train/2/001823,True
1626,"1,28E+73",jpr_dados,F,36.0,TOSHIBA,207.0,1.0,0.388,0.8,1.0,0.0,True,,,,/home/neuro-source/main_source/datasets/sprap_2024_03/id_spr01626/id_spr01626_master_image.nii.gz,Normal,,,,,,,,D:/Backup/Mestrado/dados/JPR/dataset_jpr_train/dataset_jpr_train/2/001626,True
2432,"1,28E+72",jpr_dados,M,56.0,TOSHIBA,226.0,1.0,0.430000007153,0.8,1.0,0.0,True,,,,/home/neuro-source/main_source/datasets/sprap_2024_03/id_spr02432/id_spr02432_master_image.nii.gz,Normal,,,,,,,,D:/Backup/Mestrado/dados/JPR/dataset_jpr_train/dataset_jpr_train/1/002432,True
2195,"1,28E+73",jpr_dados,F,31.0,SIEMENS,252.0,1.0,0.46875,0.7000000000000002,1.0,-1024.0,True,,,,/home/neuro-source/main_source/datasets/sprap_2024_03/id_spr02195/id_spr02195_master_image.nii.gz,Normal,,,,,,,,D:/Backup/Mestrado/dados/JPR/dataset_jpr_train/dataset_jpr_train/2/002195,True
2008,"1,28E+73",jpr_dados,M,56.0,TOSHIBA,251.0,1.0,0.553,0.8,1.0,0.0,True,,,,/home/neuro-source/main_source/datasets/sprap_2024_03/id_spr02008/id_spr02008_master_image.nii.gz,Normal,,,,,,,,D:/Backup/Mestrado/dados/JPR/dataset_jpr_train/dataset_jpr_train/2/002008,True
2423,"1,28E+73",jpr_dados,M,39.0,GE MEDICAL SYSTEMS,269.0,1.25,0.41210898757,0.625,1.0,-1024.0,True,,,,/home/neuro-source/main_source/datasets/sprap_2024_03/id_spr02423/id_spr02423_master_image.nii.gz,Normal,,,,,,,,D:/Backup/Mestrado/dados/JPR/dataset_jpr_train/dataset_jpr_train/1/002423,True
2382,"1,28E+73",jpr_dados,F,53.0,GE MEDICAL SYSTEMS,305.0,1.25,0.460938006639,0.625,1.0,-1024.0,True,,,,/home/neuro-source/main_source/datasets/sprap_2024_03/id_spr02382/id_spr02382_master_image.nii.gz,Normal,,,,,,,,D:/Backup/Mestrado/dados/JPR/dataset_jpr_train/dataset_jpr_train/1/002382,True
2142,"1,28E+73",jpr_dados,F,37.0,SIEMENS,216.0,0.75,0.388671875,0.7,1.0,-1024.0,True,,,,/home/neuro-source/main_source/datasets/sprap_2024_03/id_spr02142/id_spr02142_master_image.nii.gz,Normal,,,,,,,,D:/Backup/Mestrado/dados/JPR/dataset_jpr_train/dataset_jpr_train/2/002142,True
2596,"1,28E+73",jpr_dados,F,64.0,GE MEDICAL SYSTEMS,278.0,2.5,0.439453005791,0.1444043321299639,1.0,-1024.0,True,,,,/home/neuro-source/main_source/datasets/sprap_2024_03/id_spr02596/id_spr02596_master_image.nii.gz,Normal,,,,,,,,D:/Backup/Mestrado/dados/JPR/dataset_jpr_train/dataset_jpr_train/1/002596,True
596,"1,28E+73",jpr_dados,M,33.0,Canon Medical Systems,226.0,2.0,0.581,1.0,1.0,0.0,True,,,,/home/neuro-source/main_source/datasets/sprap_2024_03/id_spr00596/id_spr00596_master_image.nii.gz,Normal,,,,,,,,D:/Backup/Mestrado/dados/JPR/dataset_jpr_train/dataset_jpr_train/3/000596,True
1923,"1,28E+73",jpr_dados,M,32.0,Philips,279.0,1.5,0.488281,0.75,1.0,-1024.0,True,,,,/home/neuro-source/main_source/datasets/sprap_2024_03/id_spr01923/id_spr01923_master_image.nii.gz,Normal,,,,,,,,D:/Backup/Mestrado/dados/JPR/dataset_jpr_train/dataset_jpr_train/2/001923,True
822,"1,28E+73",jpr_dados,F,41.0,Canon Medical Systems,206.0,2.0,0.5,1.0,1.0,0.0,True,,,,/home/neuro-source/main_source/datasets/sprap_2024_03/id_spr00822/id_spr00822_master_image.nii.gz,Normal,,,,,,,,D:/Backup/Mestrado/dados/JPR/dataset_jpr_train/dataset_jpr_train/3/000822,True
712,"1,28E+73",jpr_dados,M,37.0,Canon Medical Systems,211.0,1.0,0.598,1.0,1.0,0.0,True,,,,/home/neuro-source/main_source/datasets/sprap_2024_03/id_spr00712/id_spr00712_master_image.nii.gz,Normal,,,,,,,,D:/Backup/Mestrado/dados/JPR/dataset_jpr_train/dataset_jpr_train/3/000712,True
1815,"1,28E+73",jpr_dados,M,43.0,GE MEDICAL SYSTEMS,495.0,0.625,0.560547,0.625,1.0,-1024.0,True,,,,/home/neuro-source/main_source/datasets/sprap_2024_03/id_spr01815/id_spr01815_master_image.nii.gz,Normal,,,,,,,,D:/Backup/Mestrado/dados/JPR/dataset_jpr_train/dataset_jpr_train/2/001815,True
1931,"1,28E+73",jpr_dados,M,21.0,TOSHIBA,201.0,2.0,0.449,1.0,1.0,0.0,True,,,,/home/neuro-source/main_source/datasets/sprap_2024_03/id_spr01931/id_spr01931_master_image.nii.gz,Normal,,,,,,,,D:/Backup/Mestrado/dados/JPR/dataset_jpr_train/dataset_jpr_train/2/001931,True
1908,"1,28E+73",jpr_dados,M,63.0,TOSHIBA,244.0,1.0,0.461,0.8,1.0,0.0,True,,,,/home/neuro-source/main_source/datasets/sprap_2024_03/id_spr01908/id_spr01908_master_image.nii.gz,Normal,,,,,,,,D:/Backup/Mestrado/dados/JPR/dataset_jpr_train/dataset_jpr_train/2/001908,True
2429,"1,28E+73",jpr_dados,M,54.0,GE MEDICAL SYSTEMS,293.0,1.25,0.488281011581,0.625,1.0,-1024.0,True,,,,/home/neuro-source/main_source/datasets/sprap_2024_03/id_spr02429/id_spr02429_master_image.nii.gz,Normal,,,,,,,,D:/Backup/Mestrado/dados/JPR/dataset_jpr_train/dataset_jpr_train/1/002429,True
2334,"1,28E+73",jpr_dados,F,33.0,TOSHIBA,213.0,1.0,0.449,0.8000000000000002,1.0,0.0,True,,,,/home/neuro-source/main_source/datasets/sprap_2024_03/id_spr02334/id_spr02334_master_image.nii.gz,Normal,,,,,,,,D:/Backup/Mestrado/dados/JPR/dataset_jpr_train/dataset_jpr_train/2/002334,True
2500,"1,28E+72",jpr_dados,F,44.0,GE MEDICAL SYSTEMS,285.0,1.25,0.441406011581,0.625,1.0,-1024.0,True,,,,/home/neuro-source/main_source/datasets/sprap_2024_03/id_spr02500/id_spr02500_master_image.nii.gz,Normal,,,,,,,,D:/Backup/Mestrado/dados/JPR/dataset_jpr_train/dataset_jpr_train/1/002500,True
2642,"1,28E+73",jpr_dados,F,46.0,GE MEDICAL SYSTEMS,278.0,2.5,0.392578005791,0.0270758122743682,1.0,-1024.0,True,,,,/home/neuro-source/main_source/datasets/sprap_2024_03/id_spr02642/id_spr02642_master_image.nii.gz,Normal,,,,,,,,D:/Backup/Mestrado/dados/JPR/dataset_jpr_train/dataset_jpr_train/1/002642,True
1414,"1,28E+73",jpr_dados,F,45.0,TOSHIBA,226.0,1.0,0.404,0.8,1.0,0.0,True,,,,/home/neuro-source/main_source/datasets/sprap_2024_03/id_spr01414/id_spr01414_master_image.nii.gz,Normal,,,,,,,,D:/Backup/Mestrado/dados/JPR/dataset_jpr_train/dataset_jpr_train/2/001414,True
1688,"1,28E+73",jpr_dados,M,24.0,TOSHIBA,226.0,1.0,0.466,0.8,1.0,0.0,True,,,,/home/neuro-source/main_source/datasets/sprap_2024_03/id_spr01688/id_spr01688_master_image.nii.gz,Normal,,,,,,,,D:/Backup/Mestrado/dados/JPR/dataset_jpr_train/dataset_jpr_train/2/001688,True
1870,"1,28E+73",jpr_dados,F,33.0,TOSHIBA,232.0,1.0,0.429,0.8,1.0,0.0,True,,,,/home/neuro-source/main_source/datasets/sprap_2024_03/id_spr01870/id_spr01870_master_image.nii.gz,Normal,,,,,,,,D:/Backup/Mestrado/dados/JPR/dataset_jpr_train/dataset_jpr_train/2/001870,True
2539,"1,28E+73",jpr_dados,M,60.0,GE MEDICAL SYSTEMS,281.0,1.25,0.488281011581,0.625,1.0,-1024.0,True,,,,/home/neuro-source/main_source/datasets/sprap_2024_03/id_spr02539/id_spr02539_master_image.nii.gz,Normal,,,,,,,,D:/Backup/Mestrado/dados/JPR/dataset_jpr_train/dataset_jpr_train/1/002539,True
1329,"1,28E+73",jpr_dados,F,37.0,Philips,231.0,1.5,0.439453,0.75,1.0,-1024.0,True,,,,/home/neuro-source/main_source/datasets/sprap_2024_03/id_spr01329/id_spr01329_master_image.nii.gz,Normal,,,,,,,,D:/Backup/Mestrado/dados/JPR/dataset_jpr_train/dataset_jpr_train/2/001329,True
2499,"1,28E+73",jpr_dados,F,48.0,GE MEDICAL SYSTEMS,309.0,1.25,0.44335898757,0.625,1.0,-1024.0,True,,,,/home/neuro-source/main_source/datasets/sprap_2024_03/id_spr02499/id_spr02499_master_image.nii.gz,Normal,,,,,,,,D:/Backup/Mestrado/dados/JPR/dataset_jpr_train/dataset_jpr_train/1/002499,True
1189,"1,28E+73",jpr_dados,F,30.0,Philips,241.0,1.5,0.48828125,0.75,1.0,-1024.0,True,,,,/home/neuro-source/main_source/datasets/sprap_2024_03/id_spr01189/id_spr01189_master_image.nii.gz,Normal,,,,,,,,D:/Backup/Mestrado/dados/JPR/dataset_jpr_train/dataset_jpr_train/3/001189,True
2187,"1,28E+73",jpr_dados,F,48.0,SIEMENS,247.0,1.0,0.4453125,0.7000000000000002,1.0,-1024.0,True,,,,/home/neuro-source/main_source/datasets/sprap_2024_03/id_spr02187/id_spr02187_master_image.nii.gz,Normal,,,,,,,,D:/Backup/Mestrado/dados/JPR/dataset_jpr_train/dataset_jpr_train/2/002187,True
2410,"1,28E+73",jpr_dados,F,77.0,GE MEDICAL SYSTEMS,297.0,2.5,0.455078005791,0.625,1.0,-1024.0,True,,,,/home/neuro-source/main_source/datasets/sprap_2024_03/id_spr02410/id_spr02410_master_image.nii.gz,Normal,,,,,,,,D:/Backup/Mestrado/dados/JPR/dataset_jpr_train/dataset_jpr_train/1/002410,True
1610,"1,28E+73",jpr_dados,F,36.0,Philips,273.0,1.5,0.417969,0.75,1.0,-1024.0,True,,,,/home/neuro-source/main_source/datasets/sprap_2024_03/id_spr01610/id_spr01610_master_image.nii.gz,Normal,,,,,,,,D:/Backup/Mestrado/dados/JPR/dataset_jpr_train/dataset_jpr_train/2/001610,True
458,"1,28E+73",jpr_dados,F,29.0,Canon Medical Systems,221.0,2.0,0.503,1.0,1.0,0.0,True,,,,/home/neuro-source/main_source/datasets/sprap_2024_03/id_spr00458/id_spr00458_master_image.nii.gz,Normal,,,,,,,,D:/Backup/Mestrado/dados/JPR/dataset_jpr_train/dataset_jpr_train/3/000458,True
2470,"1,28E+73",jpr_dados,F,75.0,GE MEDICAL SYSTEMS,297.0,1.25,0.445311993361,0.625,1.0,-1024.0,True,,,,/home/neuro-source/main_source/datasets/sprap_2024_03/id_spr02470/id_spr02470_master_image.nii.gz,Normal,,,,,,,,D:/Backup/Mestrado/dados/JPR/dataset_jpr_train/dataset_jpr_train/1/002470,True
1197,"1,28E+73",jpr_dados,F,23.0,Philips,226.0,1.5,0.423828125,0.7500000017777778,1.0,-1024.0,True,,,,/home/neuro-source/main_source/datasets/sprap_2024_03/id_spr01197/id_spr01197_master_image.nii.gz,Normal,,,,,,,,D:/Backup/Mestrado/dados/JPR/dataset_jpr_train/dataset_jpr_train/3/001197,True
1497,"1,28E+73",jpr_dados,F,23.0,TOSHIBA,226.0,1.0,0.449,0.8,1.0,0.0,True,,,,/home/neuro-source/main_source/datasets/sprap_2024_03/id_spr01497/id_spr01497_master_image.nii.gz,Normal,,,,,,,,D:/Backup/Mestrado/dados/JPR/dataset_jpr_train/dataset_jpr_train/2/001497,True
2403,"1,28E+73",jpr_dados,F,37.0,GE MEDICAL SYSTEMS,265.0,1.25,0.421875,0.625,1.0,-1024.0,True,,,,/home/neuro-source/main_source/datasets/sprap_2024_03/id_spr02403/id_spr02403_master_image.nii.gz,Normal,,,,,,,,D:/Backup/Mestrado/dados/JPR/dataset_jpr_train/dataset_jpr_train/1/002403,True
1924,"1,28E+73",jpr_dados,F,41.0,SIEMENS,251.0,1.0,0.42578125,0.7,1.0,-1024.0,True,,,,/home/neuro-source/main_source/datasets/sprap_2024_03/id_spr01924/id_spr01924_master_image.nii.gz,Normal,,,,,,,,D:/Backup/Mestrado/dados/JPR/dataset_jpr_train/dataset_jpr_train/2/001924,True
1915,"1,28E+73",jpr_dados,F,58.0,Philips,240.0,1.5,0.451172,0.7500001255230128,1.0,-1024.0,True,,,,/home/neuro-source/main_source/datasets/sprap_2024_03/id_spr01915/id_spr01915_master_image.nii.gz,Normal,,,,,,,,D:/Backup/Mestrado/dados/JPR/dataset_jpr_train/dataset_jpr_train/2/001915,True
1717,"1,28E+73",jpr_dados,M,43.0,SIEMENS,274.0,1.0,0.4921875,0.6999999999999996,1.0,-1024.0,True,,,,/home/neuro-source/main_source/datasets/sprap_2024_03/id_spr01717/id_spr01717_master_image.nii.gz,Normal,,,,,,,,D:/Backup/Mestrado/dados/JPR/dataset_jpr_train/dataset_jpr_train/2/001717,True
2474,"1,28E+73",jpr_dados,F,60.0,GE MEDICAL SYSTEMS,277.0,1.25,0.423828005791,0.625,1.0,-1024.0,True,,,,/home/neuro-source/main_source/datasets/sprap_2024_03/id_spr02474/id_spr02474_master_image.nii.gz,Normal,,,,,,,,D:/Backup/Mestrado/dados/JPR/dataset_jpr_train/dataset_jpr_train/1/002474,True
2147,"1,28E+73",jpr_dados,F,21.0,SIEMENS,261.0,0.75,0.421875,0.7,1.0,-1024.0,True,,,,/home/neuro-source/main_source/datasets/sprap_2024_03/id_spr02147/id_spr02147_master_image.nii.gz,Normal,,,,,,,,D:/Backup/Mestrado/dados/JPR/dataset_jpr_train/dataset_jpr_train/2/002147,True
2105,"1,28E+73",jpr_dados,F,18.0,Philips,225.0,1.5,0.443359,0.7500043616071428,1.0,-1024.0,True,,,,/home/neuro-source/main_source/datasets/sprap_2024_03/id_spr02105/id_spr02105_master_image.nii.gz,Normal,,,,,,,,D:/Backup/Mestrado/dados/JPR/dataset_jpr_train/dataset_jpr_train/2/002105,True
1816,"1,28E+73",jpr_dados,M,55.0,TOSHIBA,226.0,1.0,0.448,0.8,1.0,0.0,True,,,,/home/neuro-source/main_source/datasets/sprap_2024_03/id_spr01816/id_spr01816_master_image.nii.gz,Normal,,,,,,,,D:/Backup/Mestrado/dados/JPR/dataset_jpr_train/dataset_jpr_train/2/001816,True
915,"1,28E+72",jpr_dados,F,25.0,Canon Medical Systems,211.0,2.0,0.49,1.0,1.0,0.0,True,,,,/home/neuro-source/main_source/datasets/sprap_2024_03/id_spr00915/id_spr00915_master_image.nii.gz,Normal,,,,,,,,D:/Backup/Mestrado/dados/JPR/dataset_jpr_train/dataset_jpr_train/3/000915,True
2383,"1,28E+73",jpr_dados,F,35.0,GE MEDICAL SYSTEMS,293.0,1.25,0.449218988419,0.625,1.0,-1024.0,True,,,,/home/neuro-source/main_source/datasets/sprap_2024_03/id_spr02383/id_spr02383_master_image.nii.gz,Normal,,,,,,,,D:/Backup/Mestrado/dados/JPR/dataset_jpr_train/dataset_jpr_train/1/002383,True
397,"1,28E+73",jpr_dados,M,22.0,Canon Medical Systems,226.0,2.0,0.481,1.0,1.0,0.0,True,,,,/home/neuro-source/main_source/datasets/sprap_2024_03/id_spr00397/id_spr00397_master_image.nii.gz,Normal,,,,,,,,D:/Backup/Mestrado/dados/JPR/dataset_jpr_train/dataset_jpr_train/3/000397,True
1623,"1,28E+73",jpr_dados,M,34.0,TOSHIBA,226.0,1.0,0.417,0.8,1.0,0.0,True,,,,/home/neuro-source/main_source/datasets/sprap_2024_03/id_spr01623/id_spr01623_master_image.nii.gz,Normal,,,,,,,,D:/Backup/Mestrado/dados/JPR/dataset_jpr_train/dataset_jpr_train/2/001623,True
49,,physionet,Male,35.0,,,,,,,,False,,,,/home/validacao-retrospectiva-neuro-new/physionet_scans/ct_scans/049.nii,Intraparenchymal/Epidural/Fracture,,,,512.0,512.0,39.0,,D:/Backup/Mestrado/dados/Physionet/physionet_scans/ct_scans/049.nii,True
50,,physionet,Female,0.583,,,,,,,,False,,,,/home/validacao-retrospectiva-neuro-new/physionet_scans/ct_scans/050.nii,Intraparenchymal/Fracture,,,,512.0,512.0,32.0,,D:/Backup/Mestrado/dados/Physionet/physionet_scans/ct_scans/050.nii,True
51,,physionet,Male,5.0,,,,,,,,False,,,,/home/validacao-retrospectiva-neuro-new/physionet_scans/ct_scans/051.nii,Intraparenchymal/Subdural/Fracture,,,,512.0,512.0,46.0,,D:/Backup/Mestrado/dados/Physionet/physionet_scans/ct_scans/051.nii,True
52,,physionet,Male,8.0,,,,,,,,False,,,,/home/validacao-retrospectiva-neuro-new/physionet_scans/ct_scans/052.nii,Epidural/Fracture,,,,512.0,512.0,35.0,,D:/Backup/Mestrado/dados/Physionet/physionet_scans/ct_scans/052.nii,True
53,,physionet,Male,44.0,,,,,,,,False,,,,/home/validacao-retrospectiva-neuro-new/physionet_scans/ct_scans/053.nii,Intraparenchymal/Epidural/Fracture,,,,512.0,512.0,35.0,,D:/Backup/Mestrado/dados/Physionet/physionet_scans/ct_scans/053.nii,True
54,,physionet,Female,60.0,,,,,,,,True,,,,/home/validacao-retrospectiva-neuro-new/physionet_scans/ct_scans/054.nii,Normal,,,,512.0,512.0,33.0,,D:/Backup/Mestrado/dados/Physionet/physionet_scans/ct_scans/054.nii,True
55,,physionet,Female,21.0,,,,,,,,True,,,,/home/validacao-retrospectiva-neuro-new/physionet_scans/ct_scans/055.nii,Normal,,,,512.0,512.0,56.0,,D:/Backup/Mestrado/dados/Physionet/physionet_scans/ct_scans/055.nii,True
56,,physionet,Female,58.0,,,,,,,,True,,,,/home/validacao-retrospectiva-neuro-new/physionet_scans/ct_scans/056.nii,Normal,,,,512.0,512.0,40.0,,D:/Backup/Mestrado/dados/Physionet/physionet_scans/ct_scans/056.nii,True
57,,physionet,Male,26.0,,,,,,,,True,,,,/home/validacao-retrospectiva-neuro-new/physionet_scans/ct_scans/057.nii,Normal,,,,512.0,512.0,43.0,,D:/Backup/Mestrado/dados/Physionet/physionet_scans/ct_scans/057.nii,True
58,,physionet,Male,44.0,,,,,,,,False,,,,/home/validacao-retrospectiva-neuro-new/physionet_scans/ct_scans/058.nii,Intraparenchymal,,,,512.0,512.0,38.0,,D:/Backup/Mestrado/dados/Physionet/physionet_scans/ct_scans/058.nii,True
66,,physionet,Male,0.6,,,,,,,,False,,,,/home/validacao-retrospectiva-neuro-new/physionet_scans/ct_scans/066.nii,Epidural,,,,512.0,512.0,34.0,,D:/Backup/Mestrado/dados/Physionet/physionet_scans/ct_scans/066.nii,True
67,,physionet,Male,2.0,,,,,,,,False,,,,/home/validacao-retrospectiva-neuro-new/physionet_scans/ct_scans/067.nii,Epidural/Fracture,,,,512.0,512.0,31.0,,D:/Backup/Mestrado/dados/Physionet/physionet_scans/ct_scans/067.nii,True
68,,physionet,Male,8.0,,,,,,,,False,,,,/home/validacao-retrospectiva-neuro-new/physionet_scans/ct_scans/068.nii,Epidural/Fracture,,,,512.0,512.0,32.0,,D:/Backup/Mestrado/dados/Physionet/physionet_scans/ct_scans/068.nii,True
69,,physionet,Male,36.0,,,,,,,,False,,,,/home/validacao-retrospectiva-neuro-new/physionet_scans/ct_scans/069.nii,Intraparenchymal/Fracture,,,,512.0,512.0,40.0,,D:/Backup/Mestrado/dados/Physionet/physionet_scans/ct_scans/069.nii,True
70,,physionet,Male,5.0,,,,,,,,False,,,,/home/validacao-retrospectiva-neuro-new/physionet_scans/ct_scans/070.nii,Epidural,,,,512.0,512.0,39.0,,D:/Backup/Mestrado/dados/Physionet/physionet_scans/ct_scans/070.nii,True
71,,physionet,Female,72.0,,,,,,,,False,,,,/home/validacao-retrospectiva-neuro-new/physionet_scans/ct_scans/071.nii,Intraparenchymal/Subdural,,,,512.0,512.0,34.0,,D:/Backup/Mestrado/dados/Physionet/physionet_scans/ct_scans/071.nii,True
72,,physionet,Male,42.0,,,,,,,,False,,,,/home/validacao-retrospectiva-neuro-new/physionet_scans/ct_scans/072.nii,Intraparenchymal,,,,512.0,512.0,33.0,,D:/Backup/Mestrado/dados/Physionet/physionet_scans/ct_scans/072.nii,True
73,,physionet,Male,5.0,,,,,,,,False,,,,/home/validacao-retrospectiva-neuro-new/physionet_scans/ct_scans/073.nii,Epidural,,,,512.0,512.0,37.0,,D:/Backup/Mestrado/dados/Physionet/physionet_scans/ct_scans/073.nii,True
74,,physionet,Male,18.0,,,,,,,,False,,,,/home/validacao-retrospectiva-neuro-new/physionet_scans/ct_scans/074.nii,Epidural/Subdural/Fracture,,,,512.0,512.0,39.0,,D:/Backup/Mestrado/dados/Physionet/physionet_scans/ct_scans/074.nii,True
75,,physionet,Male,3.0,,,,,,,,False,,,,/home/validacao-retrospectiva-neuro-new/physionet_scans/ct_scans/075.nii,Epidural,,,,512.0,512.0,36.0,,D:/Backup/Mestrado/dados/Physionet/physionet_scans/ct_scans/075.nii,True
76,,physionet,Male,40.0,,,,,,,,False,,,,/home/validacao-retrospectiva-neuro-new/physionet_scans/ct_scans/076.nii,Intraparenchymal/Subarachnoid/Fracture,,,,512.0,512.0,51.0,,D:/Backup/Mestrado/dados/Physionet/physionet_scans/ct_scans/076.nii,True
77,,physionet,Male,33.0,,,,,,,,False,,,,/home/validacao-retrospectiva-neuro-new/physionet_scans/ct_scans/077.nii,Epidural/Fracture,,,,512.0,512.0,35.0,,D:/Backup/Mestrado/dados/Physionet/physionet_scans/ct_scans/077.nii,True
78,,physionet,Male,33.0,,,,,,,,False,,,,/home/validacao-retrospectiva-neuro-new/physionet_scans/ct_scans/078.nii,Epidural/Fracture,,,,512.0,512.0,36.0,,D:/Backup/Mestrado/dados/Physionet/physionet_scans/ct_scans/078.nii,True
79,,physionet,Male,2.0,,,,,,,,False,,,,/home/validacao-retrospectiva-neuro-new/physionet_scans/ct_scans/079.nii,Intraparenchymal,,,,512.0,512.0,40.0,,D:/Backup/Mestrado/dados/Physionet/physionet_scans/ct_scans/079.nii,True
80,,physionet,Male,60.0,,,,,,,,False,,,,/home/validacao-retrospectiva-neuro-new/physionet_scans/ct_scans/080.nii,Intraventricular /Intraparenchymal/Subarachnoid,,,,512.0,512.0,33.0,,D:/Backup/Mestrado/dados/Physionet/physionet_scans/ct_scans/080.nii,True
81,,physionet,Male,17.0,,,,,,,,False,,,,/home/validacao-retrospectiva-neuro-new/physionet_scans/ct_scans/081.nii,Subdural/Fracture,,,,512.0,512.0,56.0,,D:/Backup/Mestrado/dados/Physionet/physionet_scans/ct_scans/081.nii,True
82,,physionet,Male,49.0,,,,,,,,False,,,,/home/validacao-retrospectiva-neuro-new/physionet_scans/ct_scans/082.nii,Subarachnoid/Fracture,,,,512.0,512.0,34.0,,D:/Backup/Mestrado/dados/Physionet/physionet_scans/ct_scans/082.nii,True
83,,physionet,Male,30.0,,,,,,,,False,,,,/home/validacao-retrospectiva-neuro-new/physionet_scans/ct_scans/083.nii,Epidural/Fracture,,,,512.0,512.0,37.0,,D:/Backup/Mestrado/dados/Physionet/physionet_scans/ct_scans/083.nii,True
84,,physionet,Male,18.0,,,,,,,,False,,,,/home/validacao-retrospectiva-neuro-new/physionet_scans/ct_scans/084.nii,Intraparenchymal/Subarachnoid,,,,512.0,512.0,52.0,,D:/Backup/Mestrado/dados/Physionet/physionet_scans/ct_scans/084.nii,True
85,,physionet,Male,0.002,,,,,,,,False,,,,/home/validacao-retrospectiva-neuro-new/physionet_scans/ct_scans/085.nii,Intraventricular ,,,,512.0,512.0,34.0,,D:/Backup/Mestrado/dados/Physionet/physionet_scans/ct_scans/085.nii,True
86,,physionet,Female,4.0,,,,,,,,False,,,,/home/validacao-retrospectiva-neuro-new/physionet_scans/ct_scans/086.nii,Epidural,,,,512.0,512.0,37.0,,D:/Backup/Mestrado/dados/Physionet/physionet_scans/ct_scans/086.nii,True
87,,physionet,Female,3.0,,,,,,,,False,,,,/home/validacao-retrospectiva-neuro-new/physionet_scans/ct_scans/087.nii,Epidural/Fracture,,,,512.0,512.0,32.0,,D:/Backup/Mestrado/dados/Physionet/physionet_scans/ct_scans/087.nii,True
88,,physionet,Male,22.0,,,,,,,,False,,,,/home/validacao-retrospectiva-neuro-new/physionet_scans/ct_scans/088.nii,Epidural/Fracture,,,,512.0,512.0,34.0,,D:/Backup/Mestrado/dados/Physionet/physionet_scans/ct_scans/088.nii,True
89,,physionet,Male,16.0,,,,,,,,False,,,,/home/validacao-retrospectiva-neuro-new/physionet_scans/ct_scans/089.nii,Epidural,,,,512.0,512.0,42.0,,D:/Backup/Mestrado/dados/Physionet/physionet_scans/ct_scans/089.nii,True
90,,physionet,Male,6.0,,,,,,,,False,,,,/home/validacao-retrospectiva-neuro-new/physionet_scans/ct_scans/090.nii,Epidural,,,,512.0,512.0,33.0,,D:/Backup/Mestrado/dados/Physionet/physionet_scans/ct_scans/090.nii,True
91,,physionet,Female,57.0,,,,,,,,False,,,,/home/validacao-retrospectiva-neuro-new/physionet_scans/ct_scans/091.nii,Intraventricular /Intraparenchymal,,,,512.0,512.0,37.0,,D:/Backup/Mestrado/dados/Physionet/physionet_scans/ct_scans/091.nii,True
92,,physionet,Male,70.0,,,,,,,,False,,,,/home/validacao-retrospectiva-neuro-new/physionet_scans/ct_scans/092.nii,Intraventricular /Intraparenchymal/Subarachnoid/Epidural/Fracture,,,,512.0,512.0,37.0,,D:/Backup/Mestrado/dados/Physionet/physionet_scans/ct_scans/092.nii,True
93,,physionet,Male,21.0,,,,,,,,False,,,,/home/validacao-retrospectiva-neuro-new/physionet_scans/ct_scans/093.nii,Subarachnoid/Epidural/Fracture,,,,512.0,512.0,38.0,,D:/Backup/Mestrado/dados/Physionet/physionet_scans/ct_scans/093.nii,True
94,,physionet,Male,16.0,,,,,,,,False,,,,/home/validacao-retrospectiva-neuro-new/physionet_scans/ct_scans/094.nii,Intraventricular /Intraparenchymal/Subarachnoid/Fracture,,,,512.0,512.0,47.0,,D:/Backup/Mestrado/dados/Physionet/physionet_scans/ct_scans/094.nii,True
95,,physionet,Female,11.0,,,,,,,,False,,,,/home/validacao-retrospectiva-neuro-new/physionet_scans/ct_scans/095.nii,Fracture,,,,512.0,512.0,37.0,,D:/Backup/Mestrado/dados/Physionet/physionet_scans/ct_scans/095.nii,True
96,,physionet,Male,41.0,,,,,,,,True,,,,/home/validacao-retrospectiva-neuro-new/physionet_scans/ct_scans/096.nii,Normal,,,,512.0,512.0,37.0,,D:/Backup/Mestrado/dados/Physionet/physionet_scans/ct_scans/096.nii,True
97,,physionet,Male,33.0,,,,,,,,False,,,,/home/validacao-retrospectiva-neuro-new/physionet_scans/ct_scans/097.nii,Intraparenchymal/Epidural/Fracture,,,,512.0,512.0,33.0,,D:/Backup/Mestrado/dados/Physionet/physionet_scans/ct_scans/097.nii,True
98,,physionet,Male,35.0,,,,,,,,True,,,,/home/validacao-retrospectiva-neuro-new/physionet_scans/ct_scans/098.nii,Normal,,,,512.0,512.0,48.0,,D:/Backup/Mestrado/dados/Physionet/physionet_scans/ct_scans/098.nii,True
99,,physionet,Male,18.0,,,,,,,,True,,,,/home/validacao-retrospectiva-neuro-new/physionet_scans/ct_scans/099.nii,Normal,,,,512.0,512.0,33.0,,D:/Backup/Mestrado/dados/Physionet/physionet_scans/ct_scans/099.nii,True
100,,physionet,Female,18.0,,,,,,,,True,,,,/home/validacao-retrospectiva-neuro-new/physionet_scans/ct_scans/100.nii,Normal,,,,512.0,512.0,34.0,,D:/Backup/Mestrado/dados/Physionet/physionet_scans/ct_scans/100.nii,True
101,,physionet,Female,19.0,,,,,,,,True,,,,/home/validacao-retrospectiva-neuro-new/physionet_scans/ct_scans/101.nii,Normal,,,,512.0,512.0,35.0,,D:/Backup/Mestrado/dados/Physionet/physionet_scans/ct_scans/101.nii,True
102,,physionet,Female,40.0,,,,,,,,True,,,,/home/validacao-retrospectiva-neuro-new/physionet_scans/ct_scans/102.nii,Normal,,,,512.0,512.0,37.0,,D:/Backup/Mestrado/dados/Physionet/physionet_scans/ct_scans/102.nii,True
103,,physionet,Female,58.0,,,,,,,,True,,,,/home/validacao-retrospectiva-neuro-new/physionet_scans/ct_scans/103.nii,Normal,,,,512.0,512.0,40.0,,D:/Backup/Mestrado/dados/Physionet/physionet_scans/ct_scans/103.nii,True
104,,physionet,Female,60.0,,,,,,,,True,,,,/home/validacao-retrospectiva-neuro-new/physionet_scans/ct_scans/104.nii,Normal,,,,512.0,512.0,31.0,,D:/Backup/Mestrado/dados/Physionet/physionet_scans/ct_scans/104.nii,True
105,,physionet,Female,35.0,,,,,,,,True,,,,/home/validacao-retrospectiva-neuro-new/physionet_scans/ct_scans/105.nii,Normal,,,,512.0,512.0,34.0,,D:/Backup/Mestrado/dados/Physionet/physionet_scans/ct_scans/105.nii,True
106,,physionet,Female,12.0,,,,,,,,True,,,,/home/validacao-retrospectiva-neuro-new/physionet_scans/ct_scans/106.nii,Normal,,,,512.0,512.0,36.0,,D:/Backup/Mestrado/dados/Physionet/physionet_scans/ct_scans/106.nii,True
107,,physionet,Female,50.0,,,,,,,,True,,,,/home/validacao-retrospectiva-neuro-new/physionet_scans/ct_scans/107.nii,Normal,,,,512.0,512.0,37.0,,D:/Backup/Mestrado/dados/Physionet/physionet_scans/ct_scans/107.nii,True
108,,physionet,Female,32.0,,,,,,,,True,,,,/home/validacao-retrospectiva-neuro-new/physionet_scans/ct_scans/108.nii,Normal,,,,512.0,512.0,58.0,,D:/Backup/Mestrado/dados/Physionet/physionet_scans/ct_scans/108.nii,True
109,,physionet,Female,42.0,,,,,,,,True,,,,/home/validacao-retrospectiva-neuro-new/physionet_scans/ct_scans/109.nii,Normal,,,,512.0,512.0,33.0,,D:/Backup/Mestrado/dados/Physionet/physionet_scans/ct_scans/109.nii,True
110,,physionet,Female,35.0,,,,,,,,True,,,,/home/validacao-retrospectiva-neuro-new/physionet_scans/ct_scans/110.nii,Normal,,,,512.0,512.0,33.0,,D:/Backup/Mestrado/dados/Physionet/physionet_scans/ct_scans/110.nii,True
111,,physionet,Male,65.0,,,,,,,,True,,,,/home/validacao-retrospectiva-neuro-new/physionet_scans/ct_scans/111.nii,Normal,,,,512.0,512.0,39.0,,D:/Backup/Mestrado/dados/Physionet/physionet_scans/ct_scans/111.nii,True
112,,physionet,Female,2.0,,,,,,,,True,,,,/home/validacao-retrospectiva-neuro-new/physionet_scans/ct_scans/112.nii,Normal,,,,512.0,512.0,38.0,,D:/Backup/Mestrado/dados/Physionet/physionet_scans/ct_scans/112.nii,True
113,,physionet,Female,40.0,,,,,,,,True,,,,/home/validacao-retrospectiva-neuro-new/physionet_scans/ct_scans/113.nii,Normal,,,,512.0,512.0,33.0,,D:/Backup/Mestrado/dados/Physionet/physionet_scans/ct_scans/113.nii,True
114,,physionet,Male,15.0,,,,,,,,True,,,,/home/validacao-retrospectiva-neuro-new/physionet_scans/ct_scans/114.nii,Normal,,,,512.0,512.0,32.0,,D:/Backup/Mestrado/dados/Physionet/physionet_scans/ct_scans/114.nii,True
115,,physionet,Female,31.0,,,,,,,,True,,,,/home/validacao-retrospectiva-neuro-new/physionet_scans/ct_scans/115.nii,Normal,,,,512.0,512.0,38.0,,D:/Backup/Mestrado/dados/Physionet/physionet_scans/ct_scans/115.nii,True
116,,physionet,Male,28.0,,,,,,,,True,,,,/home/validacao-retrospectiva-neuro-new/physionet_scans/ct_scans/116.nii,Normal,,,,512.0,512.0,36.0,,D:/Backup/Mestrado/dados/Physionet/physionet_scans/ct_scans/116.nii,True
117,,physionet,Male,35.0,,,,,,,,True,,,,/home/validacao-retrospectiva-neuro-new/physionet_scans/ct_scans/117.nii,Normal,,,,512.0,512.0,33.0,,D:/Backup/Mestrado/dados/Physionet/physionet_scans/ct_scans/117.nii,True
118,,physionet,Male,26.0,,,,,,,,True,,,,/home/validacao-retrospectiva-neuro-new/physionet_scans/ct_scans/118.nii,Normal,,,,512.0,512.0,35.0,,D:/Backup/Mestrado/dados/Physionet/physionet_scans/ct_scans/118.nii,True
119,,physionet,Male,23.0,,,,,,,,True,,,,/home/validacao-retrospectiva-neuro-new/physionet_scans/ct_scans/119.nii,Normal,,,,512.0,512.0,36.0,,D:/Backup/Mestrado/dados/Physionet/physionet_scans/ct_scans/119.nii,True
120,,physionet,Female,35.0,,,,,,,,True,,,,/home/validacao-retrospectiva-neuro-new/physionet_scans/ct_scans/120.nii,Normal,,,,512.0,512.0,35.0,,D:/Backup/Mestrado/dados/Physionet/physionet_scans/ct_scans/120.nii,True
121,,physionet,Female,50.0,,,,,,,,True,,,,/home/validacao-retrospectiva-neuro-new/physionet_scans/ct_scans/121.nii,Normal,,,,512.0,512.0,35.0,,D:/Backup/Mestrado/dados/Physionet/physionet_scans/ct_scans/121.nii,True
122,,physionet,Female,1.0,,,,,,,,True,,,,/home/validacao-retrospectiva-neuro-new/physionet_scans/ct_scans/122.nii,Normal,,,,512.0,512.0,32.0,,D:/Backup/Mestrado/dados/Physionet/physionet_scans/ct_scans/122.nii,True
123,,physionet,Female,31.0,,,,,,,,True,,,,/home/validacao-retrospectiva-neuro-new/physionet_scans/ct_scans/123.nii,Normal,,,,512.0,512.0,43.0,,D:/Backup/Mestrado/dados/Physionet/physionet_scans/ct_scans/123.nii,True
124,,physionet,Female,26.0,,,,,,,,True,,,,/home/validacao-retrospectiva-neuro-new/physionet_scans/ct_scans/124.nii,Normal,,,,512.0,512.0,37.0,,D:/Backup/Mestrado/dados/Physionet/physionet_scans/ct_scans/124.nii,True
125,,physionet,Female,40.0,,,,,,,,True,,,,/home/validacao-retrospectiva-neuro-new/physionet_scans/ct_scans/125.nii,Normal,,,,512.0,512.0,43.0,,D:/Backup/Mestrado/dados/Physionet/physionet_scans/ct_scans/125.nii,True
126,,physionet,Female,58.0,,,,,,,,True,,,,/home/validacao-retrospectiva-neuro-new/physionet_scans/ct_scans/126.nii,Normal,,,,512.0,512.0,34.0,,D:/Backup/Mestrado/dados/Physionet/physionet_scans/ct_scans/126.nii,True
127,,physionet,Male,5.0,,,,,,,,True,,,,/home/validacao-retrospectiva-neuro-new/physionet_scans/ct_scans/127.nii,Normal,,,,512.0,512.0,36.0,,D:/Backup/Mestrado/dados/Physionet/physionet_scans/ct_scans/127.nii,True
128,,physionet,Female,32.0,,,,,,,,True,,,,/home/validacao-retrospectiva-neuro-new/physionet_scans/ct_scans/128.nii,Normal,,,,512.0,512.0,35.0,,D:/Backup/Mestrado/dados/Physionet/physionet_scans/ct_scans/128.nii,True
129,,physionet,Female,5.0,,,,,,,,True,,,,/home/validacao-retrospectiva-neuro-new/physionet_scans/ct_scans/129.nii,Normal,,,,512.0,512.0,35.0,,D:/Backup/Mestrado/dados/Physionet/physionet_scans/ct_scans/129.nii,True
130,,physionet,Female,24.0,,,,,,,,True,,,,/home/validacao-retrospectiva-neuro-new/physionet_scans/ct_scans/130.nii,Normal,,,,512.0,512.0,36.0,,D:/Backup/Mestrado/dados/Physionet/physionet_scans/ct_scans/130.nii,True
